rank,programme_name,institution,job_title,job_url,hybrid_score,semantic_score,top_skill_gaps
1,Information Systems and Cybersecurity,Vilniaus kolegija / Higher Education Institution,IT SISTEMŲ ADMINISTRATORIŲ (-Ę),https://en.cvbankas.lt/it-sistemu-administratoriu-e-vilniuje/1-13734017,0.3148,0.55,
2,Information Systems and Cybersecurity,Vilniaus kolegija / Higher Education Institution,IT Vadovas (-ė),https://en.cvbankas.lt/it-vadovas-e-kaune/1-13700339,0.2604,0.6098,
3,Information Systems and Cybersecurity,Vilniaus kolegija / Higher Education Institution,IT skyriaus vadovas (-ė),https://en.cvbankas.lt/it-skyriaus-vadovas-e-vilniuje/1-13758531,0.2328,0.6087,
4,Information Systems and Cybersecurity,Vilniaus kolegija / Higher Education Institution,IT INFRASTRUKTŪROS ADMINISTRATORIUS (-Ė),https://en.cvbankas.lt/it-infrastrukturos-administratorius-e-klaipedoje/1-13736439,0.2299,0.5544,troubleshoot; Lithuanian; electronics
5,Information Systems and Cybersecurity,Vilniaus kolegija / Higher Education Institution,IT sistemų testuotojas (-a),https://en.cvbankas.lt/it-sistemu-testuotojas-a-kaune/1-13761915,0.2097,0.5662,
6,Information Systems and Cybersecurity,Vilniaus kolegija / Higher Education Institution,IT administratorius (-ė),https://en.cvbankas.lt/it-administratorius-e-kaune/1-13637509,0.2067,0.5891,
7,Information Systems and Cybersecurity,Vilniaus kolegija / Higher Education Institution,IT Compliance & Process manager,https://en.cvbankas.lt/it-compliance-process-manager-vilniuje/1-13722075,0.1852,0.5578,
8,Information Systems and Cybersecurity,Vilniaus kolegija / Higher Education Institution,KIBERNETINIO SAUGUMO VADOVAS (-Ė),https://en.cvbankas.lt/kibernetinio-saugumo-vadovas-e-kaune/1-13760617,0.1626,0.625,
9,Information Systems and Cybersecurity,Vilniaus kolegija / Higher Education Institution,Cyber Security Specialist,https://en.cvbankas.lt/cyber-security-specialist-vilniuje/1-13680669,0.1623,0.5909,
10,Information Systems and Cybersecurity,Vilniaus kolegija / Higher Education Institution,IT VERSLO ANALITIKAS (-Ė),https://en.cvbankas.lt/it-verslo-analitikas-e-vilniuje/1-13685665,0.1497,0.587,
1,Development and Maintenance of Information Systems,Panevėžio kolegija/State Higher Education Institution,IT Compliance & Process manager,https://en.cvbankas.lt/it-compliance-process-manager-vilniuje/1-13722075,0.2036,0.5038,
2,Development and Maintenance of Information Systems,Panevėžio kolegija/State Higher Education Institution,IT Vadovas (-ė),https://en.cvbankas.lt/it-vadovas-e-kaune/1-13700339,0.2034,0.5188,
3,Development and Maintenance of Information Systems,Panevėžio kolegija/State Higher Education Institution,OSINT Specialistas,https://en.cvbankas.lt/osint-specialistas-vilniuje/1-13474247,0.1959,0.5218,
4,Development and Maintenance of Information Systems,Panevėžio kolegija/State Higher Education Institution,KIBERNETINIO SAUGUMO VADOVAS (-Ė),https://en.cvbankas.lt/kibernetinio-saugumo-vadovas-e-kaune/1-13760617,0.1602,0.5673,
5,Development and Maintenance of Information Systems,Panevėžio kolegija/State Higher Education Institution,IT skyriaus administratorius (-ė),https://en.cvbankas.lt/it-skyriaus-administratorius-e-klaipedoje/1-13740999,0.156,0.5014,
6,Development and Maintenance of Information Systems,Panevėžio kolegija/State Higher Education Institution,IT inžinierius (-ė),https://en.cvbankas.lt/it-inzinierius-e-vilniuje/1-13713495,0.1433,0.4993,
7,Development and Maintenance of Information Systems,Panevėžio kolegija/State Higher Education Institution,IT sistemų administratorius (-ė),https://en.cvbankas.lt/it-sistemu-administratorius-e-vilniuje/1-13756627,0.1311,0.5122,
8,Development and Maintenance of Information Systems,Panevėžio kolegija/State Higher Education Institution,SOC analitikas (-ė) kibernetinių grėsmių paieškai,https://en.cvbankas.lt/soc-analitikas-e-kibernetiniu-gresmiu-paieskai-vilniuje/1-13395656,0.1204,0.5111,
9,Development and Maintenance of Information Systems,Panevėžio kolegija/State Higher Education Institution,.NET Developer,https://en.cvbankas.lt/net-developer-kaune/1-13546657,0.1198,0.5075,
10,Development and Maintenance of Information Systems,Panevėžio kolegija/State Higher Education Institution,Informacijos saugos specialistas (-ė),https://en.cvbankas.lt/informacijos-saugos-specialistas-e-vilniuje/1-13751575,0.1168,0.5242,
1,Information Systems,Kaunas University of Technology,IT sistemų testuotojas (-a),https://en.cvbankas.lt/it-sistemu-testuotojas-a-kaune/1-13761915,0.2475,0.5121,
2,Information Systems,Kaunas University of Technology,Verslo sistemų ir procesų analitikas (-ė),https://en.cvbankas.lt/verslo-sistemu-ir-procesu-analitikas-e-vilniuje/1-13699299,0.1991,0.5129,
3,Information Systems,Kaunas University of Technology,VYR. DUOMENŲ ANALITIKAS (-Ė),https://en.cvbankas.lt/vyr-duomenu-analitikas-e-vilniuje/1-13739827,0.1958,0.5165,data analytics; digitization; management department processes
4,Information Systems,Kaunas University of Technology,IT sistemų testuotojas (-a),https://en.cvbankas.lt/it-sistemu-testuotojas-a-kaune/1-13736493,0.195,0.5139,MySQL; morality; computer technology
5,Information Systems,Kaunas University of Technology,IT skyriaus administratorius (-ė),https://en.cvbankas.lt/it-skyriaus-administratorius-e-klaipedoje/1-13740999,0.1791,0.5215,
6,Information Systems,Kaunas University of Technology,Join our team as a JUNIOR System Analyst!,https://en.cvbankas.lt/join-our-team-as-a-junior-system-analyst-darbas-namuose/1-13699867,0.1779,0.5377,
7,Information Systems,Kaunas University of Technology,IT INFRASTRUKTŪROS ADMINISTRATORIUS (-Ė),https://en.cvbankas.lt/it-infrastrukturos-administratorius-e-klaipedoje/1-13736439,0.1753,0.5361,
8,Information Systems,Kaunas University of Technology,IT ADMINISTRATORIUS (-Ė),https://en.cvbankas.lt/it-administratorius-e-klaipedoje/1-13759179,0.1715,0.5324,
9,Information Systems,Kaunas University of Technology,DATA ENGINEER with verification,https://www.linkedin.com/jobs/view/4328710459/?eBP=CwEAAAGdXVTxFfylTwn5FhVuExSS7O-QXtgOj66BYmJuT5ZfOGG6DXV-oxGHbbtbJgiMgw4aIbELH0z0XdfK0KxiiVLl5qoU_qaRDBIAtoH7rHeH63gx-MsOsG4jNF1YJz7qO6rHJrt4UXi6PklDI9PiknyDtc45vcS-SRwv9JsqlXcmnzIuMDQMAZrNjYRYwsaWOqxkSeTrgF0-7kSy0R4UUFQVnU3bJaoCFX8H53e-Ji-c6X1YoegRyKsZQIZxZKAQnimjF6Hc56yr8jj13jo8g8UvIdDQHACtd6sTRMgZa_9fZVUaMwmZhQdOgtsGMLC-j20oepaYXfUXBTIXvNuT28H8awvc3wmt3VIfqa9z3wDd79JuqGUPDdId2b1fsQhbsvdbGSj7aHxRfmqKSb1rQ92bDSswLi46M189lsUQyU11HAYoluucRLLjaIqqDrFG0k9FK8ou5gk5_VexVfZW_FIy7nRx_36ni7VgVlTD50VQWLiHl_p1yOOVyc6LzuEem6ITm887Tgmia67EAVVRRXvW5NAczFSpJp4tug&refId=8E32x5IjZ%2BhE0AVcGSKhpw%3D%3D&trackingId=XMB19EEnT64C5KFJO5HxtA%3D%3D&trk=flagship3_search_srp_jobs,0.1663,0.537,ICT project management methodologies; automation technology; computer technology
10,Information Systems,Kaunas University of Technology,Pardavimų inžinierius (-ė) KLAIPĖDA,https://en.cvbankas.lt/pardavimu-inzinierius-e-klaipeda-klaipedoje/1-13737297,0.1648,0.5279,
1,Information Systems,Vilnius Gediminas Technical University,IT sistemų testuotojas (-a),https://en.cvbankas.lt/it-sistemu-testuotojas-a-kaune/1-13761915,0.3366,0.5571,
2,Information Systems,Vilnius Gediminas Technical University,IT sistemų testuotojas (-a),https://en.cvbankas.lt/it-sistemu-testuotojas-a-kaune/1-13736493,0.2664,0.5543,MySQL; SQL
3,Information Systems,Vilnius Gediminas Technical University,IT System Team Coordinator,https://en.cvbankas.lt/it-system-team-coordinator-vilniuje/1-13766799,0.2641,0.5262,
4,Information Systems,Vilnius Gediminas Technical University,Duomenų analitikas (-ė) - inžinierius (-ė),https://en.cvbankas.lt/duomenu-analitikas-e-inzinierius-e-kaune/1-13743279,0.2439,0.5316,
5,Information Systems,Vilnius Gediminas Technical University,Pardavimų inžinierius (-ė) KLAIPĖDA,https://en.cvbankas.lt/pardavimu-inzinierius-e-klaipeda-klaipedoje/1-13737297,0.1897,0.5506,
6,Information Systems,Vilnius Gediminas Technical University,B2B IT Projektų vadovas (-ė),https://en.cvbankas.lt/b2b-it-projektu-vadovas-e-vilniuje/1-13758119,0.1769,0.5467,
7,Information Systems,Vilnius Gediminas Technical University,Vyriausiasis (-oji) duomenų inžinierius (-ė),https://en.cvbankas.lt/vyriausiasis-oji-duomenu-inzinierius-e-vilniuje/1-13752215,0.1493,0.5272,migration; data models; Python (computer programming)
8,Information Systems,Vilnius Gediminas Technical University,Duomenų inžinierius (-ė) – analitikas (-ė),https://en.cvbankas.lt/duomenu-inzinierius-e-analitikas-e-kaune/1-13706283,0.1487,0.5331,"assume responsibility; data extraction, transformation and loading tools; data analytics"
9,Information Systems,Vilnius Gediminas Technical University,BI programuotojas (-a),https://en.cvbankas.lt/bi-programuotojas-a-kaune/1-13753903,0.1462,0.5305,
10,Information Systems,Vilnius Gediminas Technical University,Sistemos ekspertas (-ė),https://en.cvbankas.lt/sistemos-ekspertas-e-vilniuje/1-13751383,0.142,0.556,
1,Marketing Technologies,Vilnius University,"Analytics Engineer, Marketing DSA with verification",https://www.linkedin.com/jobs/view/4383765010/?eBP=CwEAAAGdXVTxFLoxuruRUTIWC7aXpyxmd_rYd3jzSZrZQ_aGLu302_a660iNkbLI-Cs9w0z9tCLfUHZ5xPx38lbPUmXhbJIEDKu7k51R00X2CSRdwcYxVv3Xvhdlpw3dVkFp5MRi0vNiT8cC28QYzse3EEVU1dlGt4Nlq7XMonrGvfXj_m138pGwf-UfvFa0h7bbkuXKVhahSBIaaeWcUA4sqy2qPp3k97cQY5TU7VxUczd7mHASGtKOK5zqSqOph2lZ9xRdy5MX1_whxVbUjHhRRY6DQ0bhRjDEfYsYITPInRM9fZ1eYnWqz_Ycgq8Ci__fkcGAtZpelCdu_7ETpsp6cJUL_WOtuAeuWVDnsTupPRRBSKYTjjlN2v9PNnM_jeEtKaOUWL3yaJ3syiIVaHG-WyyxRgAAvESz4Ee7R-KqaH7nF52EqFsKpf_NAW7QtZT-ztcCrmeM75Hl72nPCGgFss2nfz1_NmjPXusgeaNCQ4i1rA78qZbuifuH3KiRpy4BNZ909UP1ToUFUZXFdiW8uXycqKUV-lFiZk0HiQ&refId=8E32x5IjZ%2BhE0AVcGSKhpw%3D%3D&trackingId=h3MUKOIPXw1Bhio%2BT1QZnA%3D%3D&trk=flagship3_search_srp_jobs,0.3903,0.455,
2,Marketing Technologies,Vilnius University,E-commerce Customer Success Manager (Account Manager),https://en.cvbankas.lt/e-commerce-customer-success-manager-account-manager-vilniuje/1-13619331,0.2515,0.4871,
3,Marketing Technologies,Vilnius University,Marketingo ir pardavimų vadovo asistentas (-ė),https://en.cvbankas.lt/marketingo-ir-pardavimu-vadovo-asistentas-e-vilniuje/1-13288765,0.2409,0.5156,
4,Marketing Technologies,Vilnius University,Mid/Senior Meta Media Buyer,https://en.cvbankas.lt/mid-senior-meta-media-buyer-vilniuje/1-13757529,0.2343,0.468,
5,Marketing Technologies,Vilnius University,Supply Chain Continuous Improvement Intern,https://en.cvbankas.lt/supply-chain-continuous-improvement-intern-vilniuje/1-13716155,0.229,0.5041,SAP Data Services; environmental engineering; demonstrate curiosity
6,Marketing Technologies,Vilnius University,Join our Marketing Team as a Website and Content Specialist,https://en.cvbankas.lt/join-our-marketing-team-as-a-website-and-content-specialist-siauliuose/1-13746459,0.2248,0.5486,
7,Marketing Technologies,Vilnius University,Associate Data Engineer with verification,https://www.linkedin.com/jobs/view/4383917782/?eBP=CwEAAAGdXVJvGQUVxTx-5JV5SxwZr4iay8a2Jxhh9v1T57lab3xyF-C0Vn033ov2DjEak78uVoqZbtM1oxjnZZO7YOGsgcfPJ2KJyy9d_53inZVefEmD-Z6mK8b-pz3B_4j3W9qPz5QIj9QeQJ1v80KMfDA8CRQPLRYAJ2Hw3iMFkfpUz90fi1Un-4KMYVvheyUipKyQ4mHHrH6tPbXbQa2OYS32QHwHbLQum_ZnqF0ydBxADvrWiQfEnm8GBJvkCz4FDbpMusmAoTUUThaHi0J0gLiHnT7YU0q3XInmfBp_1BcK8pYFBa1l1Fl9a80wnAUFWB6A04PRn9tYjwBRjOyq8sxzriridYB0oLcjTjb8kyM0XM6w3IJCbiUpR6c6PiA8ljTdKekdxf7qVBBKwqK_i8zHTRYSInNVW2drRy_kyfASusAogBx2S8yRy0EPSD1naBdysJWXnt_MxVghhobULeso1rDmF2lhsk-B_pRI0gMRiEb-Pxox-wLg9t16ks6m1weII6A6lP5kBWi7bKa9KSwyhvLdLEnV&refId=oGrIqh2UiA%2B55SwayS87gA%3D%3D&trackingId=IgK6sWDz7yNsd122YUdOSA%3D%3D&trk=flagship3_search_srp_jobs,0.1949,0.473,
8,Marketing Technologies,Vilnius University,Account Manager,https://en.cvbankas.lt/account-manager-vilniuje/1-12916695,0.191,0.4789,
9,Marketing Technologies,Vilnius University,Product Manager,https://en.cvbankas.lt/product-manager-vilniuje/1-13725955,0.1393,0.4867,
10,Marketing Technologies,Vilnius University,Informacijos saugos specialistas (-ė),https://en.cvbankas.lt/informacijos-saugos-specialistas-e-vilniuje/1-13751575,0.1381,0.4954,
1,Bioinformatics,Vilnius University,Data Analyst SQL Python with verification,https://www.linkedin.com/jobs/view/4391573444/?eBP=CwEAAAGdXVdr84CepMMYTlBo5gqsfx3OqKv-vNV8IRxcfn7VTiOvWGrABrFAKKwrHZYyYuAi3aBixfQrgghOsyc6nuDZEsXXWYPD0UVb_oR9bP5xheghUzXksS3Q9PETd1JFX-M9la09sjqN9SUzl_yGlkoLwluByRayqvyAVbwG5ZRZl9_66P-6Jw_8jqCIYnUiIUitESsjR7-4rYSlGQX_G_Yp6P91vEfTpcIIZYEO7RHiG0V5dVcGatPUu_v4IeKat3qPIRrq8SMKWnF40BWPtFRqPbqtKrq0TgmKqu7c-ySwtXZ-0Xuy2bh2P26uEuQmIFNzZCIAapmBqSM_-zn8x8ezwmv9i_fkxrfVtgNuy9cyjs-YWYObFyUaw5-0S4FwFPZ85dYUJ98ROvCXn9gcXonMqna6T0bCoaDZtlF4xtdmAxuBS4Gx-2eOG2txg0EwMUei4Gy-84wMECP6Wdg1lJEc4EDJTSk6O2f5EoNg-JVb7x3UYh4H8sj_EG1s81JnA0rQxnZgQlSIvI2_lxaXJnEDc1uIwlBpEvI&refId=47SaNTdiYW3wnMQlscUwOw%3D%3D&trackingId=3UAaKo3xN%2FlZkKEu118H1g%3D%3D&trk=flagship3_search_srp_jobs,0.6771,0.4245,SQL; English; ICT project management methodologies
2,Bioinformatics,Vilnius University,IT SUPPORTER with development opportunity in Data Integration,https://en.cvbankas.lt/it-supporter-with-development-opportunity-in-data-integration-marijampoleje/1-13685295,0.2803,0.3717,troubleshoot; English; Lithuanian
3,Bioinformatics,Vilnius University,"Youth LAB – Application Support intern | SEB Group, Vilnius",https://en.cvbankas.lt/youth-lab-application-support-intern-seb-group-vilnius-vilniuje/1-13713017,0.2795,0.3573,English; communication; ICT project management methodologies
4,Bioinformatics,Vilnius University,BI programuotojas (-a),https://en.cvbankas.lt/bi-programuotojas-a-kaune/1-13753903,0.2429,0.3432,SQL; communication; statistics
5,Bioinformatics,Vilnius University,"Youth LAB – Lending Services Vilnius | SEB Group, Vilnius",https://en.cvbankas.lt/youth-lab-lending-services-vilnius-seb-group-vilnius-vilniuje/1-13713327,0.2396,0.3176,
6,Bioinformatics,Vilnius University,VYR. DUOMENŲ ANALITIKAS (-Ė),https://en.cvbankas.lt/vyr-duomenu-analitikas-e-vilniuje/1-13739827,0.2085,0.3434,
7,Bioinformatics,Vilnius University,Junior Test Engineer (fixed-term contract),https://en.cvbankas.lt/junior-test-engineer-fixed-term-contract-vilniuje/1-13768685,0.199,0.3719,
8,Bioinformatics,Vilnius University,Operational Excellence Partner,https://en.cvbankas.lt/operational-excellence-partner-vilniuje/1-13557078,0.17,0.3438,
9,Bioinformatics,Vilnius University,OSINT Specialistas,https://en.cvbankas.lt/osint-specialistas-vilniuje/1-13474247,0.1544,0.3442,
10,Bioinformatics,Vilnius University,SAP DATA Services Developer with verification,https://www.linkedin.com/jobs/view/4390914503/?eBP=CwEAAAGdXVTxFcI6g9hH53N1HLbm8qUIlDCF29qdU73aSnKw2A9Sm0OKg4wH1WUAV60u3dhjnQkze7yyqC8OEFvq91eR0kmqJg2F9SZgBy-P0l_zmfETpFkq7EO-iFmTiW0lQC6yfMwoTMijJbMFzdQlKLaeJpq-M-k8CYM61f7srpH_zkGA7_ZRru4Kzhvn1PSdxJCJq5jSve_PRB9Beni0IliEe8GgTy8tBCz9opPwsSievwfmSWA0FCFyh_TXiVZRcgT4mjCCpPSi36AtP-2FA3uN6prNDU3tolKpvnY0vmtulhj6BUoWYmPeBB1H_jeY849GGS1D0CpyEzazZLt54NP9bRVV-gtaUWujPp9BGT73-wQGvj4NktTMBrr8XjZnRWa0NHHbGBnv9Thh98ifEFRjhVxb8ztaftEHHQfaBDX9nCYY0T_7brNhqeOe4R5wZXX1Pay8S4S7UwG0SJxjQTxoL12iGaa1GUEZC1PE-oL8kZJ4sHR4OmKC3avjeXcVrsqxpKnpmsdCamYtX3BNMR_EowrEaFmIY5Sr9w&refId=8E32x5IjZ%2BhE0AVcGSKhpw%3D%3D&trackingId=sAoLzTehYU0i6vxN8a7ZUw%3D%3D&trk=flagship3_search_srp_jobs,0.1478,0.3382,
1,Artificial intelligence,Kaunas University of Technology,MLOps engineer with expertise in Ray and Kubeflow vLLM SkyPikot on kubernetes,https://en.cvbankas.lt/mlops-engineer-with-expertise-in-ray-and-kubeflow-vllm-skypikot-on-kubernetes-darbas-namuose/1-13742747,0.5256,0.6256,
2,Artificial intelligence,Kaunas University of Technology,Programuotojas / AI (DI) inžinierius,https://en.cvbankas.lt/programuotojas-ai-di-inzinierius-vilniuje/1-13706229,0.4254,0.594,
3,Artificial intelligence,Kaunas University of Technology,AI SOLUTIONS EXPERT (F/M/D),https://en.cvbankas.lt/ai-solutions-expert-f-m-d-vilniuje/1-13705505,0.4184,0.5331,
4,Artificial intelligence,Kaunas University of Technology,MID DI inžinierius (-ė) – prisijunk prie mūsų komandos ir kurk inovacijas!,https://en.cvbankas.lt/mid-di-inzinierius-e-prisijunk-prie-musu-komandos-ir-kurk-inovacijas-vilniuje/1-13699111,0.3677,0.5103,knowledge base; Python (computer programming); manage time
5,Artificial intelligence,Kaunas University of Technology,AI Engineer (Applied AI) with verification,https://www.linkedin.com/jobs/view/4354609788/?eBP=CwEAAAGdXU_3Lpjva5gehuwkyxZOOeCMBLNABZouwvt95moQqldkZj82d9MFxAibHKwvHcRydrXa6rtBTFPsNBV4zX_5A9KyNJf_-ofgUfq-YZy77hlw36EosJqJdYRk9kmsGtqraQU9QmeTS5B89rNfVK9JUwgH9JOInDbgeM7epx921DQd72SXaWo1M0sb7HPrANFJ8FeiSgJOGh6xnkYWXMiBHEXNBJAecBgWS__K1NYvsYF60BZMbiTaH_Fm_SaXOiAcdqqFCab_EOtkdZzXKLDlT-W5wJSMXMeTqBv0slR8E8kDATovomB-czBgotIfWw9P9QX5o2s3qOh9QNMYse5ipOuzs1PSB2z1LQ3vhmi-GmGjkSX-MNTAPOgg2fRDV8aFmuACRRT6zWk8hRzE0XZd-FYmj-XKmqo9Veo0dJ62XkYlmgHz8aSHlLU9FV4-GypB9bSK156pWGRrTqxwjjyRrbfPWrduFwS0Rf7o30kJlFxUrKo8awCgQca5ifXdmZIc2QR8EekFCC7YSUkcjXohNje0D35mC3QLNQ&refId=wk4fVenEURubDB1Ehtm5HQ%3D%3D&trackingId=t02SStjRfp6kvPP77%2BKNiw%3D%3D&trk=flagship3_search_srp_jobs,0.3378,0.6361,
6,Artificial intelligence,Kaunas University of Technology,DIRBTINIO INTELEKTO INŽINIERĖ (-IUS) IT skyriuje,https://en.cvbankas.lt/dirbtinio-intelekto-inziniere-ius-it-skyriuje-vilniuje/1-13749365,0.3333,0.6307,
7,Artificial intelligence,Kaunas University of Technology,DIRBTINIO INTELEKTO IR AUTOMATIZACIJŲ VADOVAS (-Ė),https://en.cvbankas.lt/dirbtinio-intelekto-ir-automatizaciju-vadovas-e-vilniuje/1-13752609,0.3018,0.5097,
8,Artificial intelligence,Kaunas University of Technology,IT specialistas procesų automatizavimui,https://en.cvbankas.lt/it-specialistas-procesu-automatizavimui-kaune/1-13254683,0.2835,0.5003,
9,Artificial intelligence,Kaunas University of Technology,Senior Data Engineer,https://en.cvbankas.lt/senior-data-engineer-vilniuje/1-13750755,0.2787,0.4762,"Python (computer programming); data extraction, transformation and loading tools; database"
10,Artificial intelligence,Kaunas University of Technology,Machine Learning Engineer - Lithuania,https://www.linkedin.com/jobs/view/4369666699/?eBP=CwEAAAGdXVTsvR5DBFDIdaENp9Kz05Zx0LpvJE7P8CNZDnvu4tVrHTA2S_-KzE3qZr5euHXYlKPV8vzElV74_9oboFCancFeTHrS_R3FEx0JikWakQtDFmze_GBGHxZuuID7TWRHG7iiVQH9VK5aHN3J7dVyvff73fprBapgvlTe55WaxecXpoRS1NAAg-erWcy27enP3rYySSOtmRKRDn08vCWvir8Rf4J7hyNXrGNoilS2SJ-LQlAHLikIKijPnKxhOzZJMrBxDKNo0dHitF2MGJtgtFVhUDNifmIQkxBLAoDfqsACcb8h30X1_s0rB6SNwPjqwE9zGDFkQdQTMTuPecXwyMsvTqTn85jqMkdXqDFjndFgVST49rotLNtBovdNDOg4OIyb6QzMfDON8j9UbTq15TUS706ZhlqNawLYxWLfgeCL58ZC7Cartd14wO12nx-DlMze1RuSDnl5hCvf2u8VoRDQ6W9VtKi4yRIh8bxD6RRgtrd4XM3WtdxX_AIylOSB64QbZfy7PaCKj75FckDDZ5oAzhFw&refId=rvvLPRm9HMLC13GVbfiruQ%3D%3D&trackingId=mu69CVJdQShpf9JMSNsXKA%3D%3D&trk=flagship3_search_srp_jobs,0.2626,0.4704,ML (computer programming); Computer Assisted Language Learning; business intelligence
1,Information and Communication Technologies,Vilnius Gediminas Technical University,Integration / Automation Engineer,https://en.cvbankas.lt/integration-automation-engineer-vilniuje/1-13740891,0.2141,0.4814,
2,Information and Communication Technologies,Vilnius Gediminas Technical University,.NET Developer,https://en.cvbankas.lt/net-developer-kaune/1-13546657,0.1664,0.5242,
3,Information and Communication Technologies,Vilnius Gediminas Technical University,Jaunesnysis IT inžinierius,https://en.cvbankas.lt/jaunesnysis-it-inzinierius-vilniuje/1-13409158,0.1543,0.4711,
4,Information and Communication Technologies,Vilnius Gediminas Technical University,PROGRAMUOTOJAS (-A) (PASTATŲ VALDYMAS),https://en.cvbankas.lt/programuotojas-a-pastatu-valdymas-vilniuje/1-13540655,0.1472,0.4956,
5,Information and Communication Technologies,Vilnius Gediminas Technical University,IT inžinierius (-ė),https://en.cvbankas.lt/it-inzinierius-e-kaune/1-13753731,0.1427,0.4932,
6,Information and Communication Technologies,Vilnius Gediminas Technical University,Telekomunikacijų specialistas – bazinių stočių montuotojas LIETUVA,https://en.cvbankas.lt/telekomunikaciju-specialistas-baziniu-stociu-montuotojas-lietuva-vilniuje/1-13540245,0.1304,0.4918,
7,Information and Communication Technologies,Vilnius Gediminas Technical University,IT Support Engineer,https://en.cvbankas.lt/it-support-engineer-vilniuje/1-13176664,0.1087,0.4796,
8,Information and Communication Technologies,Vilnius Gediminas Technical University,Tinklų architektas (-ė),https://en.cvbankas.lt/tinklu-architektas-e-vilniuje/1-13768335,0.1059,0.5172,
9,Information and Communication Technologies,Vilnius Gediminas Technical University,IT PRIEŽIŪROS SPECIALISTĖ (-AS) (MONITORINGO KOMANDOJE),https://en.cvbankas.lt/it-prieziuros-specialiste-as-monitoringo-komandoje-vilniuje/1-13714587,0.1028,0.4724,
10,Information and Communication Technologies,Vilnius Gediminas Technical University,"IT projektų vadovė (-as) (IT / OT, ICS / SCADA sritis)",https://en.cvbankas.lt/it-projektu-vadove-as-it-ot-ics-scada-sritis-vilniuje/1-13640803,0.102,0.5154,
1,Information Technologies,Vilnius University,IT Sistemų administratorius (-ė),https://en.cvbankas.lt/it-sistemu-administratorius-e-alytuje/1-13705077,0.2513,0.5546,
2,Information Technologies,Vilnius University,IT PASLAUGŲ VALDYMO ANALITIKĖ (-AS),https://en.cvbankas.lt/it-paslaugu-valdymo-analitike-as-vilniuje/1-13760149,0.244,0.5774,
3,Information Technologies,Vilnius University,System Analyst (IT department),https://en.cvbankas.lt/system-analyst-it-department-vilniuje/1-13759517,0.1876,0.5545,
4,Information Technologies,Vilnius University,Vyr. sistemų analitikas (-ė) (NTR modernizavimui),https://en.cvbankas.lt/vyr-sistemu-analitikas-e-ntr-modernizavimui-vilniuje/1-13768673,0.1869,0.5805,morality; manage time; work in teams
5,Information Technologies,Vilnius University,IT SUPPORTER with development opportunity in Data Integration,https://en.cvbankas.lt/it-supporter-with-development-opportunity-in-data-integration-marijampoleje/1-13685295,0.1689,0.5838,
6,Information Technologies,Vilnius University,Programų priežiūros administratorius (-ė),https://en.cvbankas.lt/programu-prieziuros-administratorius-e-kaune/1-13656395,0.1686,0.5523,
7,Information Technologies,Vilnius University,Duomenų analitikas (-ė) - inžinierius (-ė),https://en.cvbankas.lt/duomenu-analitikas-e-inzinierius-e-kaune/1-13743279,0.1574,0.5518,
8,Information Technologies,Vilnius University,SAP DATA Services Developer with verification,https://www.linkedin.com/jobs/view/4390914503/?eBP=CwEAAAGdXVTxFcI6g9hH53N1HLbm8qUIlDCF29qdU73aSnKw2A9Sm0OKg4wH1WUAV60u3dhjnQkze7yyqC8OEFvq91eR0kmqJg2F9SZgBy-P0l_zmfETpFkq7EO-iFmTiW0lQC6yfMwoTMijJbMFzdQlKLaeJpq-M-k8CYM61f7srpH_zkGA7_ZRru4Kzhvn1PSdxJCJq5jSve_PRB9Beni0IliEe8GgTy8tBCz9opPwsSievwfmSWA0FCFyh_TXiVZRcgT4mjCCpPSi36AtP-2FA3uN6prNDU3tolKpvnY0vmtulhj6BUoWYmPeBB1H_jeY849GGS1D0CpyEzazZLt54NP9bRVV-gtaUWujPp9BGT73-wQGvj4NktTMBrr8XjZnRWa0NHHbGBnv9Thh98ifEFRjhVxb8ztaftEHHQfaBDX9nCYY0T_7brNhqeOe4R5wZXX1Pay8S4S7UwG0SJxjQTxoL12iGaa1GUEZC1PE-oL8kZJ4sHR4OmKC3avjeXcVrsqxpKnpmsdCamYtX3BNMR_EowrEaFmIY5Sr9w&refId=8E32x5IjZ%2BhE0AVcGSKhpw%3D%3D&trackingId=sAoLzTehYU0i6vxN8a7ZUw%3D%3D&trk=flagship3_search_srp_jobs,0.1347,0.5535,
9,Information Technologies,Vilnius University,OSINT Specialistas,https://en.cvbankas.lt/osint-specialistas-vilniuje/1-13474247,0.1308,0.5578,
10,Information Technologies,Vilnius University,IT Support Engineer,https://en.cvbankas.lt/it-support-engineer-vilniuje/1-13176664,0.125,0.5457,
1,Informatics,Kaunas University of Technology,IT sistemų administratorius (-ė),https://en.cvbankas.lt/it-sistemu-administratorius-e-vilniuje/1-13756627,0.2607,0.5254,
2,Informatics,Kaunas University of Technology,IT INFRASTRUKTŪROS ADMINISTRATORIUS (-Ė),https://en.cvbankas.lt/it-infrastrukturos-administratorius-e-klaipedoje/1-13736439,0.1746,0.5163,
3,Informatics,Kaunas University of Technology,AI Engineer (Applied AI) with verification,https://www.linkedin.com/jobs/view/4354609788/?eBP=CwEAAAGdXU_3Lpjva5gehuwkyxZOOeCMBLNABZouwvt95moQqldkZj82d9MFxAibHKwvHcRydrXa6rtBTFPsNBV4zX_5A9KyNJf_-ofgUfq-YZy77hlw36EosJqJdYRk9kmsGtqraQU9QmeTS5B89rNfVK9JUwgH9JOInDbgeM7epx921DQd72SXaWo1M0sb7HPrANFJ8FeiSgJOGh6xnkYWXMiBHEXNBJAecBgWS__K1NYvsYF60BZMbiTaH_Fm_SaXOiAcdqqFCab_EOtkdZzXKLDlT-W5wJSMXMeTqBv0slR8E8kDATovomB-czBgotIfWw9P9QX5o2s3qOh9QNMYse5ipOuzs1PSB2z1LQ3vhmi-GmGjkSX-MNTAPOgg2fRDV8aFmuACRRT6zWk8hRzE0XZd-FYmj-XKmqo9Veo0dJ62XkYlmgHz8aSHlLU9FV4-GypB9bSK156pWGRrTqxwjjyRrbfPWrduFwS0Rf7o30kJlFxUrKo8awCgQca5ifXdmZIc2QR8EekFCC7YSUkcjXohNje0D35mC3QLNQ&refId=wk4fVenEURubDB1Ehtm5HQ%3D%3D&trackingId=t02SStjRfp6kvPP77%2BKNiw%3D%3D&trk=flagship3_search_srp_jobs,0.1651,0.4965,
4,Informatics,Kaunas University of Technology,Vyriausiasis (-oji) duomenų inžinierius (-ė),https://en.cvbankas.lt/vyriausiasis-oji-duomenu-inzinierius-e-vilniuje/1-13752215,0.143,0.4997,migration; data models; Python (computer programming)
5,Informatics,Kaunas University of Technology,DevOps and Cloud Engineer,https://www.linkedin.com/jobs/view/4387402181/?eBP=CwEAAAGdXVJzL3zb3qq3YKLU8yyFMsWaz6tWTfyW8Y0sXjol4QoUgIWYqlZjYtXDEXj95Lu9P0cqs4f6VcAc3zcmQ2-F3CGjLw0JYaahXxzLZ8QDERouaF9lG-fSyd7OcsyzSo54TWmAAsUukcJNHQyzYZbB-t3mHVXpkIQWBNT2QgPkgrb-YQSzTOvbQ4OL0N_SCQ0DsKAH9HxbBbl0lfeeLNJIHMGGGPUvAnyLzy9YjBxTNgwJsZGK9ammlfywoZZERcvlOk5Vm8Ihc0I3wfOkNLv32v8TwyyVauA-ybqS2ZpxON1RX6qi8TtwaTyQCumOzA1sVvPEsfyQ5cI9rF6BKYmp0oaGmnb2DkW9V1EXWMrz17NT1_viTFITxvndmKvMEWNkiLdPNKD-eTVXoDSuyddSxkiVHH7_h1lN1Yh4oo8lpomCndN5Ig3E_ocuzo094krKWPnGKw47-SHGU3mpxJGvXE7q4j4kM1DllhPXhK_hWMCY3OZKjwViNl8VL8sd84n1Lz1AimmWhfTMyMJPoEllfj0e2tJDQuFmU8Kd&refId=9cGkUbOOhOKqDBgZIBV0VQ%3D%3D&trackingId=al3Ay%2F7mgk6FRgl5KDAqFA%3D%3D&trk=flagship3_search_srp_jobs,0.1415,0.521,
6,Informatics,Kaunas University of Technology,Duomenų inžinierius (-ė) – analitikas (-ė),https://en.cvbankas.lt/duomenu-inzinierius-e-analitikas-e-kaune/1-13706283,0.122,0.5053,
7,Informatics,Kaunas University of Technology,MLOps engineer with expertise in Ray and Kubeflow vLLM SkyPikot on kubernetes,https://en.cvbankas.lt/mlops-engineer-with-expertise-in-ray-and-kubeflow-vllm-skypikot-on-kubernetes-darbas-namuose/1-13742747,0.1152,0.5157,
8,Informatics,Kaunas University of Technology,Infrastructure Automation Engineer (Linux / DevOps),https://en.cvbankas.lt/infrastructure-automation-engineer-linux-devops-kaune/1-13755285,0.1135,0.5047,
9,Informatics,Kaunas University of Technology,IT Support Engineer,https://en.cvbankas.lt/it-support-engineer-vilniuje/1-13176664,0.1102,0.5079,
10,Informatics,Kaunas University of Technology,DATA ENGINEER with verification,https://www.linkedin.com/jobs/view/4328710459/?eBP=CwEAAAGdXVTxFfylTwn5FhVuExSS7O-QXtgOj66BYmJuT5ZfOGG6DXV-oxGHbbtbJgiMgw4aIbELH0z0XdfK0KxiiVLl5qoU_qaRDBIAtoH7rHeH63gx-MsOsG4jNF1YJz7qO6rHJrt4UXi6PklDI9PiknyDtc45vcS-SRwv9JsqlXcmnzIuMDQMAZrNjYRYwsaWOqxkSeTrgF0-7kSy0R4UUFQVnU3bJaoCFX8H53e-Ji-c6X1YoegRyKsZQIZxZKAQnimjF6Hc56yr8jj13jo8g8UvIdDQHACtd6sTRMgZa_9fZVUaMwmZhQdOgtsGMLC-j20oepaYXfUXBTIXvNuT28H8awvc3wmt3VIfqa9z3wDd79JuqGUPDdId2b1fsQhbsvdbGSj7aHxRfmqKSb1rQ92bDSswLi46M189lsUQyU11HAYoluucRLLjaIqqDrFG0k9FK8ou5gk5_VexVfZW_FIy7nRx_36ni7VgVlTD50VQWLiHl_p1yOOVyc6LzuEem6ITm887Tgmia67EAVVRRXvW5NAczFSpJp4tug&refId=8E32x5IjZ%2BhE0AVcGSKhpw%3D%3D&trackingId=XMB19EEnT64C5KFJO5HxtA%3D%3D&trk=flagship3_search_srp_jobs,0.1005,0.5091,ICT project management methodologies; blueprints; Source (digital game creation systems)
1,Informatics,Klaipėda University,IT ADMINISTRATORIUS (-Ė),https://en.cvbankas.lt/it-administratorius-e-klaipedoje/1-13759179,0.3281,0.4827,customer relationship management; troubleshoot; accounting
2,Informatics,Klaipėda University,Senior / Mid Software Engineer (.NET / Delphi) I Teltonika Security,https://en.cvbankas.lt/senior-mid-software-engineer-net-delphi-i-teltonika-security-vilniuje/1-13750671,0.2358,0.5413,
3,Informatics,Klaipėda University,SENIOR ERP SISTEMŲ (JAVA/KITA KALBA) PROGRAMUOTOJAS,https://en.cvbankas.lt/senior-erp-sistemu-java-kita-kalba-programuotojas-kaune/1-13753585,0.2266,0.538,
4,Informatics,Klaipėda University,DATA ENGINEER with verification,https://www.linkedin.com/jobs/view/4328710459/?eBP=CwEAAAGdXVTxFfylTwn5FhVuExSS7O-QXtgOj66BYmJuT5ZfOGG6DXV-oxGHbbtbJgiMgw4aIbELH0z0XdfK0KxiiVLl5qoU_qaRDBIAtoH7rHeH63gx-MsOsG4jNF1YJz7qO6rHJrt4UXi6PklDI9PiknyDtc45vcS-SRwv9JsqlXcmnzIuMDQMAZrNjYRYwsaWOqxkSeTrgF0-7kSy0R4UUFQVnU3bJaoCFX8H53e-Ji-c6X1YoegRyKsZQIZxZKAQnimjF6Hc56yr8jj13jo8g8UvIdDQHACtd6sTRMgZa_9fZVUaMwmZhQdOgtsGMLC-j20oepaYXfUXBTIXvNuT28H8awvc3wmt3VIfqa9z3wDd79JuqGUPDdId2b1fsQhbsvdbGSj7aHxRfmqKSb1rQ92bDSswLi46M189lsUQyU11HAYoluucRLLjaIqqDrFG0k9FK8ou5gk5_VexVfZW_FIy7nRx_36ni7VgVlTD50VQWLiHl_p1yOOVyc6LzuEem6ITm887Tgmia67EAVVRRXvW5NAczFSpJp4tug&refId=8E32x5IjZ%2BhE0AVcGSKhpw%3D%3D&trackingId=XMB19EEnT64C5KFJO5HxtA%3D%3D&trk=flagship3_search_srp_jobs,0.1686,0.4964,English; blueprints; data protection
5,Informatics,Klaipėda University,Programuotojas / AI (DI) inžinierius,https://en.cvbankas.lt/programuotojas-ai-di-inzinierius-vilniuje/1-13706229,0.1666,0.5032,
6,Informatics,Klaipėda University,Join our team as a JUNIOR System Analyst!,https://en.cvbankas.lt/join-our-team-as-a-junior-system-analyst-darbas-namuose/1-13699867,0.1652,0.5076,
7,Informatics,Klaipėda University,MID ERP SISTEMŲ (JAVA/KITA KALBA) PROGRAMUOTOJAS,https://en.cvbankas.lt/mid-erp-sistemu-java-kita-kalba-programuotojas-kaune/1-13753589,0.1606,0.4905,
8,Informatics,Klaipėda University,IT sistemų ir skaitmenizacijos vadovas (-ė),https://en.cvbankas.lt/it-sistemu-ir-skaitmenizacijos-vadovas-e-panevezyje/1-13702931,0.1558,0.4947,
9,Informatics,Klaipėda University,Software Engineer (React Native),https://www.linkedin.com/jobs/view/4388330996/?eBP=NOT_ELIGIBLE_FOR_CHARGING&refId=6i6qglSW0W6eFOYOHvBmjw%3D%3D&trackingId=R6yHaEK%2B7Iq6zzGifG0qMA%3D%3D&trk=flagship3_search_srp_jobs,0.143,0.537,
10,Informatics,Klaipėda University,Join our PPM team as a System Analyst! 🚀,https://en.cvbankas.lt/join-our-ppm-team-as-a-system-analyst-darbas-namuose/1-13660457,0.1426,0.56,
1,Informatics,Klaipėdos valstybinė kolegija / Higher Education Institution,MS Power Developer with verification,https://www.linkedin.com/jobs/view/4388682909/?eBP=CwEAAAGdXU_3LZ3gL4U7BnbsjIpQgqlX7Tn-Ceqb0RuNSARraIpZ9TdSn_iOS3kR2LA7B4E0pWSje839r0d5kLSIpCE_3u2b3ChPf40TSMbzm9E6F1ikSdja8_d8wtRI3UKX-QpAbCl42qNkythu4U4t7QQk38mlpHAswdPK1G_3rhBO5UGqhRKEU9qogDM8y636hWupxhspfE7TO308hxKSp87V9RmdXTyFrNl6y1j5rXzKDXWCDDmeaw_LdAMhB3DW-iX7HBmgnzRN1XnpSQ44i7nsOnYbiSBK-EfkkhDUI337_ShuaWQo6fH_J-RLprg025JbAKGAdjbDNciS9Uaywb9boIrcbHRCth6N-gk1z8ANTonRqpTjJ2wTihx_D_D6Gu5Pz0ZA_oahiNJoOzS_7VdTnLOPLcWdZTYjfB-jBe5q1VJJEUtsUBgGgGsgiMHYyvIWjF0_fULYR7KpWHG7FyVtMZ9_o8sxiReLsXuDO1PyW1IWkiMUmqikwuHj1zoop1uzBe-MXz3wwEZeBQ0s2PqUsl5a_--KrkMOYQ&refId=wk4fVenEURubDB1Ehtm5HQ%3D%3D&trackingId=O3SCG%2FbG%2FA%2FfnBafzp8pQw%3D%3D&trk=flagship3_search_srp_jobs,0.1398,0.562,SQL; NoSQL; Java (computer programming)
2,Informatics,Klaipėdos valstybinė kolegija / Higher Education Institution,IT Support Engineer,https://en.cvbankas.lt/it-support-engineer-vilniuje/1-13176664,0.1245,0.5474,
3,Informatics,Klaipėdos valstybinė kolegija / Higher Education Institution,BI programuotojas (-a),https://en.cvbankas.lt/bi-programuotojas-a-kaune/1-13753903,0.1237,0.5333,
4,Informatics,Klaipėdos valstybinė kolegija / Higher Education Institution,OSINT Specialistas,https://en.cvbankas.lt/osint-specialistas-vilniuje/1-13474247,0.1186,0.5233,
5,Informatics,Klaipėdos valstybinė kolegija / Higher Education Institution,IT SUPPORTER with development opportunity in Data Integration,https://en.cvbankas.lt/it-supporter-with-development-opportunity-in-data-integration-marijampoleje/1-13685295,0.1068,0.5205,
6,Informatics,Klaipėdos valstybinė kolegija / Higher Education Institution,Software helpdesk – junior IT Analyst,https://en.cvbankas.lt/software-helpdesk-junior-it-analyst-vilniuje/1-13753555,0.1024,0.5884,
7,Informatics,Klaipėdos valstybinė kolegija / Higher Education Institution,Full stack developer with verification,https://www.linkedin.com/jobs/view/4372609852/?eBP=CwEAAAGdXU_zAXfyj33quo4hBhSxWg1MWkU3rN_b6lHUlGLvOMoNMO4jsvgffLMy7ZkBT9xJ0iXvAFevUofirzztr0qFQqf5fNU9ZrYTLwLmGot7Nvwf37hRADwiNfTimU1yhowPXI8Q_9DgiMr1zuiPYnboZSNSwBbrNmR4yUSePH6XapixPwz8qlcn4T-k3HmArQp2-0wGsn4vbfHQdwp2EgRdv9ObazE7ADDZsiNwU2zFzkqIlbx2w-prwZuHLwfVF0iyrzcunN3dvuCsvGGzmc63XjE5ryvaWzGT5p54eBcsaNAhsKFcvwllzILKNsUPZ32v-TrJR2SgQgaHGfyHDoEe_91T0QXQ8WnulSX6P048bcfwUWVSZV_hkuH-HjCkXsZ9RmHqr6sbwrCiKN9KxVCMsDN5FQjcQPzkoZacceNRBqs1K5pGjyi3R-fPD7OkS52jK_Ly_Kx7xCRCqxntMURbWluyN17LhURFEc1gE-bjcXad2TLDrjNLsVbz9uurnQCjNjT6gHvpsT0WOgcrP7drHTrxtQ&refId=6i6qglSW0W6eFOYOHvBmjw%3D%3D&trackingId=G30vqdoia52YCAqRT3YMrw%3D%3D&trk=flagship3_search_srp_jobs,0.094,0.5577,
8,Informatics,Klaipėdos valstybinė kolegija / Higher Education Institution,FULL STACK PROGRAMUOTOJAS (-A),https://en.cvbankas.lt/full-stack-programuotojas-a-vilniuje/1-13749131,0.0874,0.5617,
9,Informatics,Klaipėdos valstybinė kolegija / Higher Education Institution,IT VERSLO ANALITIKAS (-Ė),https://en.cvbankas.lt/it-verslo-analitikas-e-vilniuje/1-13685665,0.0799,0.5457,
10,Informatics,Klaipėdos valstybinė kolegija / Higher Education Institution,IT PRAKTIKANTAS (-Ė) — SISTEMŲ KONFIGŪRAVIMAS,https://en.cvbankas.lt/it-praktikantas-e-sistemu-konfiguravimas-kaune/1-13763965,0.0798,0.5359,
1,Informatics,Vilnius University,IT SUPPORTER with development opportunity in Data Integration,https://en.cvbankas.lt/it-supporter-with-development-opportunity-in-data-integration-marijampoleje/1-13685295,0.2347,0.3913,troubleshoot; English; operating systems
2,Informatics,Vilnius University,Vyr. sistemų analitikas (-ė) (NTR modernizavimui),https://en.cvbankas.lt/vyr-sistemu-analitikas-e-ntr-modernizavimui-vilniuje/1-13768673,0.1783,0.4075,
3,Informatics,Vilnius University,.NET programuotojas (-a),https://en.cvbankas.lt/net-programuotojas-a-vilniuje/1-13750639,0.175,0.3918,
4,Informatics,Vilnius University,ERP konsultantas (-ė) (SCM),https://en.cvbankas.lt/erp-konsultantas-e-scm-vilniuje/1-13763515,0.1658,0.3922,
5,Informatics,Vilnius University,.NET programuotojas (-a),https://en.cvbankas.lt/net-programuotojas-a-vilniuje/1-13749675,0.1471,0.3827,
6,Informatics,Vilnius University,JAVA programuotojas (-a) (Integraciniams sprendimams),https://en.cvbankas.lt/java-programuotojas-a-integraciniams-sprendimams-vilniuje/1-13749639,0.1251,0.3986,
7,Informatics,Vilnius University,IT ANALITIKAS (-Ė),https://en.cvbankas.lt/it-analitikas-e-kaune/1-13682887,0.1238,0.4131,
8,Informatics,Vilnius University,Riedmenų IT sistemų inžinierius (-ė),https://en.cvbankas.lt/riedmenu-it-sistemu-inzinierius-e-vilniuje/1-13715991,0.1172,0.4017,English; maintenance operations; manage time
9,Informatics,Vilnius University,IT projektų administratorius (-ė) / Verslo sistemų analitikas (-ė),https://en.cvbankas.lt/it-projektu-administratorius-e-verslo-sistemu-analitikas-e-klaipedoje/1-13749007,0.1172,0.4496,
10,Informatics,Vilnius University,IT VERSLO ANALITIKAS (-Ė),https://en.cvbankas.lt/it-verslo-analitikas-e-vilniuje/1-13685665,0.1163,0.3948,
1,Informatics Systems,Vytautas Magnus University,DIRBTINIO INTELEKTO INŽINIERĖ (-IUS) IT skyriuje,https://en.cvbankas.lt/dirbtinio-intelekto-inziniere-ius-it-skyriuje-vilniuje/1-13749365,0.2909,0.567,
2,Informatics Systems,Vytautas Magnus University,IT inžinierius (-ė),https://en.cvbankas.lt/it-inzinierius-e-vilniuje/1-13713495,0.2597,0.4596,
3,Informatics Systems,Vytautas Magnus University,Programuotojas / AI (DI) inžinierius,https://en.cvbankas.lt/programuotojas-ai-di-inzinierius-vilniuje/1-13706229,0.2569,0.5061,
4,Informatics Systems,Vytautas Magnus University,Python Developer with verification,https://www.linkedin.com/jobs/view/4382110244/?eBP=CwEAAAGdXU_zAVAO_JkHnUlWlq5FTm2w9txS4zk3plJpD_WDALDSR-nZEKyX51oUhopH7xJqiX9vn5IIISLcNk12wJXmwHGuOw2uMeUVwQiN4CZ4Y3MGNZ7Tf2PFp5XHfafvWmurdNcrtBuezqono6WP1xFhXSSXgbRK2cP8TWsE0OkDAJRlYZotnixVG_cs-XakUnSD2iVNa16_GWZKtbmauxh9nmm_1REnv848AuKo98-NauVb2gFXiAy7ozAqlhTOmr6lZRHGDaK_klYpmxfDXsxNHCSCcHXZolAneLEuKU09mSYofPrldExOtWMuV8zkwVMzb1LuI1iU1PadyLto1y39Hc_xq0rjNv4EFJEhYdvWtv_6xPGyxWLokBe2OvpGrgTt47o4nowLRwCuReaySGj-iR7t5Q2vqxFOYLLA_CGoKI5444s3RZVM_L5eCSPIWM3TDpV3YhG31zw8irxXIeRVN65g1t5XyQDAwpbJ-BI8diQMQqCjvh0JewDqq3RuU9fLSt1obXfuRQ&refId=6i6qglSW0W6eFOYOHvBmjw%3D%3D&trackingId=ugrRJrGrl32EkgEAU%2BN8ag%3D%3D&trk=flagship3_search_srp_jobs,0.211,0.4802,work independently; web services; Python (computer programming)
5,Informatics Systems,Vytautas Magnus University,IT specialistas procesų automatizavimui,https://en.cvbankas.lt/it-specialistas-procesu-automatizavimui-kaune/1-13254683,0.1921,0.5137,
6,Informatics Systems,Vytautas Magnus University,IT sistemų ir skaitmenizacijos vadovas (-ė),https://en.cvbankas.lt/it-sistemu-ir-skaitmenizacijos-vadovas-e-panevezyje/1-13702931,0.187,0.4942,
7,Informatics Systems,Vytautas Magnus University,DIRBTINIO INTELEKTO IR AUTOMATIZACIJŲ VADOVAS (-Ė),https://en.cvbankas.lt/dirbtinio-intelekto-ir-automatizaciju-vadovas-e-vilniuje/1-13752609,0.1723,0.4564,
8,Informatics Systems,Vytautas Magnus University,📢 IEŠKOME IT SKYRIAUS VADOVO (-ĖS),https://en.cvbankas.lt/ieskome-it-skyriaus-vadovo-es-vilniuje/1-13743017,0.1721,0.5671,
9,Informatics Systems,Vytautas Magnus University,Join our team as a JUNIOR System Analyst!,https://en.cvbankas.lt/join-our-team-as-a-junior-system-analyst-darbas-namuose/1-13699867,0.1684,0.4568,
10,Informatics Systems,Vytautas Magnus University,Data Scientist / AI Engineer with verification,https://www.linkedin.com/jobs/view/4378189302/?eBP=CwEAAAGdXVTxFMm-4oPYFNosv8Vf7Vsb1WuHxZHn1TZFI315fEJU7OFidrXII-DqPZrfrJIgaGKhRs8AUBf_ux485rW8KssKzCz7NdMMYlAC2uyM2tM8bEddorYX5YWfyFVB07UL2mAYGVaoelQVkolalAXP676UGgk2qs-Uj0ulo27RsevBdAoszoIYkWZWvH9lK-mTMGrx_PWUz5IP1Kf4M5K4IF-gwxyWRi4qpnBnlqpdCHGGv3KYFUD7RhHM5z6L1S93nGWJ5Yv6vjcofk-i7GvULxBCddQPxocU_WDHAf27uZ4amKO1fWa02UPll5f9bdZFgRXCD6Wwyi5JXttGWLGsAcBfUVbG9LdLi_wBW1HZBB1FZ3cLfNL2RDoN4JE6lSnCqJjLvGVFqFz0PbByxh4lNdd-h_QXLLF6xcOyqr6Q-Z1iFoe_ULyugiqIXY4SKq8At-InYo9iOiOG3cy8p6e6ajE30HkjtIZePtMBst1REGSSsIdURDjW2R1-eqEBQfERWPL3iG09H_fKKQxEvn8enGI6WYxkhQCl1bWZ&refId=8E32x5IjZ%2BhE0AVcGSKhpw%3D%3D&trackingId=6mOXpn4lFQrodgSou4vGSg%3D%3D&trk=flagship3_search_srp_jobs,0.167,0.5791,
1,Cybersecurity Technologies,Vilnius Business College,Pažeidžiamumų valdymo – įsilaužimų testavimo specialistas (-ė),https://en.cvbankas.lt/pazeidziamumu-valdymo-isilauzimu-testavimo-specialistas-e-vilniuje/1-13194248,0.3525,0.5748,
2,Cybersecurity Technologies,Vilnius Business College,KIBERNETINIO SAUGUMO VADOVAS (-Ė),https://en.cvbankas.lt/kibernetinio-saugumo-vadovas-e-kaune/1-13760617,0.2798,0.668,
3,Cybersecurity Technologies,Vilnius Business College,Cyber Security Specialist,https://en.cvbankas.lt/cyber-security-specialist-vilniuje/1-13680669,0.2774,0.6286,
4,Cybersecurity Technologies,Vilnius Business College,SOC analitikas (-ė) kibernetinių grėsmių paieškai,https://en.cvbankas.lt/soc-analitikas-e-kibernetiniu-gresmiu-paieskai-vilniuje/1-13395656,0.2607,0.593,
5,Cybersecurity Technologies,Vilnius Business College,IRT specialistas (-ė) (SOC ir IT saugos sritis) | Technologijų skyrius,https://en.cvbankas.lt/irt-specialistas-e-soc-ir-it-saugos-sritis-technologiju-skyrius-vilniuje/1-13733709,0.2387,0.5143,in-circuit test; negotiate compromises; manage time
6,Cybersecurity Technologies,Vilnius Business College,IT administratorius (-ė),https://en.cvbankas.lt/it-administratorius-e-kaune/1-13637509,0.2265,0.584,
7,Cybersecurity Technologies,Vilnius Business College,Informacijos saugumo vadovas (-ė) (CISO),https://en.cvbankas.lt/informacijos-saugumo-vadovas-e-ciso-vilniuje/1-13692969,0.2205,0.5681,
8,Cybersecurity Technologies,Vilnius Business College,Information Security Specialist,https://en.cvbankas.lt/information-security-specialist-vilniuje/1-13736475,0.1969,0.5124,
9,Cybersecurity Technologies,Vilnius Business College,IT saugumo inžinierė (-ius) - konsultantė (-as),https://en.cvbankas.lt/it-saugumo-inziniere-ius-konsultante-as-vilniuje/1-13700401,0.1962,0.4876,
10,Cybersecurity Technologies,Vilnius Business College,Software Test Manager,https://www.linkedin.com/jobs/view/4396864190/?eBP=CwEAAAGdXVntZ7QsJYdUiu8Quf2GLuTTaOTbIIsW9fX6b22tbTV_bzCb37ZozkiX5KRayb4GUv1BQqTcF7_xxu1CYrOUTFAmTQpvL7WT0ezznSeyoo8tnS53k7PdamQpWdQE1UqDd7UvGyrO1-0tV8CO0vUXpvrzw61sQgCd5Hiue2Y5R-jNfHa-q8RJNHvUIL_k3YxcMjH_qkx18ch3tLAo8yOgjkGhc12AyiXwuae_8KXKt_xLmPlZdxJtcYohz3FYc3kq0nk8on8MGllXZaxDvi-BS_yRekVzrT83rzBbrsJ74A5-3oZop43Bv6dA_BI_mZrIOpqt0DBlzABSMeQ09ktdQGYEnLc0DhN4inH40tN8PywrJJhOooLoF1Mmoi7Do5ibMrpf3YfKlPOdQvgxDVErgdj_fZ5nydCszfqkhj5q3Bo97h_xdUrfPxP-bIcziNhX-reFZKVmE_9Xh5AnemC5pN9OswbRXPtpfZLXTkCiCj78YIoAA-66Vr54GB0t1Q04kYNIOnwq30xG7nUUr6F6J_Q&refId=6GiEAUVSkDxSu6caJTFUxQ%3D%3D&trackingId=xn00lydtjakgzkFEZO4imw%3D%3D&trk=flagship3_search_srp_jobs,0.1908,0.515,
1,Computer games and animation,SMK College of Applied Sciences,Game Designer,https://en.cvbankas.lt/game-designer-vilniuje/1-13401896,0.4575,0.5406,
2,Computer games and animation,SMK College of Applied Sciences,Junior QA Mobile Game Tester,https://en.cvbankas.lt/junior-qa-mobile-game-tester-vilniuje/1-9804975,0.4057,0.5019,English; operating systems; report facts
3,Computer games and animation,SMK College of Applied Sciences,Gameplay Programmer,https://en.cvbankas.lt/gameplay-programmer-vilniuje/1-9413531,0.3965,0.5744,
4,Computer games and animation,SMK College of Applied Sciences,Vyr. IT projektų vadovas (-ė),https://www.linkedin.com/jobs/view/4378346135/?eBP=BUDGET_EXHAUSTED_JOB&refId=PiFLR9Mgdm2lRnwhShP3aw%3D%3D&trackingId=5xGUtjU5wkZAgVoe55mQ%2Fg%3D%3D&trk=flagship3_search_srp_jobs,0.303,0.5085,
5,Computer games and animation,SMK College of Applied Sciences,Senior IT Project Manager (REMOTE),https://en.cvbankas.lt/senior-it-project-manager-remote-darbas-namuose/1-13699765,0.1701,0.4709,
6,Computer games and animation,SMK College of Applied Sciences,LiveOps Specialist (Games),https://en.cvbankas.lt/liveops-specialist-games-vilniuje/1-13722407,0.1653,0.4678,
7,Computer games and animation,SMK College of Applied Sciences,AI Analyst,https://en.cvbankas.lt/ai-analyst-vilniuje/1-13694389,0.1622,0.5168,
8,Computer games and animation,SMK College of Applied Sciences,Join our PPM team as a System Analyst! 🚀,https://en.cvbankas.lt/join-our-ppm-team-as-a-system-analyst-darbas-namuose/1-13660457,0.1363,0.5434,
9,Computer games and animation,SMK College of Applied Sciences,B2B IT Projektų vadovas (-ė),https://en.cvbankas.lt/b2b-it-projektu-vadovas-e-vilniuje/1-13758119,0.1253,0.4969,
10,Computer games and animation,SMK College of Applied Sciences,MS Power Developer with verification,https://www.linkedin.com/jobs/view/4388682909/?eBP=CwEAAAGdXU_3LZ3gL4U7BnbsjIpQgqlX7Tn-Ceqb0RuNSARraIpZ9TdSn_iOS3kR2LA7B4E0pWSje839r0d5kLSIpCE_3u2b3ChPf40TSMbzm9E6F1ikSdja8_d8wtRI3UKX-QpAbCl42qNkythu4U4t7QQk38mlpHAswdPK1G_3rhBO5UGqhRKEU9qogDM8y636hWupxhspfE7TO308hxKSp87V9RmdXTyFrNl6y1j5rXzKDXWCDDmeaw_LdAMhB3DW-iX7HBmgnzRN1XnpSQ44i7nsOnYbiSBK-EfkkhDUI337_ShuaWQo6fH_J-RLprg025JbAKGAdjbDNciS9Uaywb9boIrcbHRCth6N-gk1z8ANTonRqpTjJ2wTihx_D_D6Gu5Pz0ZA_oahiNJoOzS_7VdTnLOPLcWdZTYjfB-jBe5q1VJJEUtsUBgGgGsgiMHYyvIWjF0_fULYR7KpWHG7FyVtMZ9_o8sxiReLsXuDO1PyW1IWkiMUmqikwuHj1zoop1uzBe-MXz3wwEZeBQ0s2PqUsl5a_--KrkMOYQ&refId=wk4fVenEURubDB1Ehtm5HQ%3D%3D&trackingId=O3SCG%2FbG%2FA%2FfnBafzp8pQw%3D%3D&trk=flagship3_search_srp_jobs,0.0991,0.4901,
1,Media Technologies,Vilnius Business College,Senior IT Project Manager (REMOTE),https://en.cvbankas.lt/senior-it-project-manager-remote-darbas-namuose/1-13699765,0.3223,0.4943,
2,Media Technologies,Vilnius Business College,Jaunesnysis (-ioji) socialinių tinklų reklamos dizaineris (-ė) / IT projektų specialistas (-ė),https://en.cvbankas.lt/jaunesnysis-ioji-socialiniu-tinklu-reklamos-dizaineris-e-it-projektu-specialistas-e-vilniuje/1-13750591,0.2595,0.6102,
3,Media Technologies,Vilnius Business College,Paid Summer Internship in the IT Department,https://en.cvbankas.lt/paid-summer-internship-in-the-it-department-klaipedoje/1-13752753,0.249,0.5541,
4,Media Technologies,Vilnius Business College,IT projektų vadovė (-as),https://en.cvbankas.lt/it-projektu-vadove-as-klaipedoje/1-12847891,0.1906,0.5613,
5,Media Technologies,Vilnius Business College,IT SISTEMŲ TESTUOTOJAS (-A),https://en.cvbankas.lt/it-sistemu-testuotojas-a-kaune/1-9459234,0.1764,0.4955,
6,Media Technologies,Vilnius Business College,IT PROJECT MANAGER/ IT PROJEKTŲ VADOVAS,https://en.cvbankas.lt/it-project-manager-it-projektu-vadovas-vilniuje/1-12272436,0.1696,0.5312,
7,Media Technologies,Vilnius Business College,Telekomunikacijų specialistas – bazinių stočių montuotojas LIETUVA,https://en.cvbankas.lt/telekomunikaciju-specialistas-baziniu-stociu-montuotojas-lietuva-vilniuje/1-13540245,0.1636,0.4993,German; history; procurement of ICT network equipment
8,Media Technologies,Vilnius Business College,PRODUKTŲ VADOVAS (-Ė),https://en.cvbankas.lt/produktu-vadovas-e-vilniuje/1-13753687,0.1633,0.5181,
9,Media Technologies,Vilnius Business College,Junior Front-End Developer,https://en.cvbankas.lt/junior-front-end-developer-kaune/1-13750941,0.1621,0.5361,
10,Media Technologies,Vilnius Business College,Join our Marketing Team as a Website and Content Specialist,https://en.cvbankas.lt/join-our-marketing-team-as-a-website-and-content-specialist-siauliuose/1-13746459,0.1488,0.5455,
1,Multimedia and Internet Technologies,Vytautas Magnus University,Techninio aptarnavimo specialistas (-ė) - darbas studentams!,https://en.cvbankas.lt/techninio-aptarnavimo-specialistas-e-darbas-studentams-vilniuje/1-13760729,0.4375,0.4718,
2,Multimedia and Internet Technologies,Vytautas Magnus University,IT specialisto (-ės) asistentas (-ė) Vilniuje,https://en.cvbankas.lt/it-specialisto-es-asistentas-e-vilniuje-vilniuje/1-13697171,0.3242,0.4496,
3,Multimedia and Internet Technologies,Vytautas Magnus University,Junior Web Developer - EU,https://www.linkedin.com/jobs/view/4389080234/?eBP=CwEAAAGdXU_zASg4TwgZKUAiTxrKKJH-4gVPbmYxNlxlzZvE3qLOBdOh7nW5jkgxKK_CfCrbjlZqMvW8S84crk4xHdP4feNzIq5BVb3U4ibbvI3pQpWL0F6e8v8X92u7-ixIpqPlJ2EyA6n9O7ZIgO76RL-JlTRT8YNxXrsBMlH3DCpaQEKoV5qv72oexdzjoJc1kMSjdZRud2QmJiGlHb-DpXP5SpGFNzT1LKeexOPLSlaUTA5uohhraQnLXN6yWMgDQ2KI_HDSG6I2NoGNRjUShNryd-UAeEm_dzU-vtQCG_zfHrYLFZpNMmdVKhcIx3OuuhwBE4glwTTb1IZyuz2kjn9-ua9OZFxdILLHIYh9vNkWIhPwRWnNAUC_n11k-SC4HuhXrNWy47V2IJ0Bu1-TAWc-hBFzeECOLFAZnjN06lKsF1rKGlaHUy_c0DYTBGyBH7hzOJR7cLbATQJIgxdFde8GQzIhIjJqg7JGbp8JF1wZeLXJxmPh5AmCCq_8aNW05qU2o3iRmObs4c5uUONPrs-zMll961gUez--OUxFvpU&refId=6i6qglSW0W6eFOYOHvBmjw%3D%3D&trackingId=OX8dd8PLCLsZiMIJUlT4jQ%3D%3D&trk=flagship3_search_srp_jobs,0.2806,0.491,
4,Multimedia and Internet Technologies,Vytautas Magnus University,Jaunesnysis (-ioji) socialinių tinklų reklamos dizaineris (-ė) / IT projektų specialistas (-ė),https://en.cvbankas.lt/jaunesnysis-ioji-socialiniu-tinklu-reklamos-dizaineris-e-it-projektu-specialistas-e-vilniuje/1-13750591,0.2729,0.5537,
5,Multimedia and Internet Technologies,Vytautas Magnus University,Principal UX/UI Engineer with verification,https://www.linkedin.com/jobs/view/4385527160/?eBP=CwEAAAGdXVJzL-ZYItpBJnbOWNkH1FZIY45yClo5MJCZqaLseX6zIy3GLLErc_W0JVxYqurXjCbmUWUTxkfdrR2bt6OwC5nlZG-kK1DMFvrCN0mrMTgXAD1ehbZkCoW0p10PXNjxKlEDjdX70AmSPN5uYpr-MdBm-NcqdIQ8aog3OAMrjsX8QES62VTkhSUjv9FKlI3eSnPcvpza_3JkhxbOgOcTexW0b2EyMtNMxATDYnPQ0edX_i9ZUKtRE2mu5oPgzzJ6aYKwzzuQGhxvutfgUK6I5TZuR3m3dNe5QoN3qlxDzFbZFv4rST8ihVuicBPZnonbmaCSEpfUQAKwFLBd1QNyreTWg7qfn9VlPGyze08k6l44Z4DUKFEbyPPvTMz55R7NJzv3AneMR4vmINwlShnbrAwl1CkvTah5P6c1D_I6dg9X--SSAvhaoFoju9-MZs7rYlnmt_syOs09TjVQG98cXcvBDQ8vG3K46cU8Tj0M660ey8czn7H2dMHE7JvqK8whqSK5HpbabNzK98t1QrDh2exzc_omPJIpNg&refId=9cGkUbOOhOKqDBgZIBV0VQ%3D%3D&trackingId=ok1a5PBMVOT1x34kr0AGrw%3D%3D&trk=flagship3_search_srp_jobs,0.2609,0.5172,
6,Multimedia and Internet Technologies,Vytautas Magnus University,Software Engineer (.Net) / Programuotojas inžinierius (.Net),https://en.cvbankas.lt/software-engineer-net-programuotojas-inzinierius-net-vilniuje/1-13539917,0.2395,0.4512,English; firmware; optical engineering
7,Multimedia and Internet Technologies,Vytautas Magnus University,Paid Summer Internship in the IT Department,https://en.cvbankas.lt/paid-summer-internship-in-the-it-department-klaipedoje/1-13752753,0.2288,0.4915,English; computer engineering; design thinking
8,Multimedia and Internet Technologies,Vytautas Magnus University,Full-Stack Developer – Remote,https://en.cvbankas.lt/full-stack-developer-remote-vilniuje/1-13726333,0.2212,0.4813,
9,Multimedia and Internet Technologies,Vytautas Magnus University,Full-stack software engineer,https://en.cvbankas.lt/full-stack-software-engineer-vilniuje/1-12689751,0.204,0.4744,
10,Multimedia and Internet Technologies,Vytautas Magnus University,FULL STACK PROGRAMUOTOJAS (-A),https://en.cvbankas.lt/full-stack-programuotojas-a-vilniuje/1-13749131,0.1829,0.4954,
1,Programming and Internet Technologies,Vilnius Business College,Dynamics 365 projektų vadovas (-ė),https://en.cvbankas.lt/dynamics-365-projektu-vadovas-e-vilniuje/1-10309027,0.2535,0.4999,
2,Programming and Internet Technologies,Vilnius Business College,Paid Summer Internship in the IT Department,https://en.cvbankas.lt/paid-summer-internship-in-the-it-department-klaipedoje/1-13752753,0.2306,0.5571,
3,Programming and Internet Technologies,Vilnius Business College,B2B IT Projektų vadovas (-ė),https://en.cvbankas.lt/b2b-it-projektu-vadovas-e-vilniuje/1-13758119,0.203,0.4951,accounting; manage time; assume responsibility
4,Programming and Internet Technologies,Vilnius Business College,IT ANALITIKAS (-Ė),https://en.cvbankas.lt/it-analitikas-e-kaune/1-13682887,0.2028,0.5044,
5,Programming and Internet Technologies,Vilnius Business College,SAP DATA Services Developer with verification,https://www.linkedin.com/jobs/view/4390914503/?eBP=CwEAAAGdXVTxFcI6g9hH53N1HLbm8qUIlDCF29qdU73aSnKw2A9Sm0OKg4wH1WUAV60u3dhjnQkze7yyqC8OEFvq91eR0kmqJg2F9SZgBy-P0l_zmfETpFkq7EO-iFmTiW0lQC6yfMwoTMijJbMFzdQlKLaeJpq-M-k8CYM61f7srpH_zkGA7_ZRru4Kzhvn1PSdxJCJq5jSve_PRB9Beni0IliEe8GgTy8tBCz9opPwsSievwfmSWA0FCFyh_TXiVZRcgT4mjCCpPSi36AtP-2FA3uN6prNDU3tolKpvnY0vmtulhj6BUoWYmPeBB1H_jeY849GGS1D0CpyEzazZLt54NP9bRVV-gtaUWujPp9BGT73-wQGvj4NktTMBrr8XjZnRWa0NHHbGBnv9Thh98ifEFRjhVxb8ztaftEHHQfaBDX9nCYY0T_7brNhqeOe4R5wZXX1Pay8S4S7UwG0SJxjQTxoL12iGaa1GUEZC1PE-oL8kZJ4sHR4OmKC3avjeXcVrsqxpKnpmsdCamYtX3BNMR_EowrEaFmIY5Sr9w&refId=8E32x5IjZ%2BhE0AVcGSKhpw%3D%3D&trackingId=sAoLzTehYU0i6vxN8a7ZUw%3D%3D&trk=flagship3_search_srp_jobs,0.2003,0.4748,SQL; migration; robotics
6,Programming and Internet Technologies,Vilnius Business College,Supply Chain Continuous Improvement Intern,https://en.cvbankas.lt/supply-chain-continuous-improvement-intern-vilniuje/1-13716155,0.1787,0.4839,
7,Programming and Internet Technologies,Vilnius Business College,"IT projektų vadovė (-as) (IT / OT, ICS / SCADA sritis)",https://en.cvbankas.lt/it-projektu-vadove-as-it-ot-ics-scada-sritis-vilniuje/1-13640803,0.1753,0.5392,
8,Programming and Internet Technologies,Vilnius Business College,"Youth LAB – Application Support intern | SEB Group, Vilnius",https://en.cvbankas.lt/youth-lab-application-support-intern-seb-group-vilnius-vilniuje/1-13713017,0.1667,0.5095,
9,Programming and Internet Technologies,Vilnius Business College,BI programuotojas (-a),https://en.cvbankas.lt/bi-programuotojas-a-kaune/1-13753903,0.1614,0.4848,
10,Programming and Internet Technologies,Vilnius Business College,IT PROJECT MANAGER/ IT PROJEKTŲ VADOVAS,https://en.cvbankas.lt/it-project-manager-it-projektu-vadovas-vilniuje/1-12272436,0.1471,0.5077,
1,Digital Design Technologies,Lithuania Business College,Vyr. IT projektų vadovas (-ė),https://www.linkedin.com/jobs/view/4378346135/?eBP=BUDGET_EXHAUSTED_JOB&refId=PiFLR9Mgdm2lRnwhShP3aw%3D%3D&trackingId=5xGUtjU5wkZAgVoe55mQ%2Fg%3D%3D&trk=flagship3_search_srp_jobs,0.367,0.4819,
2,Digital Design Technologies,Lithuania Business College,PRODUKTŲ VADOVAS (-Ė),https://en.cvbankas.lt/produktu-vadovas-e-vilniuje/1-13753687,0.2612,0.5072,
3,Digital Design Technologies,Lithuania Business College,Jaunesnysis (-ioji) socialinių tinklų reklamos dizaineris (-ė) / IT projektų specialistas (-ė),https://en.cvbankas.lt/jaunesnysis-ioji-socialiniu-tinklu-reklamos-dizaineris-e-it-projektu-specialistas-e-vilniuje/1-13750591,0.2539,0.5617,
4,Digital Design Technologies,Lithuania Business College,UX/UI Designer with verification,https://www.linkedin.com/jobs/view/4384044657/?eBP=CwEAAAGdXVntZ6hIgx08w3qCbBk1iDqslehskjgNQPkqly3ZPF1DwL1kc-FdkI4KKjKQyn4rfIQ5TYqz9q1McHEjXbHBc_TbMC5a1-fBVSJyCEPyMRJnQJ7t08Ma-gFFRvyTpOC7Vfuz31E8m9c5TlimNEWdbmjdw_F5-Avhgx0RpPB9JPvp6k3yJCwKoUdDvENZMdUG3PqZ-eOsaFuoIr3DDAJlGQYh6bbyEufxjOmlmIEwAGkiMpOofKslB-rqMmshm0CaYs_dr2fG2fNdGBn9GFDMJQIXC8FEYoGZhSM72MSMw7E-Kw6SdclnPtyGtiD6AgvfYJ-GnIxOpqu2z27gT9YrAtw9kSrMHaYny7pwoNUDuS0zvhk17Bj6MFAHXq3rtUxPd2M5_q6HozJk_GoCBto7MLpFAgkeEqozDEPF02Zk4JsPNw0VVDSJVSfckYgtDVBCYZjkd3peIVb2e447VGnLwh9yg0QVU6TFUhDHzxppyWdZ6YMf4RWwU9XvlPddEWDiN2wQaqadl2tCdCdQx4NywauwixW_8pqBAg&refId=6GiEAUVSkDxSu6caJTFUxQ%3D%3D&trackingId=0PIA6%2BBsUqjxxCn8F2s7sg%3D%3D&trk=flagship3_search_srp_jobs,0.2064,0.4792,
5,Digital Design Technologies,Lithuania Business College,IT specialisto (-ės) asistentas (-ė) Vilniuje,https://en.cvbankas.lt/it-specialisto-es-asistentas-e-vilniuje-vilniuje/1-13697171,0.2064,0.489,
6,Digital Design Technologies,Lithuania Business College,Vyriausiasis (-oji) aplikacijų kūrimo inžinierius (-ė) (Senior Front-end engineer),https://en.cvbankas.lt/vyriausiasis-oji-aplikaciju-kurimo-inzinierius-e-senior-front-end-engineer-vilniuje/1-13760315,0.1972,0.517,
7,Digital Design Technologies,Lithuania Business College,DESIGN ENGINEER,https://en.cvbankas.lt/design-engineer-klaipedoje/1-13757329,0.1543,0.5541,
8,Digital Design Technologies,Lithuania Business College,IT SISTEMŲ TESTUOTOJAS (-A),https://en.cvbankas.lt/it-sistemu-testuotojas-a-kaune/1-9459234,0.1513,0.4681,
9,Digital Design Technologies,Lithuania Business College,B2B IT Projektų vadovas (-ė),https://en.cvbankas.lt/b2b-it-projektu-vadovas-e-vilniuje/1-13758119,0.1417,0.4927,
10,Digital Design Technologies,Lithuania Business College,IT projektų vadovė (-as),https://en.cvbankas.lt/it-projektu-vadove-as-klaipedoje/1-12847891,0.1303,0.4985,
1,Applied Informatics and Programming,Lithuania Business College,JAVA programuotojas (-a) (Integraciniams sprendimams),https://en.cvbankas.lt/java-programuotojas-a-integraciniams-sprendimams-vilniuje/1-13749639,0.1978,0.5327,
2,Applied Informatics and Programming,Lithuania Business College,.NET programuotojas (-a),https://en.cvbankas.lt/net-programuotojas-a-vilniuje/1-13750639,0.1973,0.5091,
3,Applied Informatics and Programming,Lithuania Business College,.NET programuotojas (-a),https://en.cvbankas.lt/net-programuotojas-a-vilniuje/1-13749675,0.1739,0.5253,
4,Applied Informatics and Programming,Lithuania Business College,IT SISTEMŲ TESTUOTOJAS (-A),https://en.cvbankas.lt/it-sistemu-testuotojas-a-kaune/1-9459234,0.159,0.5051,
5,Applied Informatics and Programming,Lithuania Business College,Full-stack software engineer,https://en.cvbankas.lt/full-stack-software-engineer-vilniuje/1-12689751,0.1425,0.4968,
6,Applied Informatics and Programming,Lithuania Business College,PHP programuotojas (-a) | Mid / Strong Mid,https://en.cvbankas.lt/php-programuotojas-a-mid-strong-mid-vilniuje/1-13752651,0.1267,0.497,
7,Applied Informatics and Programming,Lithuania Business College,IT sistemų testuotojas (-a),https://en.cvbankas.lt/it-sistemu-testuotojas-a-kaune/1-13736493,0.1214,0.4994,
8,Applied Informatics and Programming,Lithuania Business College,MS Power Developer with verification,https://www.linkedin.com/jobs/view/4388682909/?eBP=CwEAAAGdXU_3LZ3gL4U7BnbsjIpQgqlX7Tn-Ceqb0RuNSARraIpZ9TdSn_iOS3kR2LA7B4E0pWSje839r0d5kLSIpCE_3u2b3ChPf40TSMbzm9E6F1ikSdja8_d8wtRI3UKX-QpAbCl42qNkythu4U4t7QQk38mlpHAswdPK1G_3rhBO5UGqhRKEU9qogDM8y636hWupxhspfE7TO308hxKSp87V9RmdXTyFrNl6y1j5rXzKDXWCDDmeaw_LdAMhB3DW-iX7HBmgnzRN1XnpSQ44i7nsOnYbiSBK-EfkkhDUI337_ShuaWQo6fH_J-RLprg025JbAKGAdjbDNciS9Uaywb9boIrcbHRCth6N-gk1z8ANTonRqpTjJ2wTihx_D_D6Gu5Pz0ZA_oahiNJoOzS_7VdTnLOPLcWdZTYjfB-jBe5q1VJJEUtsUBgGgGsgiMHYyvIWjF0_fULYR7KpWHG7FyVtMZ9_o8sxiReLsXuDO1PyW1IWkiMUmqikwuHj1zoop1uzBe-MXz3wwEZeBQ0s2PqUsl5a_--KrkMOYQ&refId=wk4fVenEURubDB1Ehtm5HQ%3D%3D&trackingId=O3SCG%2FbG%2FA%2FfnBafzp8pQw%3D%3D&trk=flagship3_search_srp_jobs,0.1153,0.5247,Source (digital game creation systems); tools for software configuration management; NoSQL
9,Applied Informatics and Programming,Lithuania Business College,IT ANALITIKAS (-Ė),https://en.cvbankas.lt/it-analitikas-e-kaune/1-13682887,0.1049,0.5248,
10,Applied Informatics and Programming,Lithuania Business College,PRODUKTŲ VADOVAS (-Ė),https://en.cvbankas.lt/produktu-vadovas-e-vilniuje/1-13753687,0.0973,0.535,
1,Game Development,Vilnius Business College,Paid Summer Internship in the IT Department,https://en.cvbankas.lt/paid-summer-internship-in-the-it-department-klaipedoje/1-13752753,0.3396,0.5453,
2,Game Development,Vilnius Business College,Gameplay Programmer,https://en.cvbankas.lt/gameplay-programmer-vilniuje/1-9413531,0.3026,0.4944,
3,Game Development,Vilnius Business College,Game Designer,https://en.cvbankas.lt/game-designer-vilniuje/1-13401896,0.2528,0.4532,
4,Game Development,Vilnius Business College,Junior QA Mobile Game Tester,https://en.cvbankas.lt/junior-qa-mobile-game-tester-vilniuje/1-9804975,0.2373,0.4386,
5,Game Development,Vilnius Business College,IT SUPPORTER with development opportunity in Data Integration,https://en.cvbankas.lt/it-supporter-with-development-opportunity-in-data-integration-marijampoleje/1-13685295,0.2283,0.4391,
6,Game Development,Vilnius Business College,B2B IT Projektų vadovas (-ė),https://en.cvbankas.lt/b2b-it-projektu-vadovas-e-vilniuje/1-13758119,0.2095,0.449,
7,Game Development,Vilnius Business College,Dynamics 365 projektų vadovas (-ė),https://en.cvbankas.lt/dynamics-365-projektu-vadovas-e-vilniuje/1-10309027,0.1968,0.4367,
8,Game Development,Vilnius Business College,Associate Data Engineer with verification,https://www.linkedin.com/jobs/view/4383917782/?eBP=CwEAAAGdXVJvGQUVxTx-5JV5SxwZr4iay8a2Jxhh9v1T57lab3xyF-C0Vn033ov2DjEak78uVoqZbtM1oxjnZZO7YOGsgcfPJ2KJyy9d_53inZVefEmD-Z6mK8b-pz3B_4j3W9qPz5QIj9QeQJ1v80KMfDA8CRQPLRYAJ2Hw3iMFkfpUz90fi1Un-4KMYVvheyUipKyQ4mHHrH6tPbXbQa2OYS32QHwHbLQum_ZnqF0ydBxADvrWiQfEnm8GBJvkCz4FDbpMusmAoTUUThaHi0J0gLiHnT7YU0q3XInmfBp_1BcK8pYFBa1l1Fl9a80wnAUFWB6A04PRn9tYjwBRjOyq8sxzriridYB0oLcjTjb8kyM0XM6w3IJCbiUpR6c6PiA8ljTdKekdxf7qVBBKwqK_i8zHTRYSInNVW2drRy_kyfASusAogBx2S8yRy0EPSD1naBdysJWXnt_MxVghhobULeso1rDmF2lhsk-B_pRI0gMRiEb-Pxox-wLg9t16ks6m1weII6A6lP5kBWi7bKa9KSwyhvLdLEnV&refId=oGrIqh2UiA%2B55SwayS87gA%3D%3D&trackingId=IgK6sWDz7yNsd122YUdOSA%3D%3D&trk=flagship3_search_srp_jobs,0.1935,0.431,
9,Game Development,Vilnius Business College,IT ANALITIKAS (-Ė),https://en.cvbankas.lt/it-analitikas-e-kaune/1-13682887,0.1862,0.4655,
10,Game Development,Vilnius Business College,"Youth LAB – Application Support intern | SEB Group, Vilnius",https://en.cvbankas.lt/youth-lab-application-support-intern-seb-group-vilnius-vilniuje/1-13713017,0.184,0.4731,
1,Game Development and Digital Animation,Mykolas Romeris University,Game Designer,https://en.cvbankas.lt/game-designer-vilniuje/1-13401896,0.4347,0.5298,
2,Game Development and Digital Animation,Mykolas Romeris University,Gameplay Programmer,https://en.cvbankas.lt/gameplay-programmer-vilniuje/1-9413531,0.3055,0.5402,
3,Game Development and Digital Animation,Mykolas Romeris University,LiveOps Specialist (Games),https://en.cvbankas.lt/liveops-specialist-games-vilniuje/1-13722407,0.1946,0.4593,
4,Game Development and Digital Animation,Mykolas Romeris University,Software Engineer with verification,https://www.linkedin.com/jobs/view/4381996513/?eBP=CwEAAAGdXU_zAb95t4K_owvu6iwiZGwdHglm4Tfl-Uigey0SKXX3ZhMEzHMhuJC2KUvwmy6w7Ydd6zvTJm_p9o6pZZrS2OUg6V92dvtDSLJcOEcokhbWI5vj-QkKF2DSyiJvGIRxCOh7b-eb5Ku6xJjUFYRjPk7YYtVCsf71uuo3RDpLZ-HdtarpZiF3rLx69nLfXqXtSWn_3JVHQTExODQRTJ07BvJZ7dmWAs3wp676XRn9Amol3Gbv0d7l5R9rtkt1sbLs27CeZYx7FKC9_MMfSifWG8ItUWkbXmWiD_kA0BXZLe1b-9mZUmQGiLuX7n9dFQYH4LPDxVxtltP5IiarXxbFZpOJ7djky6fJczxSESQpnuPbT7IwFm6Nu9zOiBvQT2WNpvOFnm-BKpaIIJhpNtPH4Dzn91kSdhQ2PoW0SxyFajn6WEIrh134tWmbW6ySC9D7syUPmu0iHXDovkmCLySpfdjrOxeiBM32ZzBA9Jtr_iIXnS2jl2txcPbStKrFn2lVArpIG3llsh-KjKMmQ8dn1WujgPQi&refId=6i6qglSW0W6eFOYOHvBmjw%3D%3D&trackingId=ju9M5tP58DVyZRBJ0Hgp5w%3D%3D&trk=flagship3_search_srp_jobs,0.19,0.4677,seek innovation in current practices; C#; application process
5,Game Development and Digital Animation,Mykolas Romeris University,Senior IT Project Manager (REMOTE),https://en.cvbankas.lt/senior-it-project-manager-remote-darbas-namuose/1-13699765,0.1568,0.4702,
6,Game Development and Digital Animation,Mykolas Romeris University,DESIGN ENGINEER,https://en.cvbankas.lt/design-engineer-klaipedoje/1-13757329,0.1557,0.5602,
7,Game Development and Digital Animation,Mykolas Romeris University,Principal UX/UI Engineer with verification,https://www.linkedin.com/jobs/view/4385527160/?eBP=CwEAAAGdXVJzL-ZYItpBJnbOWNkH1FZIY45yClo5MJCZqaLseX6zIy3GLLErc_W0JVxYqurXjCbmUWUTxkfdrR2bt6OwC5nlZG-kK1DMFvrCN0mrMTgXAD1ehbZkCoW0p10PXNjxKlEDjdX70AmSPN5uYpr-MdBm-NcqdIQ8aog3OAMrjsX8QES62VTkhSUjv9FKlI3eSnPcvpza_3JkhxbOgOcTexW0b2EyMtNMxATDYnPQ0edX_i9ZUKtRE2mu5oPgzzJ6aYKwzzuQGhxvutfgUK6I5TZuR3m3dNe5QoN3qlxDzFbZFv4rST8ihVuicBPZnonbmaCSEpfUQAKwFLBd1QNyreTWg7qfn9VlPGyze08k6l44Z4DUKFEbyPPvTMz55R7NJzv3AneMR4vmINwlShnbrAwl1CkvTah5P6c1D_I6dg9X--SSAvhaoFoju9-MZs7rYlnmt_syOs09TjVQG98cXcvBDQ8vG3K46cU8Tj0M660ey8czn7H2dMHE7JvqK8whqSK5HpbabNzK98t1QrDh2exzc_omPJIpNg&refId=9cGkUbOOhOKqDBgZIBV0VQ%3D%3D&trackingId=ok1a5PBMVOT1x34kr0AGrw%3D%3D&trk=flagship3_search_srp_jobs,0.1536,0.4785,
8,Game Development and Digital Animation,Mykolas Romeris University,UX/UI Designer with verification,https://www.linkedin.com/jobs/view/4384044657/?eBP=CwEAAAGdXVntZ6hIgx08w3qCbBk1iDqslehskjgNQPkqly3ZPF1DwL1kc-FdkI4KKjKQyn4rfIQ5TYqz9q1McHEjXbHBc_TbMC5a1-fBVSJyCEPyMRJnQJ7t08Ma-gFFRvyTpOC7Vfuz31E8m9c5TlimNEWdbmjdw_F5-Avhgx0RpPB9JPvp6k3yJCwKoUdDvENZMdUG3PqZ-eOsaFuoIr3DDAJlGQYh6bbyEufxjOmlmIEwAGkiMpOofKslB-rqMmshm0CaYs_dr2fG2fNdGBn9GFDMJQIXC8FEYoGZhSM72MSMw7E-Kw6SdclnPtyGtiD6AgvfYJ-GnIxOpqu2z27gT9YrAtw9kSrMHaYny7pwoNUDuS0zvhk17Bj6MFAHXq3rtUxPd2M5_q6HozJk_GoCBto7MLpFAgkeEqozDEPF02Zk4JsPNw0VVDSJVSfckYgtDVBCYZjkd3peIVb2e447VGnLwh9yg0QVU6TFUhDHzxppyWdZ6YMf4RWwU9XvlPddEWDiN2wQaqadl2tCdCdQx4NywauwixW_8pqBAg&refId=6GiEAUVSkDxSu6caJTFUxQ%3D%3D&trackingId=0PIA6%2BBsUqjxxCn8F2s7sg%3D%3D&trk=flagship3_search_srp_jobs,0.1437,0.4654,software interaction design; graphic design; demonstrate curiosity
9,Game Development and Digital Animation,Mykolas Romeris University,AI Analyst,https://en.cvbankas.lt/ai-analyst-vilniuje/1-13694389,0.1247,0.4937,
10,Game Development and Digital Animation,Mykolas Romeris University,MID ERP SISTEMŲ (JAVA/KITA KALBA) PROGRAMUOTOJAS,https://en.cvbankas.lt/mid-erp-sistemu-java-kita-kalba-programuotojas-kaune/1-13753589,0.1183,0.4923,
1,Artificial Intelligence Systems,Vilnius Gediminas Technical University,DIRBTINIO INTELEKTO INŽINIERĖ (-IUS) IT skyriuje,https://en.cvbankas.lt/dirbtinio-intelekto-inziniere-ius-it-skyriuje-vilniuje/1-13749365,0.277,0.5884,
2,Artificial Intelligence Systems,Vilnius Gediminas Technical University,IT specialistas procesų automatizavimui,https://en.cvbankas.lt/it-specialistas-procesu-automatizavimui-kaune/1-13254683,0.2576,0.5183,
3,Artificial Intelligence Systems,Vilnius Gediminas Technical University,AI Practitioner,https://en.cvbankas.lt/ai-practitioner-vilniuje/1-13746557,0.2319,0.4815,Java (computer programming); personal development; English
4,Artificial Intelligence Systems,Vilnius Gediminas Technical University,MLOps engineer with expertise in Ray and Kubeflow vLLM SkyPikot on kubernetes,https://en.cvbankas.lt/mlops-engineer-with-expertise-in-ray-and-kubeflow-vllm-skypikot-on-kubernetes-darbas-namuose/1-13742747,0.1824,0.4758,
5,Artificial Intelligence Systems,Vilnius Gediminas Technical University,Programuotojas / AI (DI) inžinierius,https://en.cvbankas.lt/programuotojas-ai-di-inzinierius-vilniuje/1-13706229,0.1753,0.5167,
6,Artificial Intelligence Systems,Vilnius Gediminas Technical University,Python Developer,https://en.cvbankas.lt/python-developer-kaune/1-13706605,0.1685,0.5103,childbirth; team building; web services
7,Artificial Intelligence Systems,Vilnius Gediminas Technical University,Data Scientist / AI Engineer with verification,https://www.linkedin.com/jobs/view/4378189302/?eBP=CwEAAAGdXVTxFMm-4oPYFNosv8Vf7Vsb1WuHxZHn1TZFI315fEJU7OFidrXII-DqPZrfrJIgaGKhRs8AUBf_ux485rW8KssKzCz7NdMMYlAC2uyM2tM8bEddorYX5YWfyFVB07UL2mAYGVaoelQVkolalAXP676UGgk2qs-Uj0ulo27RsevBdAoszoIYkWZWvH9lK-mTMGrx_PWUz5IP1Kf4M5K4IF-gwxyWRi4qpnBnlqpdCHGGv3KYFUD7RhHM5z6L1S93nGWJ5Yv6vjcofk-i7GvULxBCddQPxocU_WDHAf27uZ4amKO1fWa02UPll5f9bdZFgRXCD6Wwyi5JXttGWLGsAcBfUVbG9LdLi_wBW1HZBB1FZ3cLfNL2RDoN4JE6lSnCqJjLvGVFqFz0PbByxh4lNdd-h_QXLLF6xcOyqr6Q-Z1iFoe_ULyugiqIXY4SKq8At-InYo9iOiOG3cy8p6e6ajE30HkjtIZePtMBst1REGSSsIdURDjW2R1-eqEBQfERWPL3iG09H_fKKQxEvn8enGI6WYxkhQCl1bWZ&refId=8E32x5IjZ%2BhE0AVcGSKhpw%3D%3D&trackingId=6mOXpn4lFQrodgSou4vGSg%3D%3D&trk=flagship3_search_srp_jobs,0.1617,0.5937,SQL; cognitive computing; NoSQL
8,Artificial Intelligence Systems,Vilnius Gediminas Technical University,AI Engineer (Applied AI) with verification,https://www.linkedin.com/jobs/view/4354609788/?eBP=CwEAAAGdXU_3Lpjva5gehuwkyxZOOeCMBLNABZouwvt95moQqldkZj82d9MFxAibHKwvHcRydrXa6rtBTFPsNBV4zX_5A9KyNJf_-ofgUfq-YZy77hlw36EosJqJdYRk9kmsGtqraQU9QmeTS5B89rNfVK9JUwgH9JOInDbgeM7epx921DQd72SXaWo1M0sb7HPrANFJ8FeiSgJOGh6xnkYWXMiBHEXNBJAecBgWS__K1NYvsYF60BZMbiTaH_Fm_SaXOiAcdqqFCab_EOtkdZzXKLDlT-W5wJSMXMeTqBv0slR8E8kDATovomB-czBgotIfWw9P9QX5o2s3qOh9QNMYse5ipOuzs1PSB2z1LQ3vhmi-GmGjkSX-MNTAPOgg2fRDV8aFmuACRRT6zWk8hRzE0XZd-FYmj-XKmqo9Veo0dJ62XkYlmgHz8aSHlLU9FV4-GypB9bSK156pWGRrTqxwjjyRrbfPWrduFwS0Rf7o30kJlFxUrKo8awCgQca5ifXdmZIc2QR8EekFCC7YSUkcjXohNje0D35mC3QLNQ&refId=wk4fVenEURubDB1Ehtm5HQ%3D%3D&trackingId=t02SStjRfp6kvPP77%2BKNiw%3D%3D&trk=flagship3_search_srp_jobs,0.151,0.5526,
9,Artificial Intelligence Systems,Vilnius Gediminas Technical University,MS Power Developer with verification,https://www.linkedin.com/jobs/view/4388682909/?eBP=CwEAAAGdXU_3LZ3gL4U7BnbsjIpQgqlX7Tn-Ceqb0RuNSARraIpZ9TdSn_iOS3kR2LA7B4E0pWSje839r0d5kLSIpCE_3u2b3ChPf40TSMbzm9E6F1ikSdja8_d8wtRI3UKX-QpAbCl42qNkythu4U4t7QQk38mlpHAswdPK1G_3rhBO5UGqhRKEU9qogDM8y636hWupxhspfE7TO308hxKSp87V9RmdXTyFrNl6y1j5rXzKDXWCDDmeaw_LdAMhB3DW-iX7HBmgnzRN1XnpSQ44i7nsOnYbiSBK-EfkkhDUI337_ShuaWQo6fH_J-RLprg025JbAKGAdjbDNciS9Uaywb9boIrcbHRCth6N-gk1z8ANTonRqpTjJ2wTihx_D_D6Gu5Pz0ZA_oahiNJoOzS_7VdTnLOPLcWdZTYjfB-jBe5q1VJJEUtsUBgGgGsgiMHYyvIWjF0_fULYR7KpWHG7FyVtMZ9_o8sxiReLsXuDO1PyW1IWkiMUmqikwuHj1zoop1uzBe-MXz3wwEZeBQ0s2PqUsl5a_--KrkMOYQ&refId=wk4fVenEURubDB1Ehtm5HQ%3D%3D&trackingId=O3SCG%2FbG%2FA%2FfnBafzp8pQw%3D%3D&trk=flagship3_search_srp_jobs,0.1371,0.4773,SQL; English; NoSQL
10,Artificial Intelligence Systems,Vilnius Gediminas Technical University,Experienced AI Engineer/Data Scientist,https://en.cvbankas.lt/experienced-ai-engineer-data-scientist-vilniuje/1-13500505,0.1337,0.5671,mathematics; physics; economics
1,Information Systems and Cyber Security,Vilnius University,Informacijos saugos specialistas (-ė),https://en.cvbankas.lt/informacijos-saugos-specialistas-e-vilniuje/1-13751575,0.2994,0.6447,English; communication; think analytically
2,Information Systems and Cyber Security,Vilnius University,SOC analitikas (-ė) kibernetinių grėsmių paieškai,https://en.cvbankas.lt/soc-analitikas-e-kibernetiniu-gresmiu-paieskai-vilniuje/1-13395656,0.2982,0.6733,
3,Information Systems and Cyber Security,Vilnius University,Pažeidžiamumų valdymo – įsilaužimų testavimo specialistas (-ė),https://en.cvbankas.lt/pazeidziamumu-valdymo-isilauzimu-testavimo-specialistas-e-vilniuje/1-13194248,0.2852,0.6458,
4,Information Systems and Cyber Security,Vilnius University,IRT specialistas (-ė) (SOC ir IT saugos sritis) | Technologijų skyrius,https://en.cvbankas.lt/irt-specialistas-e-soc-ir-it-saugos-sritis-technologiju-skyrius-vilniuje/1-13733709,0.2668,0.588,
5,Information Systems and Cyber Security,Vilnius University,KIBERNETINIO SAUGUMO VADOVAS (-Ė),https://en.cvbankas.lt/kibernetinio-saugumo-vadovas-e-kaune/1-13760617,0.2316,0.6927,
6,Information Systems and Cyber Security,Vilnius University,Cyber Security Specialist,https://en.cvbankas.lt/cyber-security-specialist-vilniuje/1-13680669,0.2205,0.6218,English; web application security threats; economics
7,Information Systems and Cyber Security,Vilnius University,IT Vadovas (-ė),https://en.cvbankas.lt/it-vadovas-e-kaune/1-13700339,0.2055,0.5808,
8,Information Systems and Cyber Security,Vilnius University,IT skyriaus administratorius (-ė),https://en.cvbankas.lt/it-skyriaus-administratorius-e-klaipedoje/1-13740999,0.1734,0.5511,
9,Information Systems and Cyber Security,Vilnius University,SAUGUMO SPRENDIMŲ ARCHITEKTAS (-Ė),https://en.cvbankas.lt/saugumo-sprendimu-architektas-e-vilniuje/1-13713875,0.1675,0.6607,
10,Information Systems and Cyber Security,Vilnius University,IT SISTEMŲ ADMINISTRATORIUS (-Ė),https://en.cvbankas.lt/it-sistemu-administratorius-e-vilniuje/1-13716003,0.1657,0.5715,
1,Information Systems Engineering,Utena College,IT inžinierius (-ė),https://en.cvbankas.lt/it-inzinierius-e-vilniuje/1-13713495,0.2133,0.5518,
2,Information Systems Engineering,Utena College,IT On-site inžinierius,https://en.cvbankas.lt/it-on-site-inzinierius-vilniuje/1-13757479,0.1825,0.5643,personal development; interact verbally in Lithuanian; assume responsibility
3,Information Systems Engineering,Utena College,IT sistemų administratorius (-ė),https://en.cvbankas.lt/it-sistemu-administratorius-e-vilniuje/1-13756627,0.1696,0.5614,
4,Information Systems Engineering,Utena College,Vyr. sistemų analitikas (-ė) (NTR modernizavimui),https://en.cvbankas.lt/vyr-sistemu-analitikas-e-ntr-modernizavimui-vilniuje/1-13768673,0.1543,0.5759,
5,Information Systems Engineering,Utena College,IT sistemų testuotojas (-a),https://en.cvbankas.lt/it-sistemu-testuotojas-a-kaune/1-13736493,0.1447,0.5635,SQL; logic; database
6,Information Systems Engineering,Utena College,IT skyriaus administratorius (-ė),https://en.cvbankas.lt/it-skyriaus-administratorius-e-klaipedoje/1-13740999,0.1381,0.564,
7,Information Systems Engineering,Utena College,IT inžinierius (-ė),https://en.cvbankas.lt/it-inzinierius-e-kaune/1-13706767,0.1377,0.5767,Android (mobile operating systems); troubleshoot; cyber security
8,Information Systems Engineering,Utena College,Technologijų departamento direktorius (-ė),https://en.cvbankas.lt/technologiju-departamento-direktorius-e-klaipedoje/1-13740375,0.1334,0.6297,
9,Information Systems Engineering,Utena College,Riedmenų IT sistemų inžinierius (-ė),https://en.cvbankas.lt/riedmenu-it-sistemu-inzinierius-e-vilniuje/1-13715991,0.1238,0.6066,maintenance operations; manage time; troubleshoot
10,Information Systems Engineering,Utena College,IT Vadovas (-ė),https://en.cvbankas.lt/it-vadovas-e-kaune/1-13700339,0.1206,0.5854,
1,Information Systems Engineering,Vilniaus kolegija / Higher Education Institution,Robotizacijos ir automatizavimo vadovas (-ė) (valymo versle),https://en.cvbankas.lt/robotizacijos-ir-automatizavimo-vadovas-e-valymo-versle-vilniuje/1-13702413,0.5307,0.4972,
2,Information Systems Engineering,Vilniaus kolegija / Higher Education Institution,DevOps and Cloud Engineer,https://www.linkedin.com/jobs/view/4387402181/?eBP=CwEAAAGdXVJzL3zb3qq3YKLU8yyFMsWaz6tWTfyW8Y0sXjol4QoUgIWYqlZjYtXDEXj95Lu9P0cqs4f6VcAc3zcmQ2-F3CGjLw0JYaahXxzLZ8QDERouaF9lG-fSyd7OcsyzSo54TWmAAsUukcJNHQyzYZbB-t3mHVXpkIQWBNT2QgPkgrb-YQSzTOvbQ4OL0N_SCQ0DsKAH9HxbBbl0lfeeLNJIHMGGGPUvAnyLzy9YjBxTNgwJsZGK9ammlfywoZZERcvlOk5Vm8Ihc0I3wfOkNLv32v8TwyyVauA-ybqS2ZpxON1RX6qi8TtwaTyQCumOzA1sVvPEsfyQ5cI9rF6BKYmp0oaGmnb2DkW9V1EXWMrz17NT1_viTFITxvndmKvMEWNkiLdPNKD-eTVXoDSuyddSxkiVHH7_h1lN1Yh4oo8lpomCndN5Ig3E_ocuzo094krKWPnGKw47-SHGU3mpxJGvXE7q4j4kM1DllhPXhK_hWMCY3OZKjwViNl8VL8sd84n1Lz1AimmWhfTMyMJPoEllfj0e2tJDQuFmU8Kd&refId=9cGkUbOOhOKqDBgZIBV0VQ%3D%3D&trackingId=al3Ay%2F7mgk6FRgl5KDAqFA%3D%3D&trk=flagship3_search_srp_jobs,0.2047,0.5007,
3,Information Systems Engineering,Vilniaus kolegija / Higher Education Institution,IT Technikas,https://en.cvbankas.lt/it-technikas-ukmergeje/1-11323919,0.1906,0.4899,
4,Information Systems Engineering,Vilniaus kolegija / Higher Education Institution,Software Test Manager,https://www.linkedin.com/jobs/view/4396864190/?eBP=CwEAAAGdXVntZ7QsJYdUiu8Quf2GLuTTaOTbIIsW9fX6b22tbTV_bzCb37ZozkiX5KRayb4GUv1BQqTcF7_xxu1CYrOUTFAmTQpvL7WT0ezznSeyoo8tnS53k7PdamQpWdQE1UqDd7UvGyrO1-0tV8CO0vUXpvrzw61sQgCd5Hiue2Y5R-jNfHa-q8RJNHvUIL_k3YxcMjH_qkx18ch3tLAo8yOgjkGhc12AyiXwuae_8KXKt_xLmPlZdxJtcYohz3FYc3kq0nk8on8MGllXZaxDvi-BS_yRekVzrT83rzBbrsJ74A5-3oZop43Bv6dA_BI_mZrIOpqt0DBlzABSMeQ09ktdQGYEnLc0DhN4inH40tN8PywrJJhOooLoF1Mmoi7Do5ibMrpf3YfKlPOdQvgxDVErgdj_fZ5nydCszfqkhj5q3Bo97h_xdUrfPxP-bIcziNhX-reFZKVmE_9Xh5AnemC5pN9OswbRXPtpfZLXTkCiCj78YIoAA-66Vr54GB0t1Q04kYNIOnwq30xG7nUUr6F6J_Q&refId=6GiEAUVSkDxSu6caJTFUxQ%3D%3D&trackingId=xn00lydtjakgzkFEZO4imw%3D%3D&trk=flagship3_search_srp_jobs,0.189,0.473,
5,Information Systems Engineering,Vilniaus kolegija / Higher Education Institution,IT inžinierius (-ė),https://en.cvbankas.lt/it-inzinierius-e-vilniuje/1-13713495,0.1673,0.4766,
6,Information Systems Engineering,Vilniaus kolegija / Higher Education Institution,IT inžinierius (-ė),https://en.cvbankas.lt/it-inzinierius-e-kaune/1-13753731,0.1626,0.4698,
7,Information Systems Engineering,Vilniaus kolegija / Higher Education Institution,IT PRAKTIKANTAS (-Ė) — SISTEMŲ KONFIGŪRAVIMAS,https://en.cvbankas.lt/it-praktikantas-e-sistemu-konfiguravimas-kaune/1-13763965,0.153,0.4858,
8,Information Systems Engineering,Vilniaus kolegija / Higher Education Institution,Network Automation Engineer,https://en.cvbankas.lt/network-automation-engineer-kaune/1-13756649,0.1371,0.4827,
9,Information Systems Engineering,Vilniaus kolegija / Higher Education Institution,IT inžinierius (-ė),https://en.cvbankas.lt/it-inzinierius-e-kaune/1-13706767,0.1358,0.4937,
10,Information Systems Engineering,Vilniaus kolegija / Higher Education Institution,Junior / Entry-Level IT Administrator,https://en.cvbankas.lt/junior-entry-level-it-administrator-klaipedoje/1-13753405,0.1345,0.5233,
1,Information System Engineering,Vilnius University,Data Scientist with verification,https://www.linkedin.com/jobs/view/4368092764/?eBP=CwEAAAGdXVdr8wLhXgCN16Gxrk7al7ZnW-_ooUcnN4gHaQRQXtuBKihjCZH3MQvUG_JrZ1XE9bHvZDVbNYmSYU_RRt1K09Xh65yh63dznYyEgbxfhfxFRMCpYd5EPi-HDeLGmrmRydjncICXjgBdC858bn29Xvag_2_KBis6HDgxN_XSHrVEBYWVYIiZRI3yWYMl7IfaPJpTbi2Cibl2jdCHt7hVz87RoCruHYYIJAPlE-PinlkUtF4ctqs9D0pH21jOKoPyumtpz940Hg4-WMcbsWJtORzzqpSyO6kejrtO095wUTmBDm-wLBJstBqIP3WB4e0U9lI9RHmGFmDTBxkROOyFSHN312Z7hfzVzwC7XDtwfJftJH7E9rrLLuSxgUZnV55jIKomT-2lfENJ5_qaA5Y6IzPDveiZgOhYZa--F_dwn-UGTsHe69HCue7opu3iJ0G2s5H3B0hnn3RdeO7kF3jI-lotLfHu0_MsMmCI8W-WR8fbVU5jobGY72DnEZaIjN7DQLc7WBXUigDJUTvA0WNYeAEAdNti&refId=47SaNTdiYW3wnMQlscUwOw%3D%3D&trackingId=xQeX88kPx97hzHFYbqTiRw%3D%3D&trk=flagship3_search_srp_jobs,0.2325,0.554,
2,Information System Engineering,Vilnius University,SAP DATA Services Developer with verification,https://www.linkedin.com/jobs/view/4390914503/?eBP=CwEAAAGdXVTxFcI6g9hH53N1HLbm8qUIlDCF29qdU73aSnKw2A9Sm0OKg4wH1WUAV60u3dhjnQkze7yyqC8OEFvq91eR0kmqJg2F9SZgBy-P0l_zmfETpFkq7EO-iFmTiW0lQC6yfMwoTMijJbMFzdQlKLaeJpq-M-k8CYM61f7srpH_zkGA7_ZRru4Kzhvn1PSdxJCJq5jSve_PRB9Beni0IliEe8GgTy8tBCz9opPwsSievwfmSWA0FCFyh_TXiVZRcgT4mjCCpPSi36AtP-2FA3uN6prNDU3tolKpvnY0vmtulhj6BUoWYmPeBB1H_jeY849GGS1D0CpyEzazZLt54NP9bRVV-gtaUWujPp9BGT73-wQGvj4NktTMBrr8XjZnRWa0NHHbGBnv9Thh98ifEFRjhVxb8ztaftEHHQfaBDX9nCYY0T_7brNhqeOe4R5wZXX1Pay8S4S7UwG0SJxjQTxoL12iGaa1GUEZC1PE-oL8kZJ4sHR4OmKC3avjeXcVrsqxpKnpmsdCamYtX3BNMR_EowrEaFmIY5Sr9w&refId=8E32x5IjZ%2BhE0AVcGSKhpw%3D%3D&trackingId=sAoLzTehYU0i6vxN8a7ZUw%3D%3D&trk=flagship3_search_srp_jobs,0.189,0.5777,
3,Information System Engineering,Vilnius University,Vyriausiasis (-oji) duomenų inžinierius (-ė),https://en.cvbankas.lt/vyriausiasis-oji-duomenu-inzinierius-e-vilniuje/1-13752215,0.1703,0.5424,SQL; migration; data models
4,Information System Engineering,Vilnius University,Join our team as a JUNIOR System Analyst!,https://en.cvbankas.lt/join-our-team-as-a-junior-system-analyst-darbas-namuose/1-13699867,0.1305,0.5457,
5,Information System Engineering,Vilnius University,IT PROJECT MANAGER/ IT PROJEKTŲ VADOVAS,https://en.cvbankas.lt/it-project-manager-it-projektu-vadovas-vilniuje/1-12272436,0.127,0.5526,
6,Information System Engineering,Vilnius University,MID ERP SISTEMŲ (JAVA/KITA KALBA) PROGRAMUOTOJAS,https://en.cvbankas.lt/mid-erp-sistemu-java-kita-kalba-programuotojas-kaune/1-13753589,0.1238,0.5399,
7,Information System Engineering,Vilnius University,Duomenų inžinierius (-ė) – analitikas (-ė),https://en.cvbankas.lt/duomenu-inzinierius-e-analitikas-e-kaune/1-13706283,0.1187,0.5349,
8,Information System Engineering,Vilnius University,Riedmenų IT sistemų inžinierius (-ė),https://en.cvbankas.lt/riedmenu-it-sistemu-inzinierius-e-vilniuje/1-13715991,0.1181,0.539,communication; maintenance operations; computer technology
9,Information System Engineering,Vilnius University,DATA ENGINEER with verification,https://www.linkedin.com/jobs/view/4328710459/?eBP=CwEAAAGdXVTxFfylTwn5FhVuExSS7O-QXtgOj66BYmJuT5ZfOGG6DXV-oxGHbbtbJgiMgw4aIbELH0z0XdfK0KxiiVLl5qoU_qaRDBIAtoH7rHeH63gx-MsOsG4jNF1YJz7qO6rHJrt4UXi6PklDI9PiknyDtc45vcS-SRwv9JsqlXcmnzIuMDQMAZrNjYRYwsaWOqxkSeTrgF0-7kSy0R4UUFQVnU3bJaoCFX8H53e-Ji-c6X1YoegRyKsZQIZxZKAQnimjF6Hc56yr8jj13jo8g8UvIdDQHACtd6sTRMgZa_9fZVUaMwmZhQdOgtsGMLC-j20oepaYXfUXBTIXvNuT28H8awvc3wmt3VIfqa9z3wDd79JuqGUPDdId2b1fsQhbsvdbGSj7aHxRfmqKSb1rQ92bDSswLi46M189lsUQyU11HAYoluucRLLjaIqqDrFG0k9FK8ou5gk5_VexVfZW_FIy7nRx_36ni7VgVlTD50VQWLiHl_p1yOOVyc6LzuEem6ITm887Tgmia67EAVVRRXvW5NAczFSpJp4tug&refId=8E32x5IjZ%2BhE0AVcGSKhpw%3D%3D&trackingId=XMB19EEnT64C5KFJO5HxtA%3D%3D&trk=flagship3_search_srp_jobs,0.118,0.5409,ICT project management methodologies; blueprints; computer technology
10,Information System Engineering,Vilnius University,IT inžinierius (-ė),https://en.cvbankas.lt/it-inzinierius-e-kaune/1-13706767,0.1106,0.5567,
1,Information Systems Technology,Šiaulių valstybinė kolegija / Higher Education Institution,Pardavimų inžinierius (-ė) KLAIPĖDA,https://en.cvbankas.lt/pardavimu-inzinierius-e-klaipeda-klaipedoje/1-13737297,0.3064,0.5515,
2,Information Systems Technology,Šiaulių valstybinė kolegija / Higher Education Institution,IT sistemų ir skaitmenizacijos vadovas (-ė),https://en.cvbankas.lt/it-sistemu-ir-skaitmenizacijos-vadovas-e-panevezyje/1-13702931,0.1949,0.5583,
3,Information Systems Technology,Šiaulių valstybinė kolegija / Higher Education Institution,IT administratorius (-ė) (Vilniaus oro uostas),https://en.cvbankas.lt/it-administratorius-e-vilniaus-oro-uostas-vilniuje/1-9300478,0.148,0.5458,
4,Information Systems Technology,Šiaulių valstybinė kolegija / Higher Education Institution,IT inžinierius (-ė),https://en.cvbankas.lt/it-inzinierius-e-kaune/1-13753731,0.1327,0.5446,solve technical problems; maintain equipment; troubleshoot
5,Information Systems Technology,Šiaulių valstybinė kolegija / Higher Education Institution,.NET Developer,https://en.cvbankas.lt/net-developer-kaune/1-13546657,0.125,0.5438,
6,Information Systems Technology,Šiaulių valstybinė kolegija / Higher Education Institution,IT specialistas (-ė),https://en.cvbankas.lt/it-specialistas-e-klaipedoje/1-13478631,0.1229,0.5304,
7,Information Systems Technology,Šiaulių valstybinė kolegija / Higher Education Institution,Jaunesnysis IT inžinierius,https://en.cvbankas.lt/jaunesnysis-it-inzinierius-vilniuje/1-13409158,0.1189,0.5309,
8,Information Systems Technology,Šiaulių valstybinė kolegija / Higher Education Institution,IT INFRASTRUKTŪROS ADMINISTRATORIUS (-Ė),https://en.cvbankas.lt/it-infrastrukturos-administratorius-e-klaipedoje/1-13736439,0.0887,0.5287,data protection; troubleshoot; accounting
9,Information Systems Technology,Šiaulių valstybinė kolegija / Higher Education Institution,Baltic IT Business Analyst,https://en.cvbankas.lt/baltic-it-business-analyst-vilniuje/1-13702403,0.0881,0.575,business analysis; ecosystems; plan
10,Information Systems Technology,Šiaulių valstybinė kolegija / Higher Education Institution,IT inžinierius,https://en.cvbankas.lt/it-inzinierius-naujojoje-akmeneje/1-13742959,0.0869,0.5813,
1,Informatics Engineering,Kaunas University of Technology,AI Engineer (Applied AI) with verification,https://www.linkedin.com/jobs/view/4354609788/?eBP=CwEAAAGdXU_3Lpjva5gehuwkyxZOOeCMBLNABZouwvt95moQqldkZj82d9MFxAibHKwvHcRydrXa6rtBTFPsNBV4zX_5A9KyNJf_-ofgUfq-YZy77hlw36EosJqJdYRk9kmsGtqraQU9QmeTS5B89rNfVK9JUwgH9JOInDbgeM7epx921DQd72SXaWo1M0sb7HPrANFJ8FeiSgJOGh6xnkYWXMiBHEXNBJAecBgWS__K1NYvsYF60BZMbiTaH_Fm_SaXOiAcdqqFCab_EOtkdZzXKLDlT-W5wJSMXMeTqBv0slR8E8kDATovomB-czBgotIfWw9P9QX5o2s3qOh9QNMYse5ipOuzs1PSB2z1LQ3vhmi-GmGjkSX-MNTAPOgg2fRDV8aFmuACRRT6zWk8hRzE0XZd-FYmj-XKmqo9Veo0dJ62XkYlmgHz8aSHlLU9FV4-GypB9bSK156pWGRrTqxwjjyRrbfPWrduFwS0Rf7o30kJlFxUrKo8awCgQca5ifXdmZIc2QR8EekFCC7YSUkcjXohNje0D35mC3QLNQ&refId=wk4fVenEURubDB1Ehtm5HQ%3D%3D&trackingId=t02SStjRfp6kvPP77%2BKNiw%3D%3D&trk=flagship3_search_srp_jobs,0.1725,0.487,
2,Informatics Engineering,Kaunas University of Technology,SOC analitikas (-ė) kibernetinių grėsmių paieškai,https://en.cvbankas.lt/soc-analitikas-e-kibernetiniu-gresmiu-paieskai-vilniuje/1-13395656,0.1538,0.5156,
3,Informatics Engineering,Kaunas University of Technology,SAUGUMO SPRENDIMŲ ARCHITEKTAS (-Ė),https://en.cvbankas.lt/saugumo-sprendimu-architektas-e-vilniuje/1-13713875,0.1488,0.5798,
4,Informatics Engineering,Kaunas University of Technology,KIBERNETINIO SAUGUMO VADOVAS (-Ė),https://en.cvbankas.lt/kibernetinio-saugumo-vadovas-e-kaune/1-13760617,0.1477,0.5604,
5,Informatics Engineering,Kaunas University of Technology,Programuotojas / AI (DI) inžinierius,https://en.cvbankas.lt/programuotojas-ai-di-inzinierius-vilniuje/1-13706229,0.1429,0.4871,
6,Informatics Engineering,Kaunas University of Technology,IT SISTEMŲ ADMINISTRATORIUS (-Ė),https://en.cvbankas.lt/it-sistemu-administratorius-e-vilniuje/1-13716003,0.1329,0.4912,
7,Informatics Engineering,Kaunas University of Technology,Informacijos saugos specialistas (-ė),https://en.cvbankas.lt/informacijos-saugos-specialistas-e-vilniuje/1-13751575,0.1259,0.5007,
8,Informatics Engineering,Kaunas University of Technology,IT INFRASTRUKTŪROS ADMINISTRATORIUS (-Ė),https://en.cvbankas.lt/it-infrastrukturos-administratorius-e-klaipedoje/1-13736439,0.116,0.4976,
9,Informatics Engineering,Kaunas University of Technology,IT sistemų ir kibernetinio saugumo administratorius (-ė),https://en.cvbankas.lt/it-sistemu-ir-kibernetinio-saugumo-administratorius-e-kaune/1-13608923,0.112,0.5978,data protection; manage digital documents; digital identity management
10,Informatics Engineering,Kaunas University of Technology,IT Vadovas (-ė),https://en.cvbankas.lt/it-vadovas-e-kaune/1-13700339,0.1108,0.4965,
1,Informatics engineering,Klaipėda University,IT inžinierius (-ė),https://en.cvbankas.lt/it-inzinierius-e-kaune/1-13753731,0.2519,0.59,
2,Informatics engineering,Klaipėda University,DATA ENGINEER with verification,https://www.linkedin.com/jobs/view/4328710459/?eBP=CwEAAAGdXVTxFfylTwn5FhVuExSS7O-QXtgOj66BYmJuT5ZfOGG6DXV-oxGHbbtbJgiMgw4aIbELH0z0XdfK0KxiiVLl5qoU_qaRDBIAtoH7rHeH63gx-MsOsG4jNF1YJz7qO6rHJrt4UXi6PklDI9PiknyDtc45vcS-SRwv9JsqlXcmnzIuMDQMAZrNjYRYwsaWOqxkSeTrgF0-7kSy0R4UUFQVnU3bJaoCFX8H53e-Ji-c6X1YoegRyKsZQIZxZKAQnimjF6Hc56yr8jj13jo8g8UvIdDQHACtd6sTRMgZa_9fZVUaMwmZhQdOgtsGMLC-j20oepaYXfUXBTIXvNuT28H8awvc3wmt3VIfqa9z3wDd79JuqGUPDdId2b1fsQhbsvdbGSj7aHxRfmqKSb1rQ92bDSswLi46M189lsUQyU11HAYoluucRLLjaIqqDrFG0k9FK8ou5gk5_VexVfZW_FIy7nRx_36ni7VgVlTD50VQWLiHl_p1yOOVyc6LzuEem6ITm887Tgmia67EAVVRRXvW5NAczFSpJp4tug&refId=8E32x5IjZ%2BhE0AVcGSKhpw%3D%3D&trackingId=XMB19EEnT64C5KFJO5HxtA%3D%3D&trk=flagship3_search_srp_jobs,0.1894,0.5686,
3,Informatics engineering,Klaipėda University,Experienced AI Engineer/Data Scientist,https://en.cvbankas.lt/experienced-ai-engineer-data-scientist-vilniuje/1-13500505,0.1816,0.5794,machine learning; mathematics; personal development
4,Informatics engineering,Klaipėda University,"Praktikantas (-ė), IT skyriuje, UAB ""Fegda grupė""",https://en.cvbankas.lt/praktikantas-e-it-skyriuje-uab-fegda-grupe-alytuje/1-13716037,0.1727,0.5439,
5,Informatics engineering,Klaipėda University,IT On-site inžinierius,https://en.cvbankas.lt/it-on-site-inzinierius-vilniuje/1-13757479,0.1709,0.5442,
6,Informatics engineering,Klaipėda University,Full-Stack Developer – Remote,https://en.cvbankas.lt/full-stack-developer-remote-vilniuje/1-13726333,0.1552,0.5678,
7,Informatics engineering,Klaipėda University,Analytics Engineer,https://en.cvbankas.lt/analytics-engineer-vilniuje/1-13765615,0.1537,0.5516,
8,Informatics engineering,Klaipėda University,Software Engineer (.Net) / Programuotojas inžinierius (.Net),https://en.cvbankas.lt/software-engineer-net-programuotojas-inzinierius-net-vilniuje/1-13539917,0.1528,0.5546,
9,Informatics engineering,Klaipėda University,IT Support Engineer,https://en.cvbankas.lt/it-support-engineer-vilniuje/1-13176664,0.1352,0.5621,
10,Informatics engineering,Klaipėda University,Senior / Mid Software Engineer (.NET / Delphi) I Teltonika Security,https://en.cvbankas.lt/senior-mid-software-engineer-net-delphi-i-teltonika-security-vilniuje/1-13750671,0.1332,0.5807,
1,Informatics Engineering,Klaipėdos valstybinė kolegija / Higher Education Institution,PLV programuotojas,https://en.cvbankas.lt/plv-programuotojas-vilniuje/1-13472073,0.3159,0.4637,
2,Informatics Engineering,Klaipėdos valstybinė kolegija / Higher Education Institution,Pardavimų inžinierius (-ė) KLAIPĖDA,https://en.cvbankas.lt/pardavimu-inzinierius-e-klaipeda-klaipedoje/1-13737297,0.1491,0.4781,
3,Informatics Engineering,Klaipėdos valstybinė kolegija / Higher Education Institution,SAP DATA Services Developer with verification,https://www.linkedin.com/jobs/view/4390914503/?eBP=CwEAAAGdXVTxFcI6g9hH53N1HLbm8qUIlDCF29qdU73aSnKw2A9Sm0OKg4wH1WUAV60u3dhjnQkze7yyqC8OEFvq91eR0kmqJg2F9SZgBy-P0l_zmfETpFkq7EO-iFmTiW0lQC6yfMwoTMijJbMFzdQlKLaeJpq-M-k8CYM61f7srpH_zkGA7_ZRru4Kzhvn1PSdxJCJq5jSve_PRB9Beni0IliEe8GgTy8tBCz9opPwsSievwfmSWA0FCFyh_TXiVZRcgT4mjCCpPSi36AtP-2FA3uN6prNDU3tolKpvnY0vmtulhj6BUoWYmPeBB1H_jeY849GGS1D0CpyEzazZLt54NP9bRVV-gtaUWujPp9BGT73-wQGvj4NktTMBrr8XjZnRWa0NHHbGBnv9Thh98ifEFRjhVxb8ztaftEHHQfaBDX9nCYY0T_7brNhqeOe4R5wZXX1Pay8S4S7UwG0SJxjQTxoL12iGaa1GUEZC1PE-oL8kZJ4sHR4OmKC3avjeXcVrsqxpKnpmsdCamYtX3BNMR_EowrEaFmIY5Sr9w&refId=8E32x5IjZ%2BhE0AVcGSKhpw%3D%3D&trackingId=sAoLzTehYU0i6vxN8a7ZUw%3D%3D&trk=flagship3_search_srp_jobs,0.1215,0.4939,
4,Informatics Engineering,Klaipėdos valstybinė kolegija / Higher Education Institution,Software Test Manager,https://www.linkedin.com/jobs/view/4396864190/?eBP=CwEAAAGdXVntZ7QsJYdUiu8Quf2GLuTTaOTbIIsW9fX6b22tbTV_bzCb37ZozkiX5KRayb4GUv1BQqTcF7_xxu1CYrOUTFAmTQpvL7WT0ezznSeyoo8tnS53k7PdamQpWdQE1UqDd7UvGyrO1-0tV8CO0vUXpvrzw61sQgCd5Hiue2Y5R-jNfHa-q8RJNHvUIL_k3YxcMjH_qkx18ch3tLAo8yOgjkGhc12AyiXwuae_8KXKt_xLmPlZdxJtcYohz3FYc3kq0nk8on8MGllXZaxDvi-BS_yRekVzrT83rzBbrsJ74A5-3oZop43Bv6dA_BI_mZrIOpqt0DBlzABSMeQ09ktdQGYEnLc0DhN4inH40tN8PywrJJhOooLoF1Mmoi7Do5ibMrpf3YfKlPOdQvgxDVErgdj_fZ5nydCszfqkhj5q3Bo97h_xdUrfPxP-bIcziNhX-reFZKVmE_9Xh5AnemC5pN9OswbRXPtpfZLXTkCiCj78YIoAA-66Vr54GB0t1Q04kYNIOnwq30xG7nUUr6F6J_Q&refId=6GiEAUVSkDxSu6caJTFUxQ%3D%3D&trackingId=xn00lydtjakgzkFEZO4imw%3D%3D&trk=flagship3_search_srp_jobs,0.1173,0.4723,
5,Informatics Engineering,Klaipėdos valstybinė kolegija / Higher Education Institution,IT Technikas,https://en.cvbankas.lt/it-technikas-ukmergeje/1-11323919,0.1159,0.4839,
6,Informatics Engineering,Klaipėdos valstybinė kolegija / Higher Education Institution,IT Support Engineer,https://en.cvbankas.lt/it-support-engineer-vilniuje/1-13176664,0.1138,0.4782,
7,Informatics Engineering,Klaipėdos valstybinė kolegija / Higher Education Institution,DESIGN ENGINEER,https://en.cvbankas.lt/design-engineer-klaipedoje/1-13757329,0.1076,0.5389,
8,Informatics Engineering,Klaipėdos valstybinė kolegija / Higher Education Institution,IT inžinierius (-ė),https://en.cvbankas.lt/it-inzinierius-e-kaune/1-13753731,0.1005,0.4717,
9,Informatics Engineering,Klaipėdos valstybinė kolegija / Higher Education Institution,Software helpdesk – junior IT Analyst,https://en.cvbankas.lt/software-helpdesk-junior-it-analyst-vilniuje/1-13753555,0.0986,0.522,
10,Informatics Engineering,Klaipėdos valstybinė kolegija / Higher Education Institution,IT Compliance & Process manager,https://en.cvbankas.lt/it-compliance-process-manager-vilniuje/1-13722075,0.0976,0.4634,
1,Informatics Engineering,Panevėžio kolegija/State Higher Education Institution,IT administratorius (-ė) (Vilniaus oro uostas),https://en.cvbankas.lt/it-administratorius-e-vilniaus-oro-uostas-vilniuje/1-9300478,0.2221,0.4543,
2,Informatics Engineering,Panevėžio kolegija/State Higher Education Institution,IT inžinierius (-ė),https://en.cvbankas.lt/it-inzinierius-e-kaune/1-13753731,0.1902,0.4494,
3,Informatics Engineering,Panevėžio kolegija/State Higher Education Institution,OSINT Specialistas,https://en.cvbankas.lt/osint-specialistas-vilniuje/1-13474247,0.1612,0.4571,
4,Informatics Engineering,Panevėžio kolegija/State Higher Education Institution,Telekomunikacijų specialistas – bazinių stočių montuotojas LIETUVA,https://en.cvbankas.lt/telekomunikaciju-specialistas-baziniu-stociu-montuotojas-lietuva-vilniuje/1-13540245,0.1542,0.4913,
5,Informatics Engineering,Panevėžio kolegija/State Higher Education Institution,IT inžinierius (-ė),https://en.cvbankas.lt/it-inzinierius-e-kaune/1-13706767,0.1465,0.4453,English; troubleshoot; Lithuanian
6,Informatics Engineering,Panevėžio kolegija/State Higher Education Institution,IT On-site inžinierius,https://en.cvbankas.lt/it-on-site-inzinierius-vilniuje/1-13757479,0.1395,0.4468,
7,Informatics Engineering,Panevėžio kolegija/State Higher Education Institution,Software Test Manager,https://www.linkedin.com/jobs/view/4396864190/?eBP=CwEAAAGdXVntZ7QsJYdUiu8Quf2GLuTTaOTbIIsW9fX6b22tbTV_bzCb37ZozkiX5KRayb4GUv1BQqTcF7_xxu1CYrOUTFAmTQpvL7WT0ezznSeyoo8tnS53k7PdamQpWdQE1UqDd7UvGyrO1-0tV8CO0vUXpvrzw61sQgCd5Hiue2Y5R-jNfHa-q8RJNHvUIL_k3YxcMjH_qkx18ch3tLAo8yOgjkGhc12AyiXwuae_8KXKt_xLmPlZdxJtcYohz3FYc3kq0nk8on8MGllXZaxDvi-BS_yRekVzrT83rzBbrsJ74A5-3oZop43Bv6dA_BI_mZrIOpqt0DBlzABSMeQ09ktdQGYEnLc0DhN4inH40tN8PywrJJhOooLoF1Mmoi7Do5ibMrpf3YfKlPOdQvgxDVErgdj_fZ5nydCszfqkhj5q3Bo97h_xdUrfPxP-bIcziNhX-reFZKVmE_9Xh5AnemC5pN9OswbRXPtpfZLXTkCiCj78YIoAA-66Vr54GB0t1Q04kYNIOnwq30xG7nUUr6F6J_Q&refId=6GiEAUVSkDxSu6caJTFUxQ%3D%3D&trackingId=xn00lydtjakgzkFEZO4imw%3D%3D&trk=flagship3_search_srp_jobs,0.137,0.4608,
8,Informatics Engineering,Panevėžio kolegija/State Higher Education Institution,Junior / Entry-Level IT Administrator,https://en.cvbankas.lt/junior-entry-level-it-administrator-klaipedoje/1-13753405,0.1369,0.491,
9,Informatics Engineering,Panevėžio kolegija/State Higher Education Institution,IT sistemų administratorius (-ė),https://en.cvbankas.lt/it-sistemu-administratorius-e-vilniuje/1-13756627,0.1342,0.4541,
10,Informatics Engineering,Panevėžio kolegija/State Higher Education Institution,IT Support Engineer,https://en.cvbankas.lt/it-support-engineer-vilniuje/1-13176664,0.1255,0.4462,
1,Cyber Systems and Security,Kauno kolegija / Higher Education Institution,PROGRAMUOTOJAS (-A) (PASTATŲ VALDYMAS),https://en.cvbankas.lt/programuotojas-a-pastatu-valdymas-vilniuje/1-13540655,0.2646,0.5128,
2,Cyber Systems and Security,Kauno kolegija / Higher Education Institution,IT administratorius (-ė) (Vilniaus oro uostas),https://en.cvbankas.lt/it-administratorius-e-vilniaus-oro-uostas-vilniuje/1-9300478,0.238,0.5108,
3,Cyber Systems and Security,Kauno kolegija / Higher Education Institution,SOC analitikas (-ė) kibernetinių grėsmių paieškai,https://en.cvbankas.lt/soc-analitikas-e-kibernetiniu-gresmiu-paieskai-vilniuje/1-13395656,0.2355,0.5639,
4,Cyber Systems and Security,Kauno kolegija / Higher Education Institution,SAP DATA Services Developer with verification,https://www.linkedin.com/jobs/view/4390914503/?eBP=CwEAAAGdXVTxFcI6g9hH53N1HLbm8qUIlDCF29qdU73aSnKw2A9Sm0OKg4wH1WUAV60u3dhjnQkze7yyqC8OEFvq91eR0kmqJg2F9SZgBy-P0l_zmfETpFkq7EO-iFmTiW0lQC6yfMwoTMijJbMFzdQlKLaeJpq-M-k8CYM61f7srpH_zkGA7_ZRru4Kzhvn1PSdxJCJq5jSve_PRB9Beni0IliEe8GgTy8tBCz9opPwsSievwfmSWA0FCFyh_TXiVZRcgT4mjCCpPSi36AtP-2FA3uN6prNDU3tolKpvnY0vmtulhj6BUoWYmPeBB1H_jeY849GGS1D0CpyEzazZLt54NP9bRVV-gtaUWujPp9BGT73-wQGvj4NktTMBrr8XjZnRWa0NHHbGBnv9Thh98ifEFRjhVxb8ztaftEHHQfaBDX9nCYY0T_7brNhqeOe4R5wZXX1Pay8S4S7UwG0SJxjQTxoL12iGaa1GUEZC1PE-oL8kZJ4sHR4OmKC3avjeXcVrsqxpKnpmsdCamYtX3BNMR_EowrEaFmIY5Sr9w&refId=8E32x5IjZ%2BhE0AVcGSKhpw%3D%3D&trackingId=sAoLzTehYU0i6vxN8a7ZUw%3D%3D&trk=flagship3_search_srp_jobs,0.2021,0.5291,
5,Cyber Systems and Security,Kauno kolegija / Higher Education Institution,Cyber Security Specialist,https://en.cvbankas.lt/cyber-security-specialist-vilniuje/1-13680669,0.1933,0.5373,
6,Cyber Systems and Security,Kauno kolegija / Higher Education Institution,SAUGUMO SPRENDIMŲ KOMPETENCIJŲ CENTRO VADOVAS (-Ė),https://en.cvbankas.lt/saugumo-sprendimu-kompetenciju-centro-vadovas-e-vilniuje/1-13717451,0.1874,0.5898,
7,Cyber Systems and Security,Kauno kolegija / Higher Education Institution,KIBERNETINIO SAUGUMO VADOVAS (-Ė),https://en.cvbankas.lt/kibernetinio-saugumo-vadovas-e-kaune/1-13760617,0.1865,0.606,
8,Cyber Systems and Security,Kauno kolegija / Higher Education Institution,IT administratorius (-ė),https://en.cvbankas.lt/it-administratorius-e-kaune/1-13637509,0.1828,0.5246,
9,Cyber Systems and Security,Kauno kolegija / Higher Education Institution,SAUGUMO SPRENDIMŲ ARCHITEKTAS (-Ė),https://en.cvbankas.lt/saugumo-sprendimu-architektas-e-vilniuje/1-13713875,0.1778,0.6123,
10,Cyber Systems and Security,Kauno kolegija / Higher Education Institution,IT INFRASTRUKTŪROS ADMINISTRATORIUS (-Ė),https://en.cvbankas.lt/it-infrastrukturos-administratorius-e-klaipedoje/1-13736439,0.1609,0.5185,
1,Multimedia design,Vilnius Gediminas Technical University,UX/UI Designer with verification,https://www.linkedin.com/jobs/view/4384044657/?eBP=CwEAAAGdXVntZ6hIgx08w3qCbBk1iDqslehskjgNQPkqly3ZPF1DwL1kc-FdkI4KKjKQyn4rfIQ5TYqz9q1McHEjXbHBc_TbMC5a1-fBVSJyCEPyMRJnQJ7t08Ma-gFFRvyTpOC7Vfuz31E8m9c5TlimNEWdbmjdw_F5-Avhgx0RpPB9JPvp6k3yJCwKoUdDvENZMdUG3PqZ-eOsaFuoIr3DDAJlGQYh6bbyEufxjOmlmIEwAGkiMpOofKslB-rqMmshm0CaYs_dr2fG2fNdGBn9GFDMJQIXC8FEYoGZhSM72MSMw7E-Kw6SdclnPtyGtiD6AgvfYJ-GnIxOpqu2z27gT9YrAtw9kSrMHaYny7pwoNUDuS0zvhk17Bj6MFAHXq3rtUxPd2M5_q6HozJk_GoCBto7MLpFAgkeEqozDEPF02Zk4JsPNw0VVDSJVSfckYgtDVBCYZjkd3peIVb2e447VGnLwh9yg0QVU6TFUhDHzxppyWdZ6YMf4RWwU9XvlPddEWDiN2wQaqadl2tCdCdQx4NywauwixW_8pqBAg&refId=6GiEAUVSkDxSu6caJTFUxQ%3D%3D&trackingId=0PIA6%2BBsUqjxxCn8F2s7sg%3D%3D&trk=flagship3_search_srp_jobs,0.3442,0.3918,
2,Multimedia design,Vilnius Gediminas Technical University,Jaunesnysis (-ioji) socialinių tinklų reklamos dizaineris (-ė) / IT projektų specialistas (-ė),https://en.cvbankas.lt/jaunesnysis-ioji-socialiniu-tinklu-reklamos-dizaineris-e-it-projektu-specialistas-e-vilniuje/1-13750591,0.2902,0.5165,
3,Multimedia design,Vilnius Gediminas Technical University,Principal UX/UI Engineer with verification,https://www.linkedin.com/jobs/view/4385527160/?eBP=CwEAAAGdXVJzL-ZYItpBJnbOWNkH1FZIY45yClo5MJCZqaLseX6zIy3GLLErc_W0JVxYqurXjCbmUWUTxkfdrR2bt6OwC5nlZG-kK1DMFvrCN0mrMTgXAD1ehbZkCoW0p10PXNjxKlEDjdX70AmSPN5uYpr-MdBm-NcqdIQ8aog3OAMrjsX8QES62VTkhSUjv9FKlI3eSnPcvpza_3JkhxbOgOcTexW0b2EyMtNMxATDYnPQ0edX_i9ZUKtRE2mu5oPgzzJ6aYKwzzuQGhxvutfgUK6I5TZuR3m3dNe5QoN3qlxDzFbZFv4rST8ihVuicBPZnonbmaCSEpfUQAKwFLBd1QNyreTWg7qfn9VlPGyze08k6l44Z4DUKFEbyPPvTMz55R7NJzv3AneMR4vmINwlShnbrAwl1CkvTah5P6c1D_I6dg9X--SSAvhaoFoju9-MZs7rYlnmt_syOs09TjVQG98cXcvBDQ8vG3K46cU8Tj0M660ey8czn7H2dMHE7JvqK8whqSK5HpbabNzK98t1QrDh2exzc_omPJIpNg&refId=9cGkUbOOhOKqDBgZIBV0VQ%3D%3D&trackingId=ok1a5PBMVOT1x34kr0AGrw%3D%3D&trk=flagship3_search_srp_jobs,0.1738,0.4057,
4,Multimedia design,Vilnius Gediminas Technical University,B2B IT Projektų vadovas (-ė),https://en.cvbankas.lt/b2b-it-projektu-vadovas-e-vilniuje/1-13758119,0.1524,0.4078,
5,Multimedia design,Vilnius Gediminas Technical University,DESIGN ENGINEER,https://en.cvbankas.lt/design-engineer-klaipedoje/1-13757329,0.1505,0.4865,
6,Multimedia design,Vilnius Gediminas Technical University,SKAITMENINIŲ MOKYMŲ KŪRIMO IR AUGIMO SPECIALISTO,https://en.cvbankas.lt/skaitmeniniu-mokymu-kurimo-ir-augimo-specialisto-trakuose/1-13749865,0.1433,0.3847,
7,Multimedia design,Vilnius Gediminas Technical University,IT specialisto (-ės) asistentas (-ė) Vilniuje,https://en.cvbankas.lt/it-specialisto-es-asistentas-e-vilniuje-vilniuje/1-13697171,0.1271,0.3906,
8,Multimedia design,Vilnius Gediminas Technical University,Join our Marketing Team as a Website and Content Specialist,https://en.cvbankas.lt/join-our-marketing-team-as-a-website-and-content-specialist-siauliuose/1-13746459,0.1242,0.4215,
9,Multimedia design,Vilnius Gediminas Technical University,Join our PPM team as a System Analyst! 🚀,https://en.cvbankas.lt/join-our-ppm-team-as-a-system-analyst-darbas-namuose/1-13660457,0.1211,0.4164,
10,Multimedia design,Vilnius Gediminas Technical University,IT SISTEMŲ TESTUOTOJAS (-A),https://en.cvbankas.lt/it-sistemu-testuotojas-a-kaune/1-9459234,0.1203,0.3943,
1,Multimedia technology,Kauno kolegija / Higher Education Institution,Mid/Senior Meta Media Buyer,https://en.cvbankas.lt/mid-senior-meta-media-buyer-vilniuje/1-13757529,0.3994,0.4545,
2,Multimedia technology,Kauno kolegija / Higher Education Institution,Engineering Manager,https://en.cvbankas.lt/engineering-manager-vilniuje/1-13751231,0.2761,0.5059,
3,Multimedia technology,Kauno kolegija / Higher Education Institution,Product Manager,https://en.cvbankas.lt/product-manager-vilniuje/1-13725955,0.2755,0.5195,
4,Multimedia technology,Kauno kolegija / Higher Education Institution,Telekomunikacijų specialistas – bazinių stočių montuotojas LIETUVA,https://en.cvbankas.lt/telekomunikaciju-specialistas-baziniu-stociu-montuotojas-lietuva-vilniuje/1-13540245,0.2439,0.523,
5,Multimedia technology,Kauno kolegija / Higher Education Institution,PROJEKTŲ VADOVAS (Telekomunikacijos / Mobilus ryšys) – EUROPA,https://en.cvbankas.lt/projektu-vadovas-telekomunikacijos-mobilus-rysys-europa-vilniuje/1-13743447,0.2166,0.4836,
6,Multimedia technology,Kauno kolegija / Higher Education Institution,Jaunesnysis (-ioji) socialinių tinklų reklamos dizaineris (-ė) / IT projektų specialistas (-ė),https://en.cvbankas.lt/jaunesnysis-ioji-socialiniu-tinklu-reklamos-dizaineris-e-it-projektu-specialistas-e-vilniuje/1-13750591,0.2025,0.5402,
7,Multimedia technology,Kauno kolegija / Higher Education Institution,LEAD ENGINEER PROJECTS,https://en.cvbankas.lt/lead-engineer-projects-kaune/1-13656701,0.1596,0.5099,
8,Multimedia technology,Kauno kolegija / Higher Education Institution,AI Analyst,https://en.cvbankas.lt/ai-analyst-vilniuje/1-13694389,0.1543,0.4816,SQL; ICT project management methodologies; acoustics
9,Multimedia technology,Kauno kolegija / Higher Education Institution,Join our Marketing Team as a Website and Content Specialist,https://en.cvbankas.lt/join-our-marketing-team-as-a-website-and-content-specialist-siauliuose/1-13746459,0.1511,0.4977,
10,Multimedia technology,Kauno kolegija / Higher Education Institution,Technologijų departamento direktorius (-ė),https://en.cvbankas.lt/technologiju-departamento-direktorius-e-klaipedoje/1-13740375,0.122,0.4951,
1,Multimedia Technologies,Kaunas University of Technology,Gameplay Programmer,https://en.cvbankas.lt/gameplay-programmer-vilniuje/1-9413531,0.208,0.4889,
2,Multimedia Technologies,Kaunas University of Technology,DevOps and Cloud Engineer,https://www.linkedin.com/jobs/view/4387402181/?eBP=CwEAAAGdXVJzL3zb3qq3YKLU8yyFMsWaz6tWTfyW8Y0sXjol4QoUgIWYqlZjYtXDEXj95Lu9P0cqs4f6VcAc3zcmQ2-F3CGjLw0JYaahXxzLZ8QDERouaF9lG-fSyd7OcsyzSo54TWmAAsUukcJNHQyzYZbB-t3mHVXpkIQWBNT2QgPkgrb-YQSzTOvbQ4OL0N_SCQ0DsKAH9HxbBbl0lfeeLNJIHMGGGPUvAnyLzy9YjBxTNgwJsZGK9ammlfywoZZERcvlOk5Vm8Ihc0I3wfOkNLv32v8TwyyVauA-ybqS2ZpxON1RX6qi8TtwaTyQCumOzA1sVvPEsfyQ5cI9rF6BKYmp0oaGmnb2DkW9V1EXWMrz17NT1_viTFITxvndmKvMEWNkiLdPNKD-eTVXoDSuyddSxkiVHH7_h1lN1Yh4oo8lpomCndN5Ig3E_ocuzo094krKWPnGKw47-SHGU3mpxJGvXE7q4j4kM1DllhPXhK_hWMCY3OZKjwViNl8VL8sd84n1Lz1AimmWhfTMyMJPoEllfj0e2tJDQuFmU8Kd&refId=9cGkUbOOhOKqDBgZIBV0VQ%3D%3D&trackingId=al3Ay%2F7mgk6FRgl5KDAqFA%3D%3D&trk=flagship3_search_srp_jobs,0.1654,0.4691,
3,Multimedia Technologies,Kaunas University of Technology,"Vyr. JAVA programuotojas (Vilnius, Lietuva)",https://www.linkedin.com/jobs/collections/recommended/?currentJobId=4385327940&eBP=CwEAAAGdXWmRyzFQVsckbSDbr-l84DhZhitAON3Q4ut4ljFP-LjWVJcV-p15EvtZwN6iH7zjMcFU-EgUZroPibulLIz2g9XTJfLE84iIsr5ZCxWEgU9VejK66s9KIqGMCvKRpaT9qVaWGIiFW28s5Kn1y4KOz5eenzv1DbepY4mHXtOd8Lnj0JwNxqPrEHPHxQwY-lAlRH3X46-ISPwoRPHzjx5J7-ZeFbh4vUC2zZfIR6sVnEl8-_PQ06X6zdwj5hgUl0Nwk4AYiZYZpVJfNILt1CFllKKDllyEdbSZ-5CceYcXQlc513AuuXiQENFLywv18BZHNY5n0OiKnIqaD11DCu3KEZgm-RP-foeOdKve1YxeU4YLzEeVIv3AbuWDKVU1u3odXp7ZnFAYVg5ckow2vK_N-utT6o9cozpy15Pwg3kdaC36GsRvnbFDaGnZakEMaT30vSB1m8Hh-ydGxtL70Vjhif8zX-gC06aTExymHdRkY9N-xfVF&refId=UuqQ2u0mDoCjS%2FOYIL3ThQ%3D%3D&trackingId=gUSz5M%2F35ImB3Cer%2Bz8Btg%3D%3D,0.1393,0.4514,
4,Multimedia Technologies,Kaunas University of Technology,IT specialisto (-ės) asistentas (-ė) Vilniuje,https://en.cvbankas.lt/it-specialisto-es-asistentas-e-vilniuje-vilniuje/1-13697171,0.1362,0.4413,
5,Multimedia Technologies,Kaunas University of Technology,Full-Stack Developer – Remote,https://en.cvbankas.lt/full-stack-developer-remote-vilniuje/1-13726333,0.1289,0.4525,
6,Multimedia Technologies,Kaunas University of Technology,Game Designer,https://en.cvbankas.lt/game-designer-vilniuje/1-13401896,0.1281,0.441,
7,Multimedia Technologies,Kaunas University of Technology,Join our team as a JUNIOR System Analyst!,https://en.cvbankas.lt/join-our-team-as-a-junior-system-analyst-darbas-namuose/1-13699867,0.1276,0.4404,
8,Multimedia Technologies,Kaunas University of Technology,IT SISTEMŲ ADMINISTRATORIŲ (-Ę),https://en.cvbankas.lt/it-sistemu-administratoriu-e-vilniuje/1-13734017,0.1229,0.4477,
9,Multimedia Technologies,Kaunas University of Technology,IT specialistas (-ė) (kompiuterinių darbo vietų priežiūra),https://en.cvbankas.lt/it-specialistas-e-kompiuteriniu-darbo-vietu-prieziura-vilniuje/1-13755395,0.1202,0.4611,
10,Multimedia Technologies,Kaunas University of Technology,Jaunesnysis (-ioji) socialinių tinklų reklamos dizaineris (-ė) / IT projektų specialistas (-ė),https://en.cvbankas.lt/jaunesnysis-ioji-socialiniu-tinklu-reklamos-dizaineris-e-it-projektu-specialistas-e-vilniuje/1-13750591,0.1185,0.4951,
1,Multimedia Technologies,Šiaulių valstybinė kolegija / Higher Education Institution,Jaunesnysis (-ioji) socialinių tinklų reklamos dizaineris (-ė) / IT projektų specialistas (-ė),https://en.cvbankas.lt/jaunesnysis-ioji-socialiniu-tinklu-reklamos-dizaineris-e-it-projektu-specialistas-e-vilniuje/1-13750591,0.1991,0.5499,
2,Multimedia Technologies,Šiaulių valstybinė kolegija / Higher Education Institution,IT Technikas,https://en.cvbankas.lt/it-technikas-ukmergeje/1-11323919,0.1764,0.4771,
3,Multimedia Technologies,Šiaulių valstybinė kolegija / Higher Education Institution,VYR. DUOMENŲ ANALITIKAS (-Ė),https://en.cvbankas.lt/vyr-duomenu-analitikas-e-vilniuje/1-13739827,0.1329,0.4583,
4,Multimedia Technologies,Šiaulių valstybinė kolegija / Higher Education Institution,Infrastructure Automation Engineer (Linux / DevOps),https://en.cvbankas.lt/infrastructure-automation-engineer-linux-devops-kaune/1-13755285,0.1028,0.4484,
5,Multimedia Technologies,Šiaulių valstybinė kolegija / Higher Education Institution,LEAD ENGINEER PROJECTS,https://en.cvbankas.lt/lead-engineer-projects-kaune/1-13656701,0.0912,0.4874,
6,Multimedia Technologies,Šiaulių valstybinė kolegija / Higher Education Institution,Junior Front-End Developer,https://en.cvbankas.lt/junior-front-end-developer-kaune/1-13750941,0.091,0.4568,
7,Multimedia Technologies,Šiaulių valstybinė kolegija / Higher Education Institution,DESIGN ENGINEER,https://en.cvbankas.lt/design-engineer-klaipedoje/1-13757329,0.0906,0.4971,
8,Multimedia Technologies,Šiaulių valstybinė kolegija / Higher Education Institution,DevOps and Cloud Engineer,https://www.linkedin.com/jobs/view/4387402181/?eBP=CwEAAAGdXVJzL3zb3qq3YKLU8yyFMsWaz6tWTfyW8Y0sXjol4QoUgIWYqlZjYtXDEXj95Lu9P0cqs4f6VcAc3zcmQ2-F3CGjLw0JYaahXxzLZ8QDERouaF9lG-fSyd7OcsyzSo54TWmAAsUukcJNHQyzYZbB-t3mHVXpkIQWBNT2QgPkgrb-YQSzTOvbQ4OL0N_SCQ0DsKAH9HxbBbl0lfeeLNJIHMGGGPUvAnyLzy9YjBxTNgwJsZGK9ammlfywoZZERcvlOk5Vm8Ihc0I3wfOkNLv32v8TwyyVauA-ybqS2ZpxON1RX6qi8TtwaTyQCumOzA1sVvPEsfyQ5cI9rF6BKYmp0oaGmnb2DkW9V1EXWMrz17NT1_viTFITxvndmKvMEWNkiLdPNKD-eTVXoDSuyddSxkiVHH7_h1lN1Yh4oo8lpomCndN5Ig3E_ocuzo094krKWPnGKw47-SHGU3mpxJGvXE7q4j4kM1DllhPXhK_hWMCY3OZKjwViNl8VL8sd84n1Lz1AimmWhfTMyMJPoEllfj0e2tJDQuFmU8Kd&refId=9cGkUbOOhOKqDBgZIBV0VQ%3D%3D&trackingId=al3Ay%2F7mgk6FRgl5KDAqFA%3D%3D&trk=flagship3_search_srp_jobs,0.0899,0.457,
9,Multimedia Technologies,Šiaulių valstybinė kolegija / Higher Education Institution,IT inžinierius (-ė),https://en.cvbankas.lt/it-inzinierius-e-kaune/1-13706767,0.0783,0.4793,
10,Multimedia Technologies,Šiaulių valstybinė kolegija / Higher Education Institution,Software helpdesk – junior IT Analyst,https://en.cvbankas.lt/software-helpdesk-junior-it-analyst-vilniuje/1-13753555,0.077,0.4619,
1,Digital technologies and cyber security,Mykolas Romeris University,SOC analitikas (-ė) kibernetinių grėsmių paieškai,https://en.cvbankas.lt/soc-analitikas-e-kibernetiniu-gresmiu-paieskai-vilniuje/1-13395656,0.2159,0.5497,
2,Digital technologies and cyber security,Mykolas Romeris University,Software Test Manager,https://www.linkedin.com/jobs/view/4396864190/?eBP=CwEAAAGdXVntZ7QsJYdUiu8Quf2GLuTTaOTbIIsW9fX6b22tbTV_bzCb37ZozkiX5KRayb4GUv1BQqTcF7_xxu1CYrOUTFAmTQpvL7WT0ezznSeyoo8tnS53k7PdamQpWdQE1UqDd7UvGyrO1-0tV8CO0vUXpvrzw61sQgCd5Hiue2Y5R-jNfHa-q8RJNHvUIL_k3YxcMjH_qkx18ch3tLAo8yOgjkGhc12AyiXwuae_8KXKt_xLmPlZdxJtcYohz3FYc3kq0nk8on8MGllXZaxDvi-BS_yRekVzrT83rzBbrsJ74A5-3oZop43Bv6dA_BI_mZrIOpqt0DBlzABSMeQ09ktdQGYEnLc0DhN4inH40tN8PywrJJhOooLoF1Mmoi7Do5ibMrpf3YfKlPOdQvgxDVErgdj_fZ5nydCszfqkhj5q3Bo97h_xdUrfPxP-bIcziNhX-reFZKVmE_9Xh5AnemC5pN9OswbRXPtpfZLXTkCiCj78YIoAA-66Vr54GB0t1Q04kYNIOnwq30xG7nUUr6F6J_Q&refId=6GiEAUVSkDxSu6caJTFUxQ%3D%3D&trackingId=xn00lydtjakgzkFEZO4imw%3D%3D&trk=flagship3_search_srp_jobs,0.2136,0.5028,
3,Digital technologies and cyber security,Mykolas Romeris University,KIBERNETINIO SAUGUMO VADOVAS (-Ė),https://en.cvbankas.lt/kibernetinio-saugumo-vadovas-e-kaune/1-13760617,0.2121,0.5819,
4,Digital technologies and cyber security,Mykolas Romeris University,IRT specialistas (-ė) (SOC ir IT saugos sritis) | Technologijų skyrius,https://en.cvbankas.lt/irt-specialistas-e-soc-ir-it-saugos-sritis-technologiju-skyrius-vilniuje/1-13733709,0.1991,0.4823,
5,Digital technologies and cyber security,Mykolas Romeris University,SAUGUMO SPRENDIMŲ KOMPETENCIJŲ CENTRO VADOVAS (-Ė),https://en.cvbankas.lt/saugumo-sprendimu-kompetenciju-centro-vadovas-e-vilniuje/1-13717451,0.195,0.5862,
6,Digital technologies and cyber security,Mykolas Romeris University,Pažeidžiamumų valdymo – įsilaužimų testavimo specialistas (-ė),https://en.cvbankas.lt/pazeidziamumu-valdymo-isilauzimu-testavimo-specialistas-e-vilniuje/1-13194248,0.1886,0.5037,
7,Digital technologies and cyber security,Mykolas Romeris University,Cyber Security Specialist,https://en.cvbankas.lt/cyber-security-specialist-vilniuje/1-13680669,0.1856,0.5236,
8,Digital technologies and cyber security,Mykolas Romeris University,AI Engineer (Applied AI) with verification,https://www.linkedin.com/jobs/view/4354609788/?eBP=CwEAAAGdXU_3Lpjva5gehuwkyxZOOeCMBLNABZouwvt95moQqldkZj82d9MFxAibHKwvHcRydrXa6rtBTFPsNBV4zX_5A9KyNJf_-ofgUfq-YZy77hlw36EosJqJdYRk9kmsGtqraQU9QmeTS5B89rNfVK9JUwgH9JOInDbgeM7epx921DQd72SXaWo1M0sb7HPrANFJ8FeiSgJOGh6xnkYWXMiBHEXNBJAecBgWS__K1NYvsYF60BZMbiTaH_Fm_SaXOiAcdqqFCab_EOtkdZzXKLDlT-W5wJSMXMeTqBv0slR8E8kDATovomB-czBgotIfWw9P9QX5o2s3qOh9QNMYse5ipOuzs1PSB2z1LQ3vhmi-GmGjkSX-MNTAPOgg2fRDV8aFmuACRRT6zWk8hRzE0XZd-FYmj-XKmqo9Veo0dJ62XkYlmgHz8aSHlLU9FV4-GypB9bSK156pWGRrTqxwjjyRrbfPWrduFwS0Rf7o30kJlFxUrKo8awCgQca5ifXdmZIc2QR8EekFCC7YSUkcjXohNje0D35mC3QLNQ&refId=wk4fVenEURubDB1Ehtm5HQ%3D%3D&trackingId=t02SStjRfp6kvPP77%2BKNiw%3D%3D&trk=flagship3_search_srp_jobs,0.18,0.4683,
9,Digital technologies and cyber security,Mykolas Romeris University,SAUGUMO SPRENDIMŲ ARCHITEKTAS (-Ė),https://en.cvbankas.lt/saugumo-sprendimu-architektas-e-vilniuje/1-13713875,0.1692,0.5983,
10,Digital technologies and cyber security,Mykolas Romeris University,IT administratorius (-ė),https://en.cvbankas.lt/it-administratorius-e-kaune/1-13637509,0.1613,0.5108,
1,Programming and Multimedia,SMK College of Applied Sciences,PHP programuotojas (-a) | Mid / Strong Mid,https://en.cvbankas.lt/php-programuotojas-a-mid-strong-mid-vilniuje/1-13752651,0.2846,0.5351,
2,Programming and Multimedia,SMK College of Applied Sciences,"Vyr. JAVA programuotojas (Vilnius, Lietuva)",https://www.linkedin.com/jobs/collections/recommended/?currentJobId=4385327940&eBP=CwEAAAGdXWmRyzFQVsckbSDbr-l84DhZhitAON3Q4ut4ljFP-LjWVJcV-p15EvtZwN6iH7zjMcFU-EgUZroPibulLIz2g9XTJfLE84iIsr5ZCxWEgU9VejK66s9KIqGMCvKRpaT9qVaWGIiFW28s5Kn1y4KOz5eenzv1DbepY4mHXtOd8Lnj0JwNxqPrEHPHxQwY-lAlRH3X46-ISPwoRPHzjx5J7-ZeFbh4vUC2zZfIR6sVnEl8-_PQ06X6zdwj5hgUl0Nwk4AYiZYZpVJfNILt1CFllKKDllyEdbSZ-5CceYcXQlc513AuuXiQENFLywv18BZHNY5n0OiKnIqaD11DCu3KEZgm-RP-foeOdKve1YxeU4YLzEeVIv3AbuWDKVU1u3odXp7ZnFAYVg5ckow2vK_N-utT6o9cozpy15Pwg3kdaC36GsRvnbFDaGnZakEMaT30vSB1m8Hh-ydGxtL70Vjhif8zX-gC06aTExymHdRkY9N-xfVF&refId=UuqQ2u0mDoCjS%2FOYIL3ThQ%3D%3D&trackingId=gUSz5M%2F35ImB3Cer%2Bz8Btg%3D%3D,0.2609,0.5126,English; TypeScript; ICT project management methodologies
3,Programming and Multimedia,SMK College of Applied Sciences,BI programuotojas (-a),https://en.cvbankas.lt/bi-programuotojas-a-kaune/1-13753903,0.1856,0.5091,SQL; business intelligence
4,Programming and Multimedia,SMK College of Applied Sciences,PHP PROGRAMUOTOJAS (-A),https://en.cvbankas.lt/php-programuotojas-a-kaune/1-12323705,0.1603,0.5151,
5,Programming and Multimedia,SMK College of Applied Sciences,FULL STACK PROGRAMUOTOJAS (-A),https://en.cvbankas.lt/full-stack-programuotojas-a-vilniuje/1-13749131,0.1433,0.5222,ICT project management methodologies; C#; MySQL
6,Programming and Multimedia,SMK College of Applied Sciences,LEAD ENGINEER PROJECTS,https://en.cvbankas.lt/lead-engineer-projects-kaune/1-13656701,0.138,0.5672,
7,Programming and Multimedia,SMK College of Applied Sciences,IT PRAKTIKANTAS (-Ė) — SISTEMŲ KONFIGŪRAVIMAS,https://en.cvbankas.lt/it-praktikantas-e-sistemu-konfiguravimas-kaune/1-13763965,0.1379,0.565,
8,Programming and Multimedia,SMK College of Applied Sciences,SENIOR ERP SISTEMŲ (JAVA/KITA KALBA) PROGRAMUOTOJAS,https://en.cvbankas.lt/senior-erp-sistemu-java-kita-kalba-programuotojas-kaune/1-13753585,0.1302,0.5232,
9,Programming and Multimedia,SMK College of Applied Sciences,DIRBTINIO INTELEKTO INŽINIERĖ (-IUS) IT skyriuje,https://en.cvbankas.lt/dirbtinio-intelekto-inziniere-ius-it-skyriuje-vilniuje/1-13749365,0.1233,0.5116,
10,Programming and Multimedia,SMK College of Applied Sciences,Join our team as a JUNIOR System Analyst!,https://en.cvbankas.lt/join-our-team-as-a-junior-system-analyst-darbas-namuose/1-13699867,0.1193,0.515,
1,Software Systems,Kauno kolegija / Higher Education Institution,IT specialisto (-ės) asistentas (-ė) Vilniuje,https://en.cvbankas.lt/it-specialisto-es-asistentas-e-vilniuje-vilniuje/1-13697171,0.2433,0.4834,
2,Software Systems,Kauno kolegija / Higher Education Institution,FULL STACK PROGRAMUOTOJAS (-A),https://en.cvbankas.lt/full-stack-programuotojas-a-vilniuje/1-13749131,0.1978,0.5207,
3,Software Systems,Kauno kolegija / Higher Education Institution,Full stack developer with verification,https://www.linkedin.com/jobs/view/4372609852/?eBP=CwEAAAGdXU_zAXfyj33quo4hBhSxWg1MWkU3rN_b6lHUlGLvOMoNMO4jsvgffLMy7ZkBT9xJ0iXvAFevUofirzztr0qFQqf5fNU9ZrYTLwLmGot7Nvwf37hRADwiNfTimU1yhowPXI8Q_9DgiMr1zuiPYnboZSNSwBbrNmR4yUSePH6XapixPwz8qlcn4T-k3HmArQp2-0wGsn4vbfHQdwp2EgRdv9ObazE7ADDZsiNwU2zFzkqIlbx2w-prwZuHLwfVF0iyrzcunN3dvuCsvGGzmc63XjE5ryvaWzGT5p54eBcsaNAhsKFcvwllzILKNsUPZ32v-TrJR2SgQgaHGfyHDoEe_91T0QXQ8WnulSX6P048bcfwUWVSZV_hkuH-HjCkXsZ9RmHqr6sbwrCiKN9KxVCMsDN5FQjcQPzkoZacceNRBqs1K5pGjyi3R-fPD7OkS52jK_Ly_Kx7xCRCqxntMURbWluyN17LhURFEc1gE-bjcXad2TLDrjNLsVbz9uurnQCjNjT6gHvpsT0WOgcrP7drHTrxtQ&refId=6i6qglSW0W6eFOYOHvBmjw%3D%3D&trackingId=G30vqdoia52YCAqRT3YMrw%3D%3D&trk=flagship3_search_srp_jobs,0.1949,0.5412,
4,Software Systems,Kauno kolegija / Higher Education Institution,SAP DATA Services Developer with verification,https://www.linkedin.com/jobs/view/4390914503/?eBP=CwEAAAGdXVTxFcI6g9hH53N1HLbm8qUIlDCF29qdU73aSnKw2A9Sm0OKg4wH1WUAV60u3dhjnQkze7yyqC8OEFvq91eR0kmqJg2F9SZgBy-P0l_zmfETpFkq7EO-iFmTiW0lQC6yfMwoTMijJbMFzdQlKLaeJpq-M-k8CYM61f7srpH_zkGA7_ZRru4Kzhvn1PSdxJCJq5jSve_PRB9Beni0IliEe8GgTy8tBCz9opPwsSievwfmSWA0FCFyh_TXiVZRcgT4mjCCpPSi36AtP-2FA3uN6prNDU3tolKpvnY0vmtulhj6BUoWYmPeBB1H_jeY849GGS1D0CpyEzazZLt54NP9bRVV-gtaUWujPp9BGT73-wQGvj4NktTMBrr8XjZnRWa0NHHbGBnv9Thh98ifEFRjhVxb8ztaftEHHQfaBDX9nCYY0T_7brNhqeOe4R5wZXX1Pay8S4S7UwG0SJxjQTxoL12iGaa1GUEZC1PE-oL8kZJ4sHR4OmKC3avjeXcVrsqxpKnpmsdCamYtX3BNMR_EowrEaFmIY5Sr9w&refId=8E32x5IjZ%2BhE0AVcGSKhpw%3D%3D&trackingId=sAoLzTehYU0i6vxN8a7ZUw%3D%3D&trk=flagship3_search_srp_jobs,0.1948,0.5103,
5,Software Systems,Kauno kolegija / Higher Education Institution,DevOps and Cloud Engineer,https://www.linkedin.com/jobs/view/4387402181/?eBP=CwEAAAGdXVJzL3zb3qq3YKLU8yyFMsWaz6tWTfyW8Y0sXjol4QoUgIWYqlZjYtXDEXj95Lu9P0cqs4f6VcAc3zcmQ2-F3CGjLw0JYaahXxzLZ8QDERouaF9lG-fSyd7OcsyzSo54TWmAAsUukcJNHQyzYZbB-t3mHVXpkIQWBNT2QgPkgrb-YQSzTOvbQ4OL0N_SCQ0DsKAH9HxbBbl0lfeeLNJIHMGGGPUvAnyLzy9YjBxTNgwJsZGK9ammlfywoZZERcvlOk5Vm8Ihc0I3wfOkNLv32v8TwyyVauA-ybqS2ZpxON1RX6qi8TtwaTyQCumOzA1sVvPEsfyQ5cI9rF6BKYmp0oaGmnb2DkW9V1EXWMrz17NT1_viTFITxvndmKvMEWNkiLdPNKD-eTVXoDSuyddSxkiVHH7_h1lN1Yh4oo8lpomCndN5Ig3E_ocuzo094krKWPnGKw47-SHGU3mpxJGvXE7q4j4kM1DllhPXhK_hWMCY3OZKjwViNl8VL8sd84n1Lz1AimmWhfTMyMJPoEllfj0e2tJDQuFmU8Kd&refId=9cGkUbOOhOKqDBgZIBV0VQ%3D%3D&trackingId=al3Ay%2F7mgk6FRgl5KDAqFA%3D%3D&trk=flagship3_search_srp_jobs,0.1878,0.5013,
6,Software Systems,Kauno kolegija / Higher Education Institution,SENIOR ERP SISTEMŲ (JAVA/KITA KALBA) PROGRAMUOTOJAS,https://en.cvbankas.lt/senior-erp-sistemu-java-kita-kalba-programuotojas-kaune/1-13753585,0.1818,0.496,
7,Software Systems,Kauno kolegija / Higher Education Institution,Software Engineer (React Native),https://www.linkedin.com/jobs/view/4388330996/?eBP=NOT_ELIGIBLE_FOR_CHARGING&refId=6i6qglSW0W6eFOYOHvBmjw%3D%3D&trackingId=R6yHaEK%2B7Iq6zzGifG0qMA%3D%3D&trk=flagship3_search_srp_jobs,0.1814,0.5705,
8,Software Systems,Kauno kolegija / Higher Education Institution,DATA ENGINEER with verification,https://www.linkedin.com/jobs/view/4328710459/?eBP=CwEAAAGdXVTxFfylTwn5FhVuExSS7O-QXtgOj66BYmJuT5ZfOGG6DXV-oxGHbbtbJgiMgw4aIbELH0z0XdfK0KxiiVLl5qoU_qaRDBIAtoH7rHeH63gx-MsOsG4jNF1YJz7qO6rHJrt4UXi6PklDI9PiknyDtc45vcS-SRwv9JsqlXcmnzIuMDQMAZrNjYRYwsaWOqxkSeTrgF0-7kSy0R4UUFQVnU3bJaoCFX8H53e-Ji-c6X1YoegRyKsZQIZxZKAQnimjF6Hc56yr8jj13jo8g8UvIdDQHACtd6sTRMgZa_9fZVUaMwmZhQdOgtsGMLC-j20oepaYXfUXBTIXvNuT28H8awvc3wmt3VIfqa9z3wDd79JuqGUPDdId2b1fsQhbsvdbGSj7aHxRfmqKSb1rQ92bDSswLi46M189lsUQyU11HAYoluucRLLjaIqqDrFG0k9FK8ou5gk5_VexVfZW_FIy7nRx_36ni7VgVlTD50VQWLiHl_p1yOOVyc6LzuEem6ITm887Tgmia67EAVVRRXvW5NAczFSpJp4tug&refId=8E32x5IjZ%2BhE0AVcGSKhpw%3D%3D&trackingId=XMB19EEnT64C5KFJO5HxtA%3D%3D&trk=flagship3_search_srp_jobs,0.173,0.4868,
9,Software Systems,Kauno kolegija / Higher Education Institution,Experienced AI Engineer/Data Scientist,https://en.cvbankas.lt/experienced-ai-engineer-data-scientist-vilniuje/1-13500505,0.1577,0.4988,computer vision; physics; economics
10,Software Systems,Kauno kolegija / Higher Education Institution,Software Test Manager,https://www.linkedin.com/jobs/view/4396864190/?eBP=CwEAAAGdXVntZ7QsJYdUiu8Quf2GLuTTaOTbIIsW9fX6b22tbTV_bzCb37ZozkiX5KRayb4GUv1BQqTcF7_xxu1CYrOUTFAmTQpvL7WT0ezznSeyoo8tnS53k7PdamQpWdQE1UqDd7UvGyrO1-0tV8CO0vUXpvrzw61sQgCd5Hiue2Y5R-jNfHa-q8RJNHvUIL_k3YxcMjH_qkx18ch3tLAo8yOgjkGhc12AyiXwuae_8KXKt_xLmPlZdxJtcYohz3FYc3kq0nk8on8MGllXZaxDvi-BS_yRekVzrT83rzBbrsJ74A5-3oZop43Bv6dA_BI_mZrIOpqt0DBlzABSMeQ09ktdQGYEnLc0DhN4inH40tN8PywrJJhOooLoF1Mmoi7Do5ibMrpf3YfKlPOdQvgxDVErgdj_fZ5nydCszfqkhj5q3Bo97h_xdUrfPxP-bIcziNhX-reFZKVmE_9Xh5AnemC5pN9OswbRXPtpfZLXTkCiCj78YIoAA-66Vr54GB0t1Q04kYNIOnwq30xG7nUUr6F6J_Q&refId=6GiEAUVSkDxSu6caJTFUxQ%3D%3D&trackingId=xn00lydtjakgzkFEZO4imw%3D%3D&trk=flagship3_search_srp_jobs,0.1508,0.4899,
1,Software Systems,Kaunas University of Technology,AI Engineer (Applied AI) with verification,https://www.linkedin.com/jobs/view/4354609788/?eBP=CwEAAAGdXU_3Lpjva5gehuwkyxZOOeCMBLNABZouwvt95moQqldkZj82d9MFxAibHKwvHcRydrXa6rtBTFPsNBV4zX_5A9KyNJf_-ofgUfq-YZy77hlw36EosJqJdYRk9kmsGtqraQU9QmeTS5B89rNfVK9JUwgH9JOInDbgeM7epx921DQd72SXaWo1M0sb7HPrANFJ8FeiSgJOGh6xnkYWXMiBHEXNBJAecBgWS__K1NYvsYF60BZMbiTaH_Fm_SaXOiAcdqqFCab_EOtkdZzXKLDlT-W5wJSMXMeTqBv0slR8E8kDATovomB-czBgotIfWw9P9QX5o2s3qOh9QNMYse5ipOuzs1PSB2z1LQ3vhmi-GmGjkSX-MNTAPOgg2fRDV8aFmuACRRT6zWk8hRzE0XZd-FYmj-XKmqo9Veo0dJ62XkYlmgHz8aSHlLU9FV4-GypB9bSK156pWGRrTqxwjjyRrbfPWrduFwS0Rf7o30kJlFxUrKo8awCgQca5ifXdmZIc2QR8EekFCC7YSUkcjXohNje0D35mC3QLNQ&refId=wk4fVenEURubDB1Ehtm5HQ%3D%3D&trackingId=t02SStjRfp6kvPP77%2BKNiw%3D%3D&trk=flagship3_search_srp_jobs,0.2021,0.519,
2,Software Systems,Kaunas University of Technology,IT ADMINISTRATORIUS (-Ė),https://en.cvbankas.lt/it-administratorius-e-klaipedoje/1-13759179,0.1684,0.504,
3,Software Systems,Kaunas University of Technology,Senior / Mid Software Engineer (.NET / Delphi) I Teltonika Security,https://en.cvbankas.lt/senior-mid-software-engineer-net-delphi-i-teltonika-security-vilniuje/1-13750671,0.1558,0.5317,
4,Software Systems,Kaunas University of Technology,IT INFRASTRUKTŪROS ADMINISTRATORIUS (-Ė),https://en.cvbankas.lt/it-infrastrukturos-administratorius-e-klaipedoje/1-13736439,0.1476,0.5032,
5,Software Systems,Kaunas University of Technology,Programuotojas / AI (DI) inžinierius,https://en.cvbankas.lt/programuotojas-ai-di-inzinierius-vilniuje/1-13706229,0.1468,0.4972,
6,Software Systems,Kaunas University of Technology,IT inžinierius (-ė),https://en.cvbankas.lt/it-inzinierius-e-kaune/1-13753731,0.1368,0.5075,
7,Software Systems,Kaunas University of Technology,.NET Developer,https://en.cvbankas.lt/net-developer-kaune/1-13546657,0.1274,0.5231,
8,Software Systems,Kaunas University of Technology,Python Developer,https://en.cvbankas.lt/python-developer-kaune/1-13706605,0.1169,0.5249,
9,Software Systems,Kaunas University of Technology,Full-stack software engineer,https://en.cvbankas.lt/full-stack-software-engineer-vilniuje/1-12689751,0.1152,0.5286,
10,Software Systems,Kaunas University of Technology,DevOps and Cloud Engineer,https://www.linkedin.com/jobs/view/4387402181/?eBP=CwEAAAGdXVJzL3zb3qq3YKLU8yyFMsWaz6tWTfyW8Y0sXjol4QoUgIWYqlZjYtXDEXj95Lu9P0cqs4f6VcAc3zcmQ2-F3CGjLw0JYaahXxzLZ8QDERouaF9lG-fSyd7OcsyzSo54TWmAAsUukcJNHQyzYZbB-t3mHVXpkIQWBNT2QgPkgrb-YQSzTOvbQ4OL0N_SCQ0DsKAH9HxbBbl0lfeeLNJIHMGGGPUvAnyLzy9YjBxTNgwJsZGK9ammlfywoZZERcvlOk5Vm8Ihc0I3wfOkNLv32v8TwyyVauA-ybqS2ZpxON1RX6qi8TtwaTyQCumOzA1sVvPEsfyQ5cI9rF6BKYmp0oaGmnb2DkW9V1EXWMrz17NT1_viTFITxvndmKvMEWNkiLdPNKD-eTVXoDSuyddSxkiVHH7_h1lN1Yh4oo8lpomCndN5Ig3E_ocuzo094krKWPnGKw47-SHGU3mpxJGvXE7q4j4kM1DllhPXhK_hWMCY3OZKjwViNl8VL8sd84n1Lz1AimmWhfTMyMJPoEllfj0e2tJDQuFmU8Kd&refId=9cGkUbOOhOKqDBgZIBV0VQ%3D%3D&trackingId=al3Ay%2F7mgk6FRgl5KDAqFA%3D%3D&trk=flagship3_search_srp_jobs,0.1144,0.5018,
1,Software Engineering,Šiaulių valstybinė kolegija / Higher Education Institution,.NET programuotojas (-a),https://en.cvbankas.lt/net-programuotojas-a-vilniuje/1-13750639,0.361,0.5048,ICT project management methodologies; tools for software configuration management; control systems
2,Software Engineering,Šiaulių valstybinė kolegija / Higher Education Institution,JAVA programuotojas (-a) (Integraciniams sprendimams),https://en.cvbankas.lt/java-programuotojas-a-integraciniams-sprendimams-vilniuje/1-13749639,0.2587,0.5251,ICT project management methodologies; web services; control systems
3,Software Engineering,Šiaulių valstybinė kolegija / Higher Education Institution,FULL STACK PROGRAMUOTOJAS (-A),https://en.cvbankas.lt/full-stack-programuotojas-a-vilniuje/1-13749131,0.2319,0.5473,
4,Software Engineering,Šiaulių valstybinė kolegija / Higher Education Institution,Vyr. sistemų analitikas (-ė) (NTR modernizavimui),https://en.cvbankas.lt/vyr-sistemu-analitikas-e-ntr-modernizavimui-vilniuje/1-13768673,0.177,0.506,
5,Software Engineering,Šiaulių valstybinė kolegija / Higher Education Institution,DIRBTINIO INTELEKTO INŽINIERĖ (-IUS) IT skyriuje,https://en.cvbankas.lt/dirbtinio-intelekto-inziniere-ius-it-skyriuje-vilniuje/1-13749365,0.1595,0.5096,
6,Software Engineering,Šiaulių valstybinė kolegija / Higher Education Institution,PHP programuotojas (-a) | Mid / Strong Mid,https://en.cvbankas.lt/php-programuotojas-a-mid-strong-mid-vilniuje/1-13752651,0.1591,0.5057,
7,Software Engineering,Šiaulių valstybinė kolegija / Higher Education Institution,PHP PROGRAMUOTOJAS (-A),https://en.cvbankas.lt/php-programuotojas-a-kaune/1-12323705,0.1397,0.5023,
8,Software Engineering,Šiaulių valstybinė kolegija / Higher Education Institution,Full-stack software engineer,https://en.cvbankas.lt/full-stack-software-engineer-vilniuje/1-12689751,0.1383,0.5049,
9,Software Engineering,Šiaulių valstybinė kolegija / Higher Education Institution,BI programuotojas (-a),https://en.cvbankas.lt/bi-programuotojas-a-kaune/1-13753903,0.1259,0.5105,
10,Software Engineering,Šiaulių valstybinė kolegija / Higher Education Institution,IT administratorius (-ė) (Vilniaus oro uostas),https://en.cvbankas.lt/it-administratorius-e-vilniaus-oro-uostas-vilniuje/1-9300478,0.1244,0.5091,
1,Software Engineering,Vilniaus kolegija / Higher Education Institution,Full-Stack Developer – Remote,https://en.cvbankas.lt/full-stack-developer-remote-vilniuje/1-13726333,0.2198,0.5332,
2,Software Engineering,Vilniaus kolegija / Higher Education Institution,DIRBTINIO INTELEKTO INŽINIERĖ (-IUS) IT skyriuje,https://en.cvbankas.lt/dirbtinio-intelekto-inziniere-ius-it-skyriuje-vilniuje/1-13749365,0.1911,0.5223,
3,Software Engineering,Vilniaus kolegija / Higher Education Institution,.NET Developer,https://en.cvbankas.lt/net-developer-kaune/1-13546657,0.1893,0.555,
4,Software Engineering,Vilniaus kolegija / Higher Education Institution,FullStack Python Developer with verification,https://www.linkedin.com/jobs/view/4397055292/?eBP=CwEAAAGdXV7qcMGS6LXG68M9jyD_Wx749gOLOeq7ulGtvJRiSREe2Pbk-tMyxJeVXBT7j28w7phVPHE29ay7FyCXsSAPls-Cffux0xRyzwIa0H6ELPxwIxserGSCFIYdGGXKm-GaIXS1OfoDNlcnOjl9Df2M1hTPKlz1bPXRcan6qRrIywhm8LwwTJ4T-u4mSoXjaOyYanPG9OX8ufX2N5-xYV783XtwCh5R4HSjJxvowy3351a_6nPYBbeSOR9wTGjp6rglq4nqo2dDHJN9vAN6CoA0FoDlJVz6n1Q0ZYnpob0iijolTazltECPoQ5qpmINjzqX4O-Uf8EVMMR-fCuhp2ktzdNlBiFxLITTNL8tERTUetEA5KAGD5OlMiuKHJdQZgapGCAaVHaSZPNpcFx278GHn_Isn6pCdYyjZAQWH-scPAOd67Tc6OcKPu_5brkjw7qF0ediPrmhx10Ytbsr16G4-D7_0bLL3ibEsSdvZWVFDpyX7BsbluVNt4K5rlnMi_wYhe20cqO1VoEPAwxGweR_bLcfiYCAIKDuSg&refId=HhPeAkJF%2Farwnyvi01gbww%3D%3D&trackingId=XxIb%2B1fKMb0oyFs720p98A%3D%3D&trk=flagship3_search_srp_jobs,0.1891,0.5273,
5,Software Engineering,Vilniaus kolegija / Higher Education Institution,Infrastructure Automation Engineer (Linux / DevOps),https://en.cvbankas.lt/infrastructure-automation-engineer-linux-devops-kaune/1-13755285,0.1806,0.5271,
6,Software Engineering,Vilniaus kolegija / Higher Education Institution,Sr. Python Full Stack Engineer with verification,https://www.linkedin.com/jobs/view/4380601562/?eBP=CwEAAAGdXVTxFM0e-H3OEeqIU-HgC5cjT7e2vC_4xXNNXxM1nMMWjUiff8EnNHbARzGpnVUNm4h7JexZi7FrxrpsrVYhSIEsLgtaLNjm93d4Jz2gG2Q_Thy8r5V2AF6A1DuNXL_6wdLNXSnpsB41bez_d-XwULXZFgF39aJZzJVq4-OXnd6pdbxwjEK0bjTcOwzjTY__rpCCXVGntuTmkMLKUh9_VXoDIL25-yI_leBcUvOiQvWq9Dr8AuQOapiuS_0LmOf6fsi_yuWyPyrxQVSdiO0P9VbHkbjrNEXVA2MxvbJXsAjiOj2ikJXPoWbsFv1u2IBGlI8F2bO-PHAVxkZGY5S9yxqDvLT747EOJulmpNxEJ_oDRhKZxLUSfU6ttEY_OTOZ7pVgsVdAR509ht-_y0rZ3OJEZfSO_FYenGOB08pzRj17yeYgcdu_0pq_AzPYCJv3ItF3Gvc0_KwX609RHEM4aE-PSLQ4nyuD1TZeba7gxx7uGxT2JSubcbUjqpDmxUtUf5nmuYJxWVSUSy3Rr7WHq0HXxw&refId=8E32x5IjZ%2BhE0AVcGSKhpw%3D%3D&trackingId=SJB%2Fov6LF5P0I%2FHsRCsKAA%3D%3D&trk=flagship3_search_srp_jobs,0.1786,0.5285,
7,Software Engineering,Vilniaus kolegija / Higher Education Institution,Data Scientist / AI Engineer with verification,https://www.linkedin.com/jobs/view/4378189302/?eBP=CwEAAAGdXVTxFMm-4oPYFNosv8Vf7Vsb1WuHxZHn1TZFI315fEJU7OFidrXII-DqPZrfrJIgaGKhRs8AUBf_ux485rW8KssKzCz7NdMMYlAC2uyM2tM8bEddorYX5YWfyFVB07UL2mAYGVaoelQVkolalAXP676UGgk2qs-Uj0ulo27RsevBdAoszoIYkWZWvH9lK-mTMGrx_PWUz5IP1Kf4M5K4IF-gwxyWRi4qpnBnlqpdCHGGv3KYFUD7RhHM5z6L1S93nGWJ5Yv6vjcofk-i7GvULxBCddQPxocU_WDHAf27uZ4amKO1fWa02UPll5f9bdZFgRXCD6Wwyi5JXttGWLGsAcBfUVbG9LdLi_wBW1HZBB1FZ3cLfNL2RDoN4JE6lSnCqJjLvGVFqFz0PbByxh4lNdd-h_QXLLF6xcOyqr6Q-Z1iFoe_ULyugiqIXY4SKq8At-InYo9iOiOG3cy8p6e6ajE30HkjtIZePtMBst1REGSSsIdURDjW2R1-eqEBQfERWPL3iG09H_fKKQxEvn8enGI6WYxkhQCl1bWZ&refId=8E32x5IjZ%2BhE0AVcGSKhpw%3D%3D&trackingId=6mOXpn4lFQrodgSou4vGSg%3D%3D&trk=flagship3_search_srp_jobs,0.1706,0.6095,PostgreSQL; computer vision; unstructured data
8,Software Engineering,Vilniaus kolegija / Higher Education Institution,Full stack developer with verification,https://www.linkedin.com/jobs/view/4372609852/?eBP=CwEAAAGdXU_zAXfyj33quo4hBhSxWg1MWkU3rN_b6lHUlGLvOMoNMO4jsvgffLMy7ZkBT9xJ0iXvAFevUofirzztr0qFQqf5fNU9ZrYTLwLmGot7Nvwf37hRADwiNfTimU1yhowPXI8Q_9DgiMr1zuiPYnboZSNSwBbrNmR4yUSePH6XapixPwz8qlcn4T-k3HmArQp2-0wGsn4vbfHQdwp2EgRdv9ObazE7ADDZsiNwU2zFzkqIlbx2w-prwZuHLwfVF0iyrzcunN3dvuCsvGGzmc63XjE5ryvaWzGT5p54eBcsaNAhsKFcvwllzILKNsUPZ32v-TrJR2SgQgaHGfyHDoEe_91T0QXQ8WnulSX6P048bcfwUWVSZV_hkuH-HjCkXsZ9RmHqr6sbwrCiKN9KxVCMsDN5FQjcQPzkoZacceNRBqs1K5pGjyi3R-fPD7OkS52jK_Ly_Kx7xCRCqxntMURbWluyN17LhURFEc1gE-bjcXad2TLDrjNLsVbz9uurnQCjNjT6gHvpsT0WOgcrP7drHTrxtQ&refId=6i6qglSW0W6eFOYOHvBmjw%3D%3D&trackingId=G30vqdoia52YCAqRT3YMrw%3D%3D&trk=flagship3_search_srp_jobs,0.1704,0.5762,
9,Software Engineering,Vilniaus kolegija / Higher Education Institution,Python Developer,https://en.cvbankas.lt/python-developer-kaune/1-13706605,0.1655,0.5636,
10,Software Engineering,Vilniaus kolegija / Higher Education Institution,WEB SCRAPING ENGINEER,https://en.cvbankas.lt/web-scraping-engineer-darbas-namuose/1-13758709,0.163,0.5143,
1,Software Engineering,Vilnius University,Low-code programuotojas,https://en.cvbankas.lt/low-code-programuotojas-vilniuje/1-13209207,0.4891,0.424,JavaScript; think analytically; troubleshoot
2,Software Engineering,Vilnius University,"Youth LAB – Application Support intern | SEB Group, Vilnius",https://en.cvbankas.lt/youth-lab-application-support-intern-seb-group-vilnius-vilniuje/1-13713017,0.2393,0.4521,
3,Software Engineering,Vilnius University,WEB programuotojas (-a) Informacinių technologijų paslaugų centre,https://en.cvbankas.lt/web-programuotojas-a-informaciniu-technologiju-paslaugu-centre-vilniuje/1-13768839,0.1765,0.4259,
4,Software Engineering,Vilnius University,.NET programuotojas (-a),https://en.cvbankas.lt/net-programuotojas-a-vilniuje/1-13749675,0.1677,0.4307,
5,Software Engineering,Vilnius University,JAVA programuotojas (-a) (Integraciniams sprendimams),https://en.cvbankas.lt/java-programuotojas-a-integraciniams-sprendimams-vilniuje/1-13749639,0.1553,0.4533,
6,Software Engineering,Vilnius University,DIRBTINIO INTELEKTO INŽINIERĖ (-IUS) IT skyriuje,https://en.cvbankas.lt/dirbtinio-intelekto-inziniere-ius-it-skyriuje-vilniuje/1-13749365,0.1404,0.4236,work in teams; machine learning; statistics
7,Software Engineering,Vilnius University,Jaunesnysis IT inžinierius,https://en.cvbankas.lt/jaunesnysis-it-inzinierius-vilniuje/1-13409158,0.1305,0.415,
8,Software Engineering,Vilnius University,Java programuotojas (-a),https://en.cvbankas.lt/java-programuotojas-a-vilniuje/1-13758515,0.1036,0.4387,
9,Software Engineering,Vilnius University,SISTEMŲ ADMINISTRATORIUS (-Ė),https://en.cvbankas.lt/sistemu-administratorius-e-kaune/1-13753729,0.0992,0.4694,
10,Software Engineering,Vilnius University,Sistemos ekspertas (-ė),https://en.cvbankas.lt/sistemos-ekspertas-e-vilniuje/1-13751383,0.098,0.4383,
