rank,programme_name,institution,job_title,employer_sector,location,job_url,hybrid_score,semantic_score,top_skill_gaps
1,Information Systems and Cybersecurity,Vilniaus kolegija / Higher Education Institution,IT SISTEMŲ ADMINISTRATORIŲ (-Ę),,Vilnius,https://en.cvbankas.lt/it-sistemu-administratoriu-e-vilniuje/1-13734017,0.3148,0.55,SQL; computer programming; think analytically; renewable energy; manage digital documents; digital identity management; security regulations; Lithuanian; Internet of Things; manufacturing processes
2,Information Systems and Cybersecurity,Vilniaus kolegija / Higher Education Institution,IT Vadovas (-ė),,Kaunas,https://en.cvbankas.lt/it-vadovas-e-kaune/1-13700339,0.2604,0.6098,apply change management; risk management; perform warehousing operations; Lithuanian; Russian; plan; business management principles; apply information security policies; negotiate compromises; manage closed-circuit television system
3,Information Systems and Cybersecurity,Vilniaus kolegija / Higher Education Institution,IT skyriaus vadovas (-ė),,Vilnius,https://en.cvbankas.lt/it-skyriaus-vadovas-e-vilniuje/1-13758531,0.2328,0.6087,customer relationship management; ICT project management methodologies; management department processes; apply change management; lead others; security regulations; Lithuanian; Internet of Things; manufacturing processes; electronics
4,Information Systems and Cybersecurity,Vilniaus kolegija / Higher Education Institution,IT sistemų testuotojas (-a),,Kaunas,https://en.cvbankas.lt/it-sistemu-testuotojas-a-kaune/1-13761915,0.2097,0.5662,logic; MySQL; plan; morality; SQL; meet deadlines; document evidence
5,Information Systems and Cybersecurity,Vilniaus kolegija / Higher Education Institution,IT INFRASTRUKTŪROS ADMINISTRATORIUS (-Ė),,Klaipėda,https://en.cvbankas.lt/it-infrastrukturos-administratorius-e-klaipedoje/1-13736439,0.2083,0.5544,troubleshoot; manage closed-circuit television system; assume responsibility; solve problems; renewable energy; manage digital documents; digital identity management; security regulations; MySQL; meet deadlines
6,Information Systems and Cybersecurity,Vilniaus kolegija / Higher Education Institution,IT administratorius (-ė),,Kaunas,https://en.cvbankas.lt/it-administratorius-e-kaune/1-13637509,0.2067,0.5891,digital identity management; renewable energy; manage digital documents; security regulations; consultation; solve problems; plan; assume responsibility; electrical equipment components; Lithuanian
7,Information Systems and Cybersecurity,Vilniaus kolegija / Higher Education Institution,IT Compliance & Process manager,,Vilnius,https://en.cvbankas.lt/it-compliance-process-manager-vilniuje/1-13722075,0.1852,0.5578,in-circuit test; root cause analysis; management department processes; risk management; think analytically; think innovatively
8,Information Systems and Cybersecurity,Vilniaus kolegija / Higher Education Institution,KIBERNETINIO SAUGUMO VADOVAS (-Ė),,Kaunas,https://en.cvbankas.lt/kibernetinio-saugumo-vadovas-e-kaune/1-13760617,0.1626,0.625,apply change management; digital data processing; security regulations; Lithuanian; Python (computer programming); penetration testing tool; think critically
9,Information Systems and Cybersecurity,Vilniaus kolegija / Higher Education Institution,Cyber Security Specialist,,Vilnius,https://en.cvbankas.lt/cyber-security-specialist-vilniuje/1-13680669,0.1623,0.5909,Lithuanian; DevOps; web application security threats; in-circuit test; implement ICT recovery system; cloud security and compliance; security regulations; risk management; think analytically; Python (computer programming)
10,Information Systems and Cybersecurity,Vilniaus kolegija / Higher Education Institution,IT VERSLO ANALITIKAS (-Ė),,Vilnius,https://en.cvbankas.lt/it-verslo-analitikas-e-vilniuje/1-13685665,0.1497,0.587,"organise information, objects and resources; solution deployment; use online tools to collaborate; think analytically; solve problems; Lithuanian; consultation; DevOps; ICT project management methodologies; digital data processing"
1,Development and Maintenance of Information Systems,Panevėžio kolegija/State Higher Education Institution,IT Compliance & Process manager,,Vilnius,https://en.cvbankas.lt/it-compliance-process-manager-vilniuje/1-13722075,0.221,0.5038,English; in-circuit test; root cause analysis; management department processes; think analytically; think innovatively
2,Development and Maintenance of Information Systems,Panevėžio kolegija/State Higher Education Institution,IT Vadovas (-ė),,Kaunas,https://en.cvbankas.lt/it-vadovas-e-kaune/1-13700339,0.2138,0.5188,apply change management; perform warehousing operations; Russian; plan; business management principles; apply information security policies; negotiate compromises; manage closed-circuit television system; trademarks; SQL
3,Development and Maintenance of Information Systems,Panevėžio kolegija/State Higher Education Institution,OSINT Specialistas,,Vilnius,https://en.cvbankas.lt/osint-specialistas-vilniuje/1-13474247,0.2063,0.5218,Maltego; English; Polish; social sciences; work independently; Python (computer programming); manage time
4,Development and Maintenance of Information Systems,Panevėžio kolegija/State Higher Education Institution,IT skyriaus administratorius (-ė),,Klaipėda,https://en.cvbankas.lt/it-skyriaus-administratorius-e-klaipedoje/1-13740999,0.174,0.5014,English; Russian; plan; business management principles; apply information security policies; negotiate compromises; manage closed-circuit television system; trademarks; apply change management
5,Development and Maintenance of Information Systems,Panevėžio kolegija/State Higher Education Institution,KIBERNETINIO SAUGUMO VADOVAS (-Ė),,Kaunas,https://en.cvbankas.lt/kibernetinio-saugumo-vadovas-e-kaune/1-13760617,0.1622,0.5673,apply change management; digital data processing; security regulations; Python (computer programming); penetration testing tool; think critically
6,Development and Maintenance of Information Systems,Panevėžio kolegija/State Higher Education Institution,IT inžinierius (-ė),,Vilnius,https://en.cvbankas.lt/it-inzinierius-e-vilniuje/1-13713495,0.1448,0.4993,English; plan; digital data processing; computer programming
7,Development and Maintenance of Information Systems,Panevėžio kolegija/State Higher Education Institution,IT sistemų administratorius (-ė),,Vilnius,https://en.cvbankas.lt/it-sistemu-administratorius-e-vilniuje/1-13756627,0.1421,0.5122,philosophy; operating systems; digital data processing; manage time; assume responsibility; network standards; electrical equipment components; mechanical systems; think analytically; SQL
8,Development and Maintenance of Information Systems,Panevėžio kolegija/State Higher Education Institution,.NET Developer,,Kaunas,https://en.cvbankas.lt/net-developer-kaune/1-13546657,0.1308,0.5075,JavaScript; style sheet languages; ICT project management methodologies; SQL; SQL Server; web services; environmental engineering; financial management
9,Development and Maintenance of Information Systems,Panevėžio kolegija/State Higher Education Institution,IRT specialistas (-ė) (SOC ir IT saugos sritis) | Technologijų skyrius,,Vilnius,https://en.cvbankas.lt/irt-specialistas-e-soc-ir-it-saugos-sritis-technologiju-skyrius-vilniuje/1-13733709,0.1303,0.5098,English; in-circuit test; operating systems; digital identity management; digital data processing; negotiate compromises; manage time; advise others; computer programming; provide information
10,Development and Maintenance of Information Systems,Panevėžio kolegija/State Higher Education Institution,SOC analitikas (-ė) kibernetinių grėsmių paieškai,,Vilnius,https://en.cvbankas.lt/soc-analitikas-e-kibernetiniu-gresmiu-paieskai-vilniuje/1-13395656,0.1259,0.5111,English; Python (computer programming); computer programming; penetration testing tool; think critically; apply change management; digital data processing; security regulations; apply information security policies; ICT security standards
1,Information Systems,Kaunas University of Technology,IT sistemų testuotojas (-a),,Kaunas,https://en.cvbankas.lt/it-sistemu-testuotojas-a-kaune/1-13761915,0.2621,0.5121,MySQL; morality; computer technology; SQL; meet deadlines; accounting; document evidence
2,Information Systems,Kaunas University of Technology,Verslo sistemų ir procesų analitikas (-ė),,Vilnius,https://en.cvbankas.lt/verslo-sistemu-ir-procesu-analitikas-e-vilniuje/1-13699299,0.2146,0.5129,digitization; perform project management; Python (computer programming); manage time; computer technology; SQL; digital data processing; improve business processes
3,Information Systems,Kaunas University of Technology,VYR. DUOMENŲ ANALITIKAS (-Ė),,Vilnius,https://en.cvbankas.lt/vyr-duomenu-analitikas-e-vilniuje/1-13739827,0.2124,0.5165,"data analytics; digitization; management department processes; SQL; think analytically; SQL Server; data extraction, transformation and loading tools; data models; Python (computer programming); apply information security policies"
4,Information Systems,Kaunas University of Technology,IT sistemų testuotojas (-a),,Kaunas,https://en.cvbankas.lt/it-sistemu-testuotojas-a-kaune/1-13736493,0.2091,0.5139,MySQL; morality; computer technology; SQL; think analytically
5,Information Systems,Kaunas University of Technology,IT skyriaus administratorius (-ė),,Klaipėda,https://en.cvbankas.lt/it-skyriaus-administratorius-e-klaipedoje/1-13740999,0.1948,0.5215,Lithuanian; Russian; business management principles; apply information security policies; negotiate compromises; computer technology; manage closed-circuit television system; trademarks; cyber security; apply change management
6,Information Systems,Kaunas University of Technology,Duomenų inžinierius (-ė) – analitikas (-ė),,Kaunas,https://en.cvbankas.lt/duomenu-inzinierius-e-analitikas-e-kaune/1-13706283,0.1905,0.5216,"SQL Server; data extraction, transformation and loading tools; data analytics; data models; Python (computer programming); apply information security policies; digital data processing; assume responsibility; interact verbally in English; SQL"
7,Information Systems,Kaunas University of Technology,Join our team as a JUNIOR System Analyst!,,Work from home,https://en.cvbankas.lt/join-our-team-as-a-junior-system-analyst-darbas-namuose/1-13699867,0.188,0.5377,design principles; meet deadlines; manage time; team building; improve business processes; report facts; apply information security policies; adopt ways to reduce pollution; schedule production; think critically
8,Information Systems,Kaunas University of Technology,DATA ENGINEER with verification,,Lithuania (Remote),https://www.linkedin.com/jobs/view/4328710459/?eBP=CwEAAAGdXVTxFfylTwn5FhVuExSS7O-QXtgOj66BYmJuT5ZfOGG6DXV-oxGHbbtbJgiMgw4aIbELH0z0XdfK0KxiiVLl5qoU_qaRDBIAtoH7rHeH63gx-MsOsG4jNF1YJz7qO6rHJrt4UXi6PklDI9PiknyDtc45vcS-SRwv9JsqlXcmnzIuMDQMAZrNjYRYwsaWOqxkSeTrgF0-7kSy0R4UUFQVnU3bJaoCFX8H53e-Ji-c6X1YoegRyKsZQIZxZKAQnimjF6Hc56yr8jj13jo8g8UvIdDQHACtd6sTRMgZa_9fZVUaMwmZhQdOgtsGMLC-j20oepaYXfUXBTIXvNuT28H8awvc3wmt3VIfqa9z3wDd79JuqGUPDdId2b1fsQhbsvdbGSj7aHxRfmqKSb1rQ92bDSswLi46M189lsUQyU11HAYoluucRLLjaIqqDrFG0k9FK8ou5gk5_VexVfZW_FIy7nRx_36ni7VgVlTD50VQWLiHl_p1yOOVyc6LzuEem6ITm887Tgmia67EAVVRRXvW5NAczFSpJp4tug&refId=8E32x5IjZ%2BhE0AVcGSKhpw%3D%3D&trackingId=XMB19EEnT64C5KFJO5HxtA%3D%3D&trk=flagship3_search_srp_jobs,0.1829,0.537,"ICT project management methodologies; data extraction, transformation and loading tools; troubleshoot; blueprints; automation technology; Python (computer programming); tools for software configuration management; data protection; Source (digital game creation systems); computer technology"
9,Information Systems,Kaunas University of Technology,IT ADMINISTRATORIUS (-Ė),,Klaipėda,https://en.cvbankas.lt/it-administratorius-e-klaipedoje/1-13759179,0.179,0.5324,customer relationship management; troubleshoot; make decisions; manage time; accounting; automation technology; mechanical systems; computer technology
10,Information Systems,Kaunas University of Technology,Pardavimų inžinierius (-ė) KLAIPĖDA,,Klaipėda,https://en.cvbankas.lt/pardavimu-inzinierius-e-klaipeda-klaipedoje/1-13737297,0.1698,0.5279,business analytics; manage time; make decisions; computer technology
1,Information Systems,Vilnius Gediminas Technical University,IT sistemų testuotojas (-a),,Kaunas,https://en.cvbankas.lt/it-sistemu-testuotojas-a-kaune/1-13761915,0.3344,0.5571,MySQL; SQL; meet deadlines; document evidence
2,Information Systems,Vilnius Gediminas Technical University,IT sistemų testuotojas (-a),,Kaunas,https://en.cvbankas.lt/it-sistemu-testuotojas-a-kaune/1-13736493,0.2674,0.5543,MySQL; SQL
3,Information Systems,Vilnius Gediminas Technical University,IT System Team Coordinator,,Vilnius,https://en.cvbankas.lt/it-system-team-coordinator-vilniuje/1-13766799,0.2584,0.5262,solve problems; consultation; business analysis; work independently; ecosystems; web services; ICT system integration; show entrepreneurial spirit; periodisation
4,Information Systems,Vilnius Gediminas Technical University,Duomenų analitikas (-ė) - inžinierius (-ė),,Kaunas,https://en.cvbankas.lt/duomenu-analitikas-e-inzinierius-e-kaune/1-13743279,0.2307,0.5316,"data extraction, transformation and loading tools; SQL"
5,Information Systems,Vilnius Gediminas Technical University,Pardavimų inžinierius (-ė) KLAIPĖDA,,Klaipėda,https://en.cvbankas.lt/pardavimu-inzinierius-e-klaipeda-klaipedoje/1-13737297,0.1858,0.5506,business analytics; work independently; manage time
6,Information Systems,Vilnius Gediminas Technical University,B2B IT Projektų vadovas (-ė),,Vilnius,https://en.cvbankas.lt/b2b-it-projektu-vadovas-e-vilniuje/1-13758119,0.1777,0.5467,perform project management; assume responsibility; manage time; solve problems; digitization; work in teams; ICT project management methodologies; give massages; improve business processes; lead others
7,Information Systems,Vilnius Gediminas Technical University,Duomenų inžinierius (-ė) – analitikas (-ė),,Kaunas,https://en.cvbankas.lt/duomenu-inzinierius-e-analitikas-e-kaune/1-13706283,0.1677,0.5331,"SQL Server; data extraction, transformation and loading tools; data analytics; data models; Python (computer programming); apply information security policies; digital data processing; assume responsibility; interact verbally in English; SQL"
8,Information Systems,Vilnius Gediminas Technical University,Vyriausiasis (-oji) duomenų inžinierius (-ė),,Vilnius,https://en.cvbankas.lt/vyriausiasis-oji-duomenu-inzinierius-e-vilniuje/1-13752215,0.1642,0.5272,"migration; data models; Python (computer programming); digital data processing; data extraction, transformation and loading tools; SQL; data engineering; business intelligence; information architecture; SQL Server"
9,Information Systems,Vilnius Gediminas Technical University,BI programuotojas (-a),,Kaunas,https://en.cvbankas.lt/bi-programuotojas-a-kaune/1-13753903,0.1508,0.5305,SQL; business intelligence
10,Information Systems,Vilnius Gediminas Technical University,Sistemos ekspertas (-ė),,Vilnius,https://en.cvbankas.lt/sistemos-ekspertas-e-vilniuje/1-13751383,0.1424,0.556,troubleshoot; organise training; manage time; maintenance operations; work independently; transportation engineering; solve problems; consultation; work in teams; migration
1,Marketing Technologies,Vilnius University,"Analytics Engineer, Marketing DSA with verification",,"Vilnius, Vilniaus, Lithuania",https://www.linkedin.com/jobs/view/4383765010/?eBP=CwEAAAGdXVTxFLoxuruRUTIWC7aXpyxmd_rYd3jzSZrZQ_aGLu302_a660iNkbLI-Cs9w0z9tCLfUHZ5xPx38lbPUmXhbJIEDKu7k51R00X2CSRdwcYxVv3Xvhdlpw3dVkFp5MRi0vNiT8cC28QYzse3EEVU1dlGt4Nlq7XMonrGvfXj_m138pGwf-UfvFa0h7bbkuXKVhahSBIaaeWcUA4sqy2qPp3k97cQY5TU7VxUczd7mHASGtKOK5zqSqOph2lZ9xRdy5MX1_whxVbUjHhRRY6DQ0bhRjDEfYsYITPInRM9fZ1eYnWqz_Ycgq8Ci__fkcGAtZpelCdu_7ETpsp6cJUL_WOtuAeuWVDnsTupPRRBSKYTjjlN2v9PNnM_jeEtKaOUWL3yaJ3syiIVaHG-WyyxRgAAvESz4Ee7R-KqaH7nF52EqFsKpf_NAW7QtZT-ztcCrmeM75Hl72nPCGgFss2nfz1_NmjPXusgeaNCQ4i1rA78qZbuifuH3KiRpy4BNZ909UP1ToUFUZXFdiW8uXycqKUV-lFiZk0HiQ&refId=8E32x5IjZ%2BhE0AVcGSKhpw%3D%3D&trackingId=h3MUKOIPXw1Bhio%2BT1QZnA%3D%3D&trk=flagship3_search_srp_jobs,0.4675,0.455,data engineering; SQL; data science; Python (computer programming); tools for software configuration management; dies; make decisions; data models; ICT project management methodologies; MySQL
2,Marketing Technologies,Vilnius University,Marketingo ir pardavimų vadovo asistentas (-ė),,Vilnius,https://en.cvbankas.lt/marketingo-ir-pardavimu-vadovo-asistentas-e-vilniuje/1-13288765,0.24,0.5156,customer relationship management; team building; perform project management; manage time; lead others; electronic communication
3,Marketing Technologies,Vilnius University,E-commerce Customer Success Manager (Account Manager),,Vilnius,https://en.cvbankas.lt/e-commerce-customer-success-manager-account-manager-vilniuje/1-13619331,0.2393,0.4871,Lithuanian; lead others; trademarks
4,Marketing Technologies,Vilnius University,Join our Marketing Team as a Website and Content Specialist,,Šiauliai,https://en.cvbankas.lt/join-our-marketing-team-as-a-website-and-content-specialist-siauliuose/1-13746459,0.2239,0.5486,team building; lead others; assume responsibility; adopt ways to reduce pollution; TypeScript; JavaScript; PostgreSQL; style sheet languages; Python (computer programming); financial forecasting
5,Marketing Technologies,Vilnius University,Supply Chain Continuous Improvement Intern,,Vilnius,https://en.cvbankas.lt/supply-chain-continuous-improvement-intern-vilniuje/1-13716155,0.2192,0.5041,SAP Data Services; environmental engineering; demonstrate curiosity
6,Marketing Technologies,Vilnius University,Mid/Senior Meta Media Buyer,,Vilnius,https://en.cvbankas.lt/mid-senior-meta-media-buyer-vilniuje/1-13757529,0.2157,0.468,Lithuanian; think analytically
7,Marketing Technologies,Vilnius University,Associate Data Engineer with verification,,"Vilnius, Vilniaus, Lithuania (Hybrid)",https://www.linkedin.com/jobs/view/4383917782/?eBP=CwEAAAGdXVJvGQUVxTx-5JV5SxwZr4iay8a2Jxhh9v1T57lab3xyF-C0Vn033ov2DjEak78uVoqZbtM1oxjnZZO7YOGsgcfPJ2KJyy9d_53inZVefEmD-Z6mK8b-pz3B_4j3W9qPz5QIj9QeQJ1v80KMfDA8CRQPLRYAJ2Hw3iMFkfpUz90fi1Un-4KMYVvheyUipKyQ4mHHrH6tPbXbQa2OYS32QHwHbLQum_ZnqF0ydBxADvrWiQfEnm8GBJvkCz4FDbpMusmAoTUUThaHi0J0gLiHnT7YU0q3XInmfBp_1BcK8pYFBa1l1Fl9a80wnAUFWB6A04PRn9tYjwBRjOyq8sxzriridYB0oLcjTjb8kyM0XM6w3IJCbiUpR6c6PiA8ljTdKekdxf7qVBBKwqK_i8zHTRYSInNVW2drRy_kyfASusAogBx2S8yRy0EPSD1naBdysJWXnt_MxVghhobULeso1rDmF2lhsk-B_pRI0gMRiEb-Pxox-wLg9t16ks6m1weII6A6lP5kBWi7bKa9KSwyhvLdLEnV&refId=oGrIqh2UiA%2B55SwayS87gA%3D%3D&trackingId=IgK6sWDz7yNsd122YUdOSA%3D%3D&trk=flagship3_search_srp_jobs,0.1834,0.473,style sheet languages; JavaScript; computer programming; troubleshoot; market analysis; think analytically; demonstrate curiosity
8,Marketing Technologies,Vilnius University,Account Manager,,Vilnius,https://en.cvbankas.lt/account-manager-vilniuje/1-12916695,0.182,0.4789,Lithuanian; customer relationship management; digital media; manage time; assume responsibility
9,Marketing Technologies,Vilnius University,Product Manager,,Vilnius,https://en.cvbankas.lt/product-manager-vilniuje/1-13725955,0.1357,0.4867,"ICT project management methodologies; lead others; trademarks; promote ideas, products, services; perform procurement processes; Agile development; ecosystems; team building; build trust; human resource management"
10,Marketing Technologies,Vilnius University,Informacijos saugos specialistas (-ė),,Vilnius,https://en.cvbankas.lt/informacijos-saugos-specialistas-e-vilniuje/1-13751575,0.1332,0.4954,apply information security policies; think analytically; security regulations; ICT security standards; manage time; provide information; assume responsibility; Lithuanian; computer programming; Python (computer programming)
1,Bioinformatics,Vilnius University,Data Analyst SQL Python with verification,,"Vilnius, Vilniaus, Lithuania (On-site)",https://www.linkedin.com/jobs/view/4391573444/?eBP=CwEAAAGdXVdr84CepMMYTlBo5gqsfx3OqKv-vNV8IRxcfn7VTiOvWGrABrFAKKwrHZYyYuAi3aBixfQrgghOsyc6nuDZEsXXWYPD0UVb_oR9bP5xheghUzXksS3Q9PETd1JFX-M9la09sjqN9SUzl_yGlkoLwluByRayqvyAVbwG5ZRZl9_66P-6Jw_8jqCIYnUiIUitESsjR7-4rYSlGQX_G_Yp6P91vEfTpcIIZYEO7RHiG0V5dVcGatPUu_v4IeKat3qPIRrq8SMKWnF40BWPtFRqPbqtKrq0TgmKqu7c-ySwtXZ-0Xuy2bh2P26uEuQmIFNzZCIAapmBqSM_-zn8x8ezwmv9i_fkxrfVtgNuy9cyjs-YWYObFyUaw5-0S4FwFPZ85dYUJ98ROvCXn9gcXonMqna6T0bCoaDZtlF4xtdmAxuBS4Gx-2eOG2txg0EwMUei4Gy-84wMECP6Wdg1lJEc4EDJTSk6O2f5EoNg-JVb7x3UYh4H8sj_EG1s81JnA0rQxnZgQlSIvI2_lxaXJnEDc1uIwlBpEvI&refId=47SaNTdiYW3wnMQlscUwOw%3D%3D&trackingId=3UAaKo3xN%2FlZkKEu118H1g%3D%3D&trk=flagship3_search_srp_jobs,0.6771,0.4245,SQL; English; ICT project management methodologies; statistics; data models; Python (computer programming); perform cleaning duties
2,Bioinformatics,Vilnius University,IT SUPPORTER with development opportunity in Data Integration,,Marijampolė,https://en.cvbankas.lt/it-supporter-with-development-opportunity-in-data-integration-marijampoleje/1-13685295,0.2803,0.3717,troubleshoot; English; Lithuanian; operating systems; environmental engineering; lead others; electronic communication; personal development; solve problems; interact verbally in Lithuanian
3,Bioinformatics,Vilnius University,"Youth LAB – Application Support intern | SEB Group, Vilnius",,Vilnius,https://en.cvbankas.lt/youth-lab-application-support-intern-seb-group-vilnius-vilniuje/1-13713017,0.2795,0.3573,English; communication; ICT project management methodologies; economics; brainstorm ideas; leasing process; assume responsibility
4,Bioinformatics,Vilnius University,BI programuotojas (-a),,Kaunas,https://en.cvbankas.lt/bi-programuotojas-a-kaune/1-13753903,0.2609,0.3432,SQL; communication; statistics; business intelligence
5,Bioinformatics,Vilnius University,"Youth LAB – Lending Services Vilnius | SEB Group, Vilnius",,Vilnius,https://en.cvbankas.lt/youth-lab-lending-services-vilnius-seb-group-vilnius-vilniuje/1-13713327,0.2396,0.3176,English; communication; ICT project management methodologies; economics; leasing process; assume responsibility; brainstorm ideas
6,Bioinformatics,Vilnius University,VYR. DUOMENŲ ANALITIKAS (-Ė),,Vilnius,https://en.cvbankas.lt/vyr-duomenu-analitikas-e-vilniuje/1-13739827,0.2085,0.3434,"SQL; database; data analytics; digitization; management department processes; think analytically; statistics; business intelligence; SQL Server; data extraction, transformation and loading tools"
7,Bioinformatics,Vilnius University,Junior Test Engineer (fixed-term contract),,Vilnius,https://en.cvbankas.lt/junior-test-engineer-fixed-term-contract-vilniuje/1-13768685,0.199,0.3719,English; communication; electronics; ICT project management methodologies; computer engineering; embedded systems; manage time; think creatively; develop strategy to solve problems
8,Bioinformatics,Vilnius University,Operational Excellence Partner,,Vilnius,https://en.cvbankas.lt/operational-excellence-partner-vilniuje/1-13557078,0.17,0.3438,English; Lithuanian; communication; show entrepreneurial spirit; think creatively; lean manufacturing; acoustics; cooperate with colleagues; data protection; work in teams
9,Bioinformatics,Vilnius University,OSINT Specialistas,,Vilnius,https://en.cvbankas.lt/osint-specialistas-vilniuje/1-13474247,0.1544,0.3442,Maltego; English; Polish; social sciences; risk management; work independently; Python (computer programming); cyber security; manage time
10,Bioinformatics,Vilnius University,SAP DATA Services Developer with verification,,"Vilnius, Vilniaus, Lithuania (Remote)",https://www.linkedin.com/jobs/view/4390914503/?eBP=CwEAAAGdXVTxFcI6g9hH53N1HLbm8qUIlDCF29qdU73aSnKw2A9Sm0OKg4wH1WUAV60u3dhjnQkze7yyqC8OEFvq91eR0kmqJg2F9SZgBy-P0l_zmfETpFkq7EO-iFmTiW0lQC6yfMwoTMijJbMFzdQlKLaeJpq-M-k8CYM61f7srpH_zkGA7_ZRru4Kzhvn1PSdxJCJq5jSve_PRB9Beni0IliEe8GgTy8tBCz9opPwsSievwfmSWA0FCFyh_TXiVZRcgT4mjCCpPSi36AtP-2FA3uN6prNDU3tolKpvnY0vmtulhj6BUoWYmPeBB1H_jeY849GGS1D0CpyEzazZLt54NP9bRVV-gtaUWujPp9BGT73-wQGvj4NktTMBrr8XjZnRWa0NHHbGBnv9Thh98ifEFRjhVxb8ztaftEHHQfaBDX9nCYY0T_7brNhqeOe4R5wZXX1Pay8S4S7UwG0SJxjQTxoL12iGaa1GUEZC1PE-oL8kZJ4sHR4OmKC3avjeXcVrsqxpKnpmsdCamYtX3BNMR_EowrEaFmIY5Sr9w&refId=8E32x5IjZ%2BhE0AVcGSKhpw%3D%3D&trackingId=sAoLzTehYU0i6vxN8a7ZUw%3D%3D&trk=flagship3_search_srp_jobs,0.1478,0.3382,"SAP Data Services; data extraction, transformation and loading tools; communication; SQL; migration; robotics; data models; think creatively; Polish; work independently"
1,Artificial intelligence,Kaunas University of Technology,MLOps engineer with expertise in Ray and Kubeflow vLLM SkyPikot on kubernetes,,Work from home,https://en.cvbankas.lt/mlops-engineer-with-expertise-in-ray-and-kubeflow-vllm-skypikot-on-kubernetes-darbas-namuose/1-13742747,0.5256,0.6256,artificial neural networks; distributed computing; ML (computer programming)
2,Artificial intelligence,Kaunas University of Technology,Programuotojas / AI (DI) inžinierius,,Vilnius,https://en.cvbankas.lt/programuotojas-ai-di-inzinierius-vilniuje/1-13706229,0.4254,0.594,SQL; work independently; solution deployment; tools for software configuration management
3,Artificial intelligence,Kaunas University of Technology,AI SOLUTIONS EXPERT (F/M/D),,Vilnius,https://en.cvbankas.lt/ai-solutions-expert-f-m-d-vilniuje/1-13705505,0.4184,0.5331,"unstructured data; Python (computer programming); assume responsibility; ML (computer programming); lead others; data extraction, transformation and loading tools; data engineering; SQL; data analytics; data models"
4,Artificial intelligence,Kaunas University of Technology,MID DI inžinierius (-ė) – prisijunk prie mūsų komandos ir kurk inovacijas!,,Vilnius,https://en.cvbankas.lt/mid-di-inzinierius-e-prisijunk-prie-musu-komandos-ir-kurk-inovacijas-vilniuje/1-13699111,0.3677,0.5103,knowledge base; Python (computer programming); manage time; seek innovation in current practices; TypeScript; ML (computer programming); politics; demonstrate trustworthiness; DevOps; Jenkins (tools for software configuration management)
5,Artificial intelligence,Kaunas University of Technology,AI Engineer (Applied AI) with verification,,"Vilnius, Vilniaus, Lithuania (Hybrid)",https://www.linkedin.com/jobs/view/4354609788/?eBP=CwEAAAGdXU_3Lpjva5gehuwkyxZOOeCMBLNABZouwvt95moQqldkZj82d9MFxAibHKwvHcRydrXa6rtBTFPsNBV4zX_5A9KyNJf_-ofgUfq-YZy77hlw36EosJqJdYRk9kmsGtqraQU9QmeTS5B89rNfVK9JUwgH9JOInDbgeM7epx921DQd72SXaWo1M0sb7HPrANFJ8FeiSgJOGh6xnkYWXMiBHEXNBJAecBgWS__K1NYvsYF60BZMbiTaH_Fm_SaXOiAcdqqFCab_EOtkdZzXKLDlT-W5wJSMXMeTqBv0slR8E8kDATovomB-czBgotIfWw9P9QX5o2s3qOh9QNMYse5ipOuzs1PSB2z1LQ3vhmi-GmGjkSX-MNTAPOgg2fRDV8aFmuACRRT6zWk8hRzE0XZd-FYmj-XKmqo9Veo0dJ62XkYlmgHz8aSHlLU9FV4-GypB9bSK156pWGRrTqxwjjyRrbfPWrduFwS0Rf7o30kJlFxUrKo8awCgQca5ifXdmZIc2QR8EekFCC7YSUkcjXohNje0D35mC3QLNQ&refId=wk4fVenEURubDB1Ehtm5HQ%3D%3D&trackingId=t02SStjRfp6kvPP77%2BKNiw%3D%3D&trk=flagship3_search_srp_jobs,0.3378,0.6361,dies; ML (computer programming); Python (computer programming); assume responsibility
6,Artificial intelligence,Kaunas University of Technology,DIRBTINIO INTELEKTO INŽINIERĖ (-IUS) IT skyriuje,,Vilnius,https://en.cvbankas.lt/dirbtinio-intelekto-inziniere-ius-it-skyriuje-vilniuje/1-13749365,0.3333,0.6307,work in teams; think analytically; show entrepreneurial spirit
7,Artificial intelligence,Kaunas University of Technology,DIRBTINIO INTELEKTO IR AUTOMATIZACIJŲ VADOVAS (-Ė),,Vilnius,https://en.cvbankas.lt/dirbtinio-intelekto-ir-automatizaciju-vadovas-e-vilniuje/1-13752609,0.3018,0.5097,think analytically; assume responsibility; demonstrate curiosity; work in teams; show entrepreneurial spirit; Python (computer programming); improve business processes
8,Artificial intelligence,Kaunas University of Technology,IT specialistas procesų automatizavimui,,Kaunas,https://en.cvbankas.lt/it-specialistas-procesu-automatizavimui-kaune/1-13254683,0.2835,0.5003,Python (computer programming); improve business processes; migration; data models; negotiate compromises; show entrepreneurial spirit; business intelligence; work in teams; think analytically; SQL
9,Artificial intelligence,Kaunas University of Technology,Senior Data Engineer,,Vilnius,https://en.cvbankas.lt/senior-data-engineer-vilniuje/1-13750755,0.2787,0.4762,"Python (computer programming); data extraction, transformation and loading tools; database; data engineering; advise others; lead others; demonstrate curiosity"
10,Artificial intelligence,Kaunas University of Technology,Machine Learning Engineer - Lithuania,,"Vilnius, Vilniaus, Lithuania (Hybrid)",https://www.linkedin.com/jobs/view/4369666699/?eBP=CwEAAAGdXVTsvR5DBFDIdaENp9Kz05Zx0LpvJE7P8CNZDnvu4tVrHTA2S_-KzE3qZr5euHXYlKPV8vzElV74_9oboFCancFeTHrS_R3FEx0JikWakQtDFmze_GBGHxZuuID7TWRHG7iiVQH9VK5aHN3J7dVyvff73fprBapgvlTe55WaxecXpoRS1NAAg-erWcy27enP3rYySSOtmRKRDn08vCWvir8Rf4J7hyNXrGNoilS2SJ-LQlAHLikIKijPnKxhOzZJMrBxDKNo0dHitF2MGJtgtFVhUDNifmIQkxBLAoDfqsACcb8h30X1_s0rB6SNwPjqwE9zGDFkQdQTMTuPecXwyMsvTqTn85jqMkdXqDFjndFgVST49rotLNtBovdNDOg4OIyb6QzMfDON8j9UbTq15TUS706ZhlqNawLYxWLfgeCL58ZC7Cartd14wO12nx-DlMze1RuSDnl5hCvf2u8VoRDQ6W9VtKi4yRIh8bxD6RRgtrd4XM3WtdxX_AIylOSB64QbZfy7PaCKj75FckDDZ5oAzhFw&refId=rvvLPRm9HMLC13GVbfiruQ%3D%3D&trackingId=mu69CVJdQShpf9JMSNsXKA%3D%3D&trk=flagship3_search_srp_jobs,0.2626,0.4704,ML (computer programming); business intelligence; Computer Assisted Language Learning; data science; Python (computer programming); lead others; Scratch (computer programming); data warehouse; DevOps; perform warehousing operations
1,Information and Communication Technologies,Vilnius Gediminas Technical University,Integration / Automation Engineer,,Vilnius,https://en.cvbankas.lt/integration-automation-engineer-vilniuje/1-13740891,0.2141,0.4814,"SQL; Python (computer programming); trademarks; business processes; Java (computer programming); JavaScript; logic; troubleshoot; data extraction, transformation and loading tools"
2,Information and Communication Technologies,Vilnius Gediminas Technical University,.NET Developer,,Kaunas,https://en.cvbankas.lt/net-developer-kaune/1-13546657,0.1664,0.5242,style sheet languages; ICT project management methodologies; SQL; SQL Server; web services; business processes; environmental engineering; JavaScript; financial management
3,Information and Communication Technologies,Vilnius Gediminas Technical University,Jaunesnysis IT inžinierius,,Vilnius,https://en.cvbankas.lt/jaunesnysis-it-inzinierius-vilniuje/1-13409158,0.1543,0.4711,troubleshoot; maintain equipment; Polish; asset management; delegate responsibilities; cyber security; business processes; solve problems; accounting; Assembly (computer programming)
4,Information and Communication Technologies,Vilnius Gediminas Technical University,PROGRAMUOTOJAS (-A) (PASTATŲ VALDYMAS),,Vilnius,https://en.cvbankas.lt/programuotojas-a-pastatu-valdymas-vilniuje/1-13540655,0.1472,0.4956,logic; electricity; programmable logic controller; ICT system integration
5,Information and Communication Technologies,Vilnius Gediminas Technical University,IT inžinierius (-ė),,Kaunas,https://en.cvbankas.lt/it-inzinierius-e-kaune/1-13753731,0.1427,0.4932,solve technical problems; troubleshoot; maintain equipment; computer equipment; accounting; electrical equipment components; manufacturing processes; cyber security; data protection; solve problems
6,Information and Communication Technologies,Vilnius Gediminas Technical University,Telekomunikacijų specialistas – bazinių stočių montuotojas LIETUVA,,Vilnius,https://en.cvbankas.lt/telekomunikaciju-specialistas-baziniu-stociu-montuotojas-lietuva-vilniuje/1-13540245,0.1304,0.4918,history; procurement of ICT network equipment; electrical engineering; have computer literacy; maintain equipment; work in teams; team building; perform project management; assume responsibility
7,Information and Communication Technologies,Vilnius Gediminas Technical University,Tinklų architektas (-ė),,Vilnius,https://en.cvbankas.lt/tinklu-architektas-e-vilniuje/1-13768335,0.1119,0.5172,work in teams; migration; cloud technologies; network engineering; provide technical documentation; manage time; cyber security; business processes; work independently; transportation engineering
8,Information and Communication Technologies,Vilnius Gediminas Technical University,IT Support Engineer,,Vilnius,https://en.cvbankas.lt/it-support-engineer-vilniuje/1-13176664,0.1087,0.4796,troubleshoot
9,Information and Communication Technologies,Vilnius Gediminas Technical University,IT PRIEŽIŪROS SPECIALISTĖ (-AS) (MONITORINGO KOMANDOJE),,Vilnius,https://en.cvbankas.lt/it-prieziuros-specialiste-as-monitoringo-komandoje-vilniuje/1-13714587,0.1028,0.4724,assume responsibility; ICT project management methodologies; develop strategy to solve problems; manage schedule of tasks; cope with stress; make data-driven decisions; apply change management; lead others; SQL; electricity
10,Information and Communication Technologies,Vilnius Gediminas Technical University,"IT projektų vadovė (-as) (IT / OT, ICS / SCADA sritis)",,Vilnius,https://en.cvbankas.lt/it-projektu-vadove-as-it-ot-ics-scada-sritis-vilniuje/1-13640803,0.102,0.5154,integrated circuits; control systems; ICT project management methodologies; apply change management; job market offers; cyber security; business processes; solve problems
1,Information Technologies,Vilnius University,IT Sistemų administratorius (-ė),,Alytus,https://en.cvbankas.lt/it-sistemu-administratorius-e-alytuje/1-13705077,0.2513,0.5546,SQL; digitization; work in teams
2,Information Technologies,Vilnius University,IT PASLAUGŲ VALDYMO ANALITIKĖ (-AS),,Vilnius,https://en.cvbankas.lt/it-paslaugu-valdymo-analitike-as-vilniuje/1-13760149,0.244,0.5774,DevOps; communication; knowledge base; report facts; patents; make decisions; solve problems; think analytically
3,Information Technologies,Vilnius University,System Analyst (IT department),,Vilnius,https://en.cvbankas.lt/system-analyst-it-department-vilniuje/1-13759517,0.1876,0.5545,SQL; communication; design principles; web services; show commitment; ICT project management methodologies; DevOps; cooperate with colleagues
4,Information Technologies,Vilnius University,Vyr. sistemų analitikas (-ė) (NTR modernizavimui),,Vilnius,https://en.cvbankas.lt/vyr-sistemu-analitikas-e-ntr-modernizavimui-vilniuje/1-13768673,0.1869,0.5805,morality; manage time; work in teams; provide technical documentation; accounting; create solutions to problems; assume responsibility; demonstrate curiosity; plan; develop strategy to solve problems
5,Information Technologies,Vilnius University,IT SUPPORTER with development opportunity in Data Integration,,Marijampolė,https://en.cvbankas.lt/it-supporter-with-development-opportunity-in-data-integration-marijampoleje/1-13685295,0.1689,0.5838,troubleshoot; computer science; operating systems; environmental engineering; lead others; electronic communication; personal development; interact verbally in Lithuanian; assume responsibility
6,Information Technologies,Vilnius University,Programų priežiūros administratorius (-ė),,Kaunas,https://en.cvbankas.lt/programu-prieziuros-administratorius-e-kaune/1-13656395,0.1686,0.5523,SQL; plan; team building; troubleshoot; manage time; assume responsibility; solve problems; think analytically
7,Information Technologies,Vilnius University,Duomenų analitikas (-ė) - inžinierius (-ė),,Kaunas,https://en.cvbankas.lt/duomenu-analitikas-e-inzinierius-e-kaune/1-13743279,0.1574,0.5518,"SQL; data extraction, transformation and loading tools; think analytically"
8,Information Technologies,Vilnius University,SAP DATA Services Developer with verification,,"Vilnius, Vilniaus, Lithuania (Remote)",https://www.linkedin.com/jobs/view/4390914503/?eBP=CwEAAAGdXVTxFcI6g9hH53N1HLbm8qUIlDCF29qdU73aSnKw2A9Sm0OKg4wH1WUAV60u3dhjnQkze7yyqC8OEFvq91eR0kmqJg2F9SZgBy-P0l_zmfETpFkq7EO-iFmTiW0lQC6yfMwoTMijJbMFzdQlKLaeJpq-M-k8CYM61f7srpH_zkGA7_ZRru4Kzhvn1PSdxJCJq5jSve_PRB9Beni0IliEe8GgTy8tBCz9opPwsSievwfmSWA0FCFyh_TXiVZRcgT4mjCCpPSi36AtP-2FA3uN6prNDU3tolKpvnY0vmtulhj6BUoWYmPeBB1H_jeY849GGS1D0CpyEzazZLt54NP9bRVV-gtaUWujPp9BGT73-wQGvj4NktTMBrr8XjZnRWa0NHHbGBnv9Thh98ifEFRjhVxb8ztaftEHHQfaBDX9nCYY0T_7brNhqeOe4R5wZXX1Pay8S4S7UwG0SJxjQTxoL12iGaa1GUEZC1PE-oL8kZJ4sHR4OmKC3avjeXcVrsqxpKnpmsdCamYtX3BNMR_EowrEaFmIY5Sr9w&refId=8E32x5IjZ%2BhE0AVcGSKhpw%3D%3D&trackingId=sAoLzTehYU0i6vxN8a7ZUw%3D%3D&trk=flagship3_search_srp_jobs,0.1347,0.5535,"data extraction, transformation and loading tools; communication; SQL; computer science; migration; robotics; SAP Data Services; Polish; acoustics; Swedish"
9,Information Technologies,Vilnius University,OSINT Specialistas,,Vilnius,https://en.cvbankas.lt/osint-specialistas-vilniuje/1-13474247,0.1308,0.5578,Maltego; Polish; social sciences; risk management; Python (computer programming); cyber security; manage time
10,Information Technologies,Vilnius University,IT Support Engineer,,Vilnius,https://en.cvbankas.lt/it-support-engineer-vilniuje/1-13176664,0.125,0.5457,troubleshoot
1,Informatics,Kaunas University of Technology,IT sistemų administratorius (-ė),,Vilnius,https://en.cvbankas.lt/it-sistemu-administratorius-e-vilniuje/1-13756627,0.2607,0.5254,think analytically; manage time; assume responsibility; network standards; electrical equipment components; mechanical systems; data warehouse; data analytics; perform warehousing operations; consultation
2,Informatics,Kaunas University of Technology,AI Engineer (Applied AI) with verification,,"Vilnius, Vilniaus, Lithuania (Hybrid)",https://www.linkedin.com/jobs/view/4354609788/?eBP=CwEAAAGdXU_3Lpjva5gehuwkyxZOOeCMBLNABZouwvt95moQqldkZj82d9MFxAibHKwvHcRydrXa6rtBTFPsNBV4zX_5A9KyNJf_-ofgUfq-YZy77hlw36EosJqJdYRk9kmsGtqraQU9QmeTS5B89rNfVK9JUwgH9JOInDbgeM7epx921DQd72SXaWo1M0sb7HPrANFJ8FeiSgJOGh6xnkYWXMiBHEXNBJAecBgWS__K1NYvsYF60BZMbiTaH_Fm_SaXOiAcdqqFCab_EOtkdZzXKLDlT-W5wJSMXMeTqBv0slR8E8kDATovomB-czBgotIfWw9P9QX5o2s3qOh9QNMYse5ipOuzs1PSB2z1LQ3vhmi-GmGjkSX-MNTAPOgg2fRDV8aFmuACRRT6zWk8hRzE0XZd-FYmj-XKmqo9Veo0dJ62XkYlmgHz8aSHlLU9FV4-GypB9bSK156pWGRrTqxwjjyRrbfPWrduFwS0Rf7o30kJlFxUrKo8awCgQca5ifXdmZIc2QR8EekFCC7YSUkcjXohNje0D35mC3QLNQ&refId=wk4fVenEURubDB1Ehtm5HQ%3D%3D&trackingId=t02SStjRfp6kvPP77%2BKNiw%3D%3D&trk=flagship3_search_srp_jobs,0.1651,0.4965,dies; Python (computer programming); assume responsibility
3,Informatics,Kaunas University of Technology,IT INFRASTRUKTŪROS ADMINISTRATORIUS (-Ė),,Klaipėda,https://en.cvbankas.lt/it-infrastrukturos-administratorius-e-klaipedoje/1-13736439,0.1582,0.5163,accounting; troubleshoot; database; manage closed-circuit television system; assume responsibility; make decisions; make independent operating decisions; renewable energy; manage digital documents; digital identity management
4,Informatics,Kaunas University of Technology,Vyriausiasis (-oji) duomenų inžinierius (-ė),,Vilnius,https://en.cvbankas.lt/vyriausiasis-oji-duomenu-inzinierius-e-vilniuje/1-13752215,0.143,0.4997,"migration; data models; Python (computer programming); data extraction, transformation and loading tools; SQL; data engineering; business intelligence; information architecture; SQL Server; data warehouse"
5,Informatics,Kaunas University of Technology,DevOps and Cloud Engineer,,"Kaunas, Kaunas, Lithuania",https://www.linkedin.com/jobs/view/4387402181/?eBP=CwEAAAGdXVJzL3zb3qq3YKLU8yyFMsWaz6tWTfyW8Y0sXjol4QoUgIWYqlZjYtXDEXj95Lu9P0cqs4f6VcAc3zcmQ2-F3CGjLw0JYaahXxzLZ8QDERouaF9lG-fSyd7OcsyzSo54TWmAAsUukcJNHQyzYZbB-t3mHVXpkIQWBNT2QgPkgrb-YQSzTOvbQ4OL0N_SCQ0DsKAH9HxbBbl0lfeeLNJIHMGGGPUvAnyLzy9YjBxTNgwJsZGK9ammlfywoZZERcvlOk5Vm8Ihc0I3wfOkNLv32v8TwyyVauA-ybqS2ZpxON1RX6qi8TtwaTyQCumOzA1sVvPEsfyQ5cI9rF6BKYmp0oaGmnb2DkW9V1EXWMrz17NT1_viTFITxvndmKvMEWNkiLdPNKD-eTVXoDSuyddSxkiVHH7_h1lN1Yh4oo8lpomCndN5Ig3E_ocuzo094krKWPnGKw47-SHGU3mpxJGvXE7q4j4kM1DllhPXhK_hWMCY3OZKjwViNl8VL8sd84n1Lz1AimmWhfTMyMJPoEllfj0e2tJDQuFmU8Kd&refId=9cGkUbOOhOKqDBgZIBV0VQ%3D%3D&trackingId=al3Ay%2F7mgk6FRgl5KDAqFA%3D%3D&trk=flagship3_search_srp_jobs,0.1415,0.521,DevOps; ICT project management methodologies; computer programming; troubleshoot; Jenkins (tools for software configuration management); Python (computer programming); implement ICT recovery system; Puppet (tools for software configuration management); customer relationship management; real estate market
6,Informatics,Kaunas University of Technology,Duomenų inžinierius (-ė) – analitikas (-ė),,Kaunas,https://en.cvbankas.lt/duomenu-inzinierius-e-analitikas-e-kaune/1-13706283,0.122,0.5053,"SQL Server; data extraction, transformation and loading tools; data warehouse; data analytics; data models; Python (computer programming); apply information security policies; perform warehousing operations; assume responsibility; interact verbally in English"
7,Informatics,Kaunas University of Technology,MLOps engineer with expertise in Ray and Kubeflow vLLM SkyPikot on kubernetes,,Work from home,https://en.cvbankas.lt/mlops-engineer-with-expertise-in-ray-and-kubeflow-vllm-skypikot-on-kubernetes-darbas-namuose/1-13742747,0.1152,0.5157,artificial neural networks; machine learning; distributed computing; ML (computer programming)
8,Informatics,Kaunas University of Technology,Infrastructure Automation Engineer (Linux / DevOps),,Kaunas,https://en.cvbankas.lt/infrastructure-automation-engineer-linux-devops-kaune/1-13755285,0.1135,0.5047,Python (computer programming); DevOps; tools for software configuration management; computer programming; ICT project management methodologies; troubleshoot; Jenkins (tools for software configuration management); implement ICT recovery system; web application security threats; building automation
9,Informatics,Kaunas University of Technology,IT Support Engineer,,Vilnius,https://en.cvbankas.lt/it-support-engineer-vilniuje/1-13176664,0.1102,0.5079,troubleshoot
10,Informatics,Kaunas University of Technology,Tinklų architektas (-ė),,Vilnius,https://en.cvbankas.lt/tinklu-architektas-e-vilniuje/1-13768335,0.1011,0.5354,work in teams; migration; provide technical documentation; manage time; network engineering; transportation engineering; make decisions; consultation; economics; troubleshoot
1,Informatics,Klaipėda University,IT ADMINISTRATORIUS (-Ė),,Klaipėda,https://en.cvbankas.lt/it-administratorius-e-klaipedoje/1-13759179,0.3281,0.4827,customer relationship management; troubleshoot; accounting; mechanical systems; manage time
2,Informatics,Klaipėda University,Senior / Mid Software Engineer (.NET / Delphi) I Teltonika Security,,Vilnius,https://en.cvbankas.lt/senior-mid-software-engineer-net-delphi-i-teltonika-security-vilniuje/1-13750671,0.2358,0.5413,C#; firmware; migration; program firmware; Pascal (computer programming); lead others; demonstrate curiosity; industrial research and development
3,Informatics,Klaipėda University,SENIOR ERP SISTEMŲ (JAVA/KITA KALBA) PROGRAMUOTOJAS,,Kaunas,https://en.cvbankas.lt/senior-erp-sistemu-java-kita-kalba-programuotojas-kaune/1-13753585,0.2266,0.538,PostgreSQL; SQL Server; customer relationship management; cloud technologies; tools for software configuration management; SQL; ICT project management methodologies; Scala; think innovatively
4,Informatics,Klaipėda University,DATA ENGINEER with verification,,Lithuania (Remote),https://www.linkedin.com/jobs/view/4328710459/?eBP=CwEAAAGdXVTxFfylTwn5FhVuExSS7O-QXtgOj66BYmJuT5ZfOGG6DXV-oxGHbbtbJgiMgw4aIbELH0z0XdfK0KxiiVLl5qoU_qaRDBIAtoH7rHeH63gx-MsOsG4jNF1YJz7qO6rHJrt4UXi6PklDI9PiknyDtc45vcS-SRwv9JsqlXcmnzIuMDQMAZrNjYRYwsaWOqxkSeTrgF0-7kSy0R4UUFQVnU3bJaoCFX8H53e-Ji-c6X1YoegRyKsZQIZxZKAQnimjF6Hc56yr8jj13jo8g8UvIdDQHACtd6sTRMgZa_9fZVUaMwmZhQdOgtsGMLC-j20oepaYXfUXBTIXvNuT28H8awvc3wmt3VIfqa9z3wDd79JuqGUPDdId2b1fsQhbsvdbGSj7aHxRfmqKSb1rQ92bDSswLi46M189lsUQyU11HAYoluucRLLjaIqqDrFG0k9FK8ou5gk5_VexVfZW_FIy7nRx_36ni7VgVlTD50VQWLiHl_p1yOOVyc6LzuEem6ITm887Tgmia67EAVVRRXvW5NAczFSpJp4tug&refId=8E32x5IjZ%2BhE0AVcGSKhpw%3D%3D&trackingId=XMB19EEnT64C5KFJO5HxtA%3D%3D&trk=flagship3_search_srp_jobs,0.1686,0.4964,"English; ICT project management methodologies; data extraction, transformation and loading tools; troubleshoot; data warehouse; data engineering; blueprints; Python (computer programming); perform warehousing operations; tools for software configuration management"
5,Informatics,Klaipėda University,Programuotojas / AI (DI) inžinierius,,Vilnius,https://en.cvbankas.lt/programuotojas-ai-di-inzinierius-vilniuje/1-13706229,0.1666,0.5032,logic; business processes; solution deployment; tools for software configuration management; SQL
6,Informatics,Klaipėda University,Join our team as a JUNIOR System Analyst!,,Work from home,https://en.cvbankas.lt/join-our-team-as-a-junior-system-analyst-darbas-namuose/1-13699867,0.1652,0.5076,English; design principles; meet deadlines; business processes; team building; improve business processes; apply information security policies; adopt ways to reduce pollution; manage time; schedule production
7,Informatics,Klaipėda University,MID ERP SISTEMŲ (JAVA/KITA KALBA) PROGRAMUOTOJAS,,Kaunas,https://en.cvbankas.lt/mid-erp-sistemu-java-kita-kalba-programuotojas-kaune/1-13753589,0.1606,0.4905,PostgreSQL; SQL Server; customer relationship management; tools for software configuration management; SQL; cloud technologies
8,Informatics,Klaipėda University,IT sistemų ir skaitmenizacijos vadovas (-ė),,Panevėžys,https://en.cvbankas.lt/it-sistemu-ir-skaitmenizacijos-vadovas-e-panevezyje/1-13702931,0.1558,0.4947,business processes; digitization; perform warehousing operations; computer equipment; manage time; SAP Data Services; think analytically; assume responsibility; work in teams; Lithuanian
9,Informatics,Klaipėda University,Software Engineer (React Native),,"Vilnius, Vilniaus, Lithuania (On-site)",https://www.linkedin.com/jobs/view/4388330996/?eBP=NOT_ELIGIBLE_FOR_CHARGING&refId=6i6qglSW0W6eFOYOHvBmjw%3D%3D&trackingId=R6yHaEK%2B7Iq6zzGifG0qMA%3D%3D&trk=flagship3_search_srp_jobs,0.143,0.537,TypeScript; Android (mobile operating systems); debug software; troubleshoot; ecosystems; ICT project management methodologies; tools for software configuration management; Swift (computer programming); show entrepreneurial spirit; software anomalies
10,Informatics,Klaipėda University,.NET Developer,,Kaunas,https://en.cvbankas.lt/net-developer-kaune/1-13546657,0.1424,0.5341,style sheet languages; Internet of Things; Lithuanian; ICT project management methodologies; SQL Server; web services; business processes; environmental engineering; JavaScript; SQL
1,Informatics,Klaipėdos valstybinė kolegija / Higher Education Institution,BI programuotojas (-a),,Kaunas,https://en.cvbankas.lt/bi-programuotojas-a-kaune/1-13753903,0.1328,0.5333,SQL; business intelligence
2,Informatics,Klaipėdos valstybinė kolegija / Higher Education Institution,IT Support Engineer,,Vilnius,https://en.cvbankas.lt/it-support-engineer-vilniuje/1-13176664,0.1245,0.5474,troubleshoot
3,Informatics,Klaipėdos valstybinė kolegija / Higher Education Institution,OSINT Specialistas,,Vilnius,https://en.cvbankas.lt/osint-specialistas-vilniuje/1-13474247,0.1186,0.5233,Maltego; Polish; social sciences; Python (computer programming); manage time; risk management
4,Informatics,Klaipėdos valstybinė kolegija / Higher Education Institution,MS Power Developer with verification,,"Vilnius, Vilniaus, Lithuania",https://www.linkedin.com/jobs/view/4388682909/?eBP=CwEAAAGdXU_3LZ3gL4U7BnbsjIpQgqlX7Tn-Ceqb0RuNSARraIpZ9TdSn_iOS3kR2LA7B4E0pWSje839r0d5kLSIpCE_3u2b3ChPf40TSMbzm9E6F1ikSdja8_d8wtRI3UKX-QpAbCl42qNkythu4U4t7QQk38mlpHAswdPK1G_3rhBO5UGqhRKEU9qogDM8y636hWupxhspfE7TO308hxKSp87V9RmdXTyFrNl6y1j5rXzKDXWCDDmeaw_LdAMhB3DW-iX7HBmgnzRN1XnpSQ44i7nsOnYbiSBK-EfkkhDUI337_ShuaWQo6fH_J-RLprg025JbAKGAdjbDNciS9Uaywb9boIrcbHRCth6N-gk1z8ANTonRqpTjJ2wTihx_D_D6Gu5Pz0ZA_oahiNJoOzS_7VdTnLOPLcWdZTYjfB-jBe5q1VJJEUtsUBgGgGsgiMHYyvIWjF0_fULYR7KpWHG7FyVtMZ9_o8sxiReLsXuDO1PyW1IWkiMUmqikwuHj1zoop1uzBe-MXz3wwEZeBQ0s2PqUsl5a_--KrkMOYQ&refId=wk4fVenEURubDB1Ehtm5HQ%3D%3D&trackingId=O3SCG%2FbG%2FA%2FfnBafzp8pQw%3D%3D&trk=flagship3_search_srp_jobs,0.1162,0.562,SQL; NoSQL; Java (computer programming); machine learning; asset management; test procedures; troubleshoot; control systems; Python (computer programming); economics
5,Informatics,Klaipėdos valstybinė kolegija / Higher Education Institution,IT SUPPORTER with development opportunity in Data Integration,,Marijampolė,https://en.cvbankas.lt/it-supporter-with-development-opportunity-in-data-integration-marijampoleje/1-13685295,0.1068,0.5205,troubleshoot; Lithuanian; environmental engineering; lead others; electronic communication; personal development; interact verbally in Lithuanian; think analytically; assume responsibility
6,Informatics,Klaipėdos valstybinė kolegija / Higher Education Institution,Software helpdesk – junior IT Analyst,,Vilnius,https://en.cvbankas.lt/software-helpdesk-junior-it-analyst-vilniuje/1-13753555,0.1024,0.5884,
7,Informatics,Klaipėdos valstybinė kolegija / Higher Education Institution,Full stack developer with verification,,"Vilnius, Vilniaus, Lithuania (Hybrid)",https://www.linkedin.com/jobs/view/4372609852/?eBP=CwEAAAGdXU_zAXfyj33quo4hBhSxWg1MWkU3rN_b6lHUlGLvOMoNMO4jsvgffLMy7ZkBT9xJ0iXvAFevUofirzztr0qFQqf5fNU9ZrYTLwLmGot7Nvwf37hRADwiNfTimU1yhowPXI8Q_9DgiMr1zuiPYnboZSNSwBbrNmR4yUSePH6XapixPwz8qlcn4T-k3HmArQp2-0wGsn4vbfHQdwp2EgRdv9ObazE7ADDZsiNwU2zFzkqIlbx2w-prwZuHLwfVF0iyrzcunN3dvuCsvGGzmc63XjE5ryvaWzGT5p54eBcsaNAhsKFcvwllzILKNsUPZ32v-TrJR2SgQgaHGfyHDoEe_91T0QXQ8WnulSX6P048bcfwUWVSZV_hkuH-HjCkXsZ9RmHqr6sbwrCiKN9KxVCMsDN5FQjcQPzkoZacceNRBqs1K5pGjyi3R-fPD7OkS52jK_Ly_Kx7xCRCqxntMURbWluyN17LhURFEc1gE-bjcXad2TLDrjNLsVbz9uurnQCjNjT6gHvpsT0WOgcrP7drHTrxtQ&refId=6i6qglSW0W6eFOYOHvBmjw%3D%3D&trackingId=G30vqdoia52YCAqRT3YMrw%3D%3D&trk=flagship3_search_srp_jobs,0.094,0.5577,TypeScript; style sheet languages; DevOps; Python (computer programming); tools for software configuration management; demonstrate curiosity; Jenkins (tools for software configuration management); JavaScript; data analytics; dies
8,Informatics,Klaipėdos valstybinė kolegija / Higher Education Institution,FINANSINIŲ SISTEMŲ VYSTYMO ANALITIKAS (-Ė),,Vilnius,https://en.cvbankas.lt/finansiniu-sistemu-vystymo-analitikas-e-vilniuje/1-13559576,0.0906,0.597,accounting; draw blueprints; use online tools to collaborate
9,Informatics,Klaipėdos valstybinė kolegija / Higher Education Institution,FULL STACK PROGRAMUOTOJAS (-A),,Vilnius,https://en.cvbankas.lt/full-stack-programuotojas-a-vilniuje/1-13749131,0.0874,0.5617,Java (computer programming); database; C#; MySQL; SQL; PostgreSQL; database management systems; tools for software configuration management; Android (mobile operating systems)
10,Informatics,Klaipėdos valstybinė kolegija / Higher Education Institution,IT PRAKTIKANTAS (-Ė) — SISTEMŲ KONFIGŪRAVIMAS,,Kaunas,https://en.cvbankas.lt/it-praktikantas-e-sistemu-konfiguravimas-kaune/1-13763965,0.0846,0.5359,database; manage time; interact verbally in English
1,Informatics,Vilnius University,IT SUPPORTER with development opportunity in Data Integration,,Marijampolė,https://en.cvbankas.lt/it-supporter-with-development-opportunity-in-data-integration-marijampoleje/1-13685295,0.2347,0.3913,troubleshoot; English; operating systems; environmental engineering; lead others; electronic communication; personal development; interact verbally in Lithuanian; assume responsibility
2,Informatics,Vilnius University,Vyr. sistemų analitikas (-ė) (NTR modernizavimui),,Vilnius,https://en.cvbankas.lt/vyr-sistemu-analitikas-e-ntr-modernizavimui-vilniuje/1-13768673,0.1783,0.4075,English; provide technical documentation; morality; manage time; think creatively; work in teams; accounting; create solutions to problems; assume responsibility; demonstrate curiosity
3,Informatics,Vilnius University,ERP konsultantas (-ė) (SCM),,Vilnius,https://en.cvbankas.lt/erp-konsultantas-e-scm-vilniuje/1-13763515,0.1658,0.3922,English; communication; consultation; business processes; digitization; migration; manage time; perform procurement processes; think analytically
4,Informatics,Vilnius University,.NET programuotojas (-a),,Vilnius,https://en.cvbankas.lt/net-programuotojas-a-vilniuje/1-13749675,0.1471,0.3827,SQL; English; C#; SQL Server; work independently; computer programming; manage time; think creatively; think analytically; ICT project management methodologies
5,Informatics,Vilnius University,.NET programuotojas (-a),,Vilnius,https://en.cvbankas.lt/net-programuotojas-a-vilniuje/1-13750639,0.1413,0.3918,English; ICT project management methodologies; tools for software configuration management; C#; morality; control systems; develop strategy to solve problems; manage time; think creatively; work in teams
6,Informatics,Vilnius University,IT ANALITIKAS (-Ė),,Kaunas,https://en.cvbankas.lt/it-analitikas-e-kaune/1-13682887,0.135,0.4131,English; communication; design process; business processes; ICT project management methodologies; think creatively; assume responsibility; work in teams; document evidence; solve problems
7,Informatics,Vilnius University,JAVA programuotojas (-a) (Integraciniams sprendimams),,Vilnius,https://en.cvbankas.lt/java-programuotojas-a-integraciniams-sprendimams-vilniuje/1-13749639,0.1251,0.3986,English; Java (computer programming); ICT project management methodologies; tools for software configuration management; SQL; morality; web services; control systems; manage time; think creatively
8,Informatics,Vilnius University,Riedmenų IT sistemų inžinierius (-ė),,Vilnius,https://en.cvbankas.lt/riedmenu-it-sistemu-inzinierius-e-vilniuje/1-13715991,0.1172,0.4017,English; communication; maintenance operations; manage time; troubleshoot; organise training; consultation; economics; cyber security; business processes
9,Informatics,Vilnius University,IT VERSLO ANALITIKAS (-Ė),,Vilnius,https://en.cvbankas.lt/it-verslo-analitikas-e-vilniuje/1-13685665,0.1163,0.3948,"communication; organise information, objects and resources; solution deployment; use online tools to collaborate; think analytically; consultation; economics; DevOps; SAP Data Services; business processes"
10,Informatics,Vilnius University,Sistemos ekspertas (-ė),,Vilnius,https://en.cvbankas.lt/sistemos-ekspertas-e-vilniuje/1-13751383,0.1136,0.3976,English; communication; troubleshoot; organise training; manage time; maintenance operations; cyber security; business processes; work independently; transportation engineering
1,Informatics Systems,Vytautas Magnus University,DIRBTINIO INTELEKTO INŽINIERĖ (-IUS) IT skyriuje,,Vilnius,https://en.cvbankas.lt/dirbtinio-intelekto-inziniere-ius-it-skyriuje-vilniuje/1-13749365,0.2909,0.567,English; Lithuanian; work in teams; think analytically; show entrepreneurial spirit
2,Informatics Systems,Vytautas Magnus University,IT inžinierius (-ė),,Vilnius,https://en.cvbankas.lt/it-inzinierius-e-vilniuje/1-13713495,0.2597,0.4596,English; computer programming; digital data processing
3,Informatics Systems,Vytautas Magnus University,Programuotojas / AI (DI) inžinierius,,Vilnius,https://en.cvbankas.lt/programuotojas-ai-di-inzinierius-vilniuje/1-13706229,0.2569,0.5061,SQL; logic; work independently; solution deployment; tools for software configuration management
4,Informatics Systems,Vytautas Magnus University,Python Developer with verification,,"Kaunas, Kaunas, Lithuania (Hybrid)",https://www.linkedin.com/jobs/view/4382110244/?eBP=CwEAAAGdXU_zAVAO_JkHnUlWlq5FTm2w9txS4zk3plJpD_WDALDSR-nZEKyX51oUhopH7xJqiX9vn5IIISLcNk12wJXmwHGuOw2uMeUVwQiN4CZ4Y3MGNZ7Tf2PFp5XHfafvWmurdNcrtBuezqono6WP1xFhXSSXgbRK2cP8TWsE0OkDAJRlYZotnixVG_cs-XakUnSD2iVNa16_GWZKtbmauxh9nmm_1REnv848AuKo98-NauVb2gFXiAy7ozAqlhTOmr6lZRHGDaK_klYpmxfDXsxNHCSCcHXZolAneLEuKU09mSYofPrldExOtWMuV8zkwVMzb1LuI1iU1PadyLto1y39Hc_xq0rjNv4EFJEhYdvWtv_6xPGyxWLokBe2OvpGrgTt47o4nowLRwCuReaySGj-iR7t5Q2vqxFOYLLA_CGoKI5444s3RZVM_L5eCSPIWM3TDpV3YhG31zw8irxXIeRVN65g1t5XyQDAwpbJ-BI8diQMQqCjvh0JewDqq3RuU9fLSt1obXfuRQ&refId=6i6qglSW0W6eFOYOHvBmjw%3D%3D&trackingId=ugrRJrGrl32EkgEAU%2BN8ag%3D%3D&trk=flagship3_search_srp_jobs,0.211,0.4802,SQL; work independently; web services; Python (computer programming); perform cleaning duties; business intelligence; childbirth; team building; make decisions; computer vision
5,Informatics Systems,Vytautas Magnus University,IT specialistas procesų automatizavimui,,Kaunas,https://en.cvbankas.lt/it-specialistas-procesu-automatizavimui-kaune/1-13254683,0.1921,0.5137,logic; Python (computer programming); digital data processing; improve business processes; Lithuanian; migration; data models; negotiate compromises; show entrepreneurial spirit; address an audience
6,Informatics Systems,Vytautas Magnus University,IT sistemų ir skaitmenizacijos vadovas (-ė),,Panevėžys,https://en.cvbankas.lt/it-sistemu-ir-skaitmenizacijos-vadovas-e-panevezyje/1-13702931,0.187,0.4942,computer equipment; digitization; make decisions; perform warehousing operations; manage time; SAP Data Services; operating systems; think analytically; assume responsibility; work in teams
7,Informatics Systems,Vytautas Magnus University,DIRBTINIO INTELEKTO IR AUTOMATIZACIJŲ VADOVAS (-Ė),,Vilnius,https://en.cvbankas.lt/dirbtinio-intelekto-ir-automatizaciju-vadovas-e-vilniuje/1-13752609,0.1723,0.4564,Lithuanian; think analytically; assume responsibility; demonstrate curiosity; work in teams; show entrepreneurial spirit; logic; Python (computer programming); digital data processing; improve business processes
8,Informatics Systems,Vytautas Magnus University,📢 IEŠKOME IT SKYRIAUS VADOVO (-ĖS),,Vilnius,https://en.cvbankas.lt/ieskome-it-skyriaus-vadovo-es-vilniuje/1-13743017,0.1721,0.5671,English; lead a team; digitization; manage time; assume responsibility; work in teams; customer relationship management; business intelligence; Lithuanian; manufacturing processes
9,Informatics Systems,Vytautas Magnus University,Join our team as a JUNIOR System Analyst!,,Work from home,https://en.cvbankas.lt/join-our-team-as-a-junior-system-analyst-darbas-namuose/1-13699867,0.1684,0.4568,English; design principles; meet deadlines; manage time; team building; improve business processes; report facts; adopt ways to reduce pollution; schedule production; think critically
10,Informatics Systems,Vytautas Magnus University,Data Scientist / AI Engineer with verification,,"Vilnius, Vilniaus, Lithuania (On-site)",https://www.linkedin.com/jobs/view/4378189302/?eBP=CwEAAAGdXVTxFMm-4oPYFNosv8Vf7Vsb1WuHxZHn1TZFI315fEJU7OFidrXII-DqPZrfrJIgaGKhRs8AUBf_ux485rW8KssKzCz7NdMMYlAC2uyM2tM8bEddorYX5YWfyFVB07UL2mAYGVaoelQVkolalAXP676UGgk2qs-Uj0ulo27RsevBdAoszoIYkWZWvH9lK-mTMGrx_PWUz5IP1Kf4M5K4IF-gwxyWRi4qpnBnlqpdCHGGv3KYFUD7RhHM5z6L1S93nGWJ5Yv6vjcofk-i7GvULxBCddQPxocU_WDHAf27uZ4amKO1fWa02UPll5f9bdZFgRXCD6Wwyi5JXttGWLGsAcBfUVbG9LdLi_wBW1HZBB1FZ3cLfNL2RDoN4JE6lSnCqJjLvGVFqFz0PbByxh4lNdd-h_QXLLF6xcOyqr6Q-Z1iFoe_ULyugiqIXY4SKq8At-InYo9iOiOG3cy8p6e6ajE30HkjtIZePtMBst1REGSSsIdURDjW2R1-eqEBQfERWPL3iG09H_fKKQxEvn8enGI6WYxkhQCl1bWZ&refId=8E32x5IjZ%2BhE0AVcGSKhpw%3D%3D&trackingId=6mOXpn4lFQrodgSou4vGSg%3D%3D&trk=flagship3_search_srp_jobs,0.167,0.5791,SQL; NoSQL; PostgreSQL; Python (computer programming); Android (mobile operating systems); ML (computer programming); computer vision; unstructured data; cognitive computing; operating systems
1,Cybersecurity Technologies,Vilnius Business College,Pažeidžiamumų valdymo – įsilaužimų testavimo specialistas (-ė),,Vilnius,https://en.cvbankas.lt/pazeidziamumu-valdymo-isilauzimu-testavimo-specialistas-e-vilniuje/1-13194248,0.3525,0.5748,penetration testing tool; computer programming; Python (computer programming); apply change management; security regulations
2,Cybersecurity Technologies,Vilnius Business College,Cyber Security Specialist,,Vilnius,https://en.cvbankas.lt/cyber-security-specialist-vilniuje/1-13680669,0.2863,0.6286,DevOps; web application security threats; in-circuit test; economics; think analytically; implement ICT recovery system; cloud security and compliance; security regulations; risk management; Python (computer programming)
3,Cybersecurity Technologies,Vilnius Business College,KIBERNETINIO SAUGUMO VADOVAS (-Ė),,Kaunas,https://en.cvbankas.lt/kibernetinio-saugumo-vadovas-e-kaune/1-13760617,0.2798,0.668,apply change management; security regulations; computer programming; Python (computer programming); penetration testing tool
4,Cybersecurity Technologies,Vilnius Business College,SOC analitikas (-ė) kibernetinių grėsmių paieškai,,Vilnius,https://en.cvbankas.lt/soc-analitikas-e-kibernetiniu-gresmiu-paieskai-vilniuje/1-13395656,0.2607,0.593,computer programming; Python (computer programming); penetration testing tool; apply change management; security regulations; apply information security policies; think analytically; ICT security standards; provide information
5,Cybersecurity Technologies,Vilnius Business College,IRT specialistas (-ė) (SOC ir IT saugos sritis) | Technologijų skyrius,,Vilnius,https://en.cvbankas.lt/irt-specialistas-e-soc-ir-it-saugos-sritis-technologiju-skyrius-vilniuje/1-13733709,0.2567,0.5143,in-circuit test; digital identity management; negotiate compromises; manage time; advise others; computer programming; provide information; apply information security policies; security regulations; electronic communication
6,Cybersecurity Technologies,Vilnius Business College,IT administratorius (-ė),,Kaunas,https://en.cvbankas.lt/it-administratorius-e-kaune/1-13637509,0.2265,0.584,digital identity management; patents; renewable energy; manage digital documents; security regulations; consultation; assume responsibility; electrical equipment components; in-circuit test; negotiate compromises
7,Cybersecurity Technologies,Vilnius Business College,Informacijos saugumo vadovas (-ė) (CISO),,Vilnius,https://en.cvbankas.lt/informacijos-saugumo-vadovas-e-ciso-vilniuje/1-13692969,0.2205,0.5681,information security strategy; assessment processes; electricity; coordinate security; security regulations; cloud security and compliance; manage time; assume responsibility; think analytically
8,Cybersecurity Technologies,Vilnius Business College,Information Security Specialist,,Vilnius,https://en.cvbankas.lt/information-security-specialist-vilniuje/1-13736475,0.1969,0.5124,German; consultation; coordinate security; implement ICT recovery system; assume responsibility; risk management
9,Cybersecurity Technologies,Vilnius Business College,IT saugumo inžinierė (-ius) - konsultantė (-as),,Vilnius,https://en.cvbankas.lt/it-saugumo-inziniere-ius-konsultante-as-vilniuje/1-13700401,0.1962,0.4876,cloud security and compliance; manage time; electronic communication
10,Cybersecurity Technologies,Vilnius Business College,Software Test Manager,,"Vilnius, Vilniaus, Lithuania (Hybrid)",https://www.linkedin.com/jobs/view/4396864190/?eBP=CwEAAAGdXVntZ7QsJYdUiu8Quf2GLuTTaOTbIIsW9fX6b22tbTV_bzCb37ZozkiX5KRayb4GUv1BQqTcF7_xxu1CYrOUTFAmTQpvL7WT0ezznSeyoo8tnS53k7PdamQpWdQE1UqDd7UvGyrO1-0tV8CO0vUXpvrzw61sQgCd5Hiue2Y5R-jNfHa-q8RJNHvUIL_k3YxcMjH_qkx18ch3tLAo8yOgjkGhc12AyiXwuae_8KXKt_xLmPlZdxJtcYohz3FYc3kq0nk8on8MGllXZaxDvi-BS_yRekVzrT83rzBbrsJ74A5-3oZop43Bv6dA_BI_mZrIOpqt0DBlzABSMeQ09ktdQGYEnLc0DhN4inH40tN8PywrJJhOooLoF1Mmoi7Do5ibMrpf3YfKlPOdQvgxDVErgdj_fZ5nydCszfqkhj5q3Bo97h_xdUrfPxP-bIcziNhX-reFZKVmE_9Xh5AnemC5pN9OswbRXPtpfZLXTkCiCj78YIoAA-66Vr54GB0t1Q04kYNIOnwq30xG7nUUr6F6J_Q&refId=6GiEAUVSkDxSu6caJTFUxQ%3D%3D&trackingId=xn00lydtjakgzkFEZO4imw%3D%3D&trk=flagship3_search_srp_jobs,0.1908,0.515,manage tests; ICT project management methodologies; manage time; mechanical systems; embedded systems; troubleshoot; electronics; C++; French; Java (computer programming)
1,Computer games and animation,SMK College of Applied Sciences,Game Designer,,Vilnius,https://en.cvbankas.lt/game-designer-vilniuje/1-13401896,0.4575,0.5406,Android (mobile operating systems); English; mechanics; JavaScript; Java (computer programming); geometry; C#; physics; TypeScript; C++
2,Computer games and animation,SMK College of Applied Sciences,Gameplay Programmer,,Vilnius,https://en.cvbankas.lt/gameplay-programmer-vilniuje/1-9413531,0.3948,0.5744,JavaScript; English; Android (mobile operating systems); Java (computer programming); geometry; C#; physics; TypeScript; C++; demonstrate curiosity
3,Computer games and animation,SMK College of Applied Sciences,Junior QA Mobile Game Tester,,Vilnius,https://en.cvbankas.lt/junior-qa-mobile-game-tester-vilniuje/1-9804975,0.331,0.5019,English; operating systems; report facts
4,Computer games and animation,SMK College of Applied Sciences,Vyr. IT projektų vadovas (-ė),,"Kaunas, Lithuania (Hybrid)",https://www.linkedin.com/jobs/view/4378346135/?eBP=BUDGET_EXHAUSTED_JOB&refId=PiFLR9Mgdm2lRnwhShP3aw%3D%3D&trackingId=5xGUtjU5wkZAgVoe55mQ%2Fg%3D%3D&trk=flagship3_search_srp_jobs,0.2553,0.5085,DevOps; ICT project management methodologies; technical terminology; create prototype of user experience solutions; TypeScript; style sheet languages; C++; SQL; resource description framework query language; Python (computer programming)
5,Computer games and animation,SMK College of Applied Sciences,AI Analyst,,Vilnius,https://en.cvbankas.lt/ai-analyst-vilniuje/1-13694389,0.1516,0.5168,SQL; English; computer vision; data engineering; physics; economics; consultation; ICT project management methodologies; Python (computer programming); environmental engineering
6,Computer games and animation,SMK College of Applied Sciences,Senior IT Project Manager (REMOTE),,Work from home,https://en.cvbankas.lt/senior-it-project-manager-remote-darbas-namuose/1-13699765,0.1286,0.4709,English; Russian; ICT project management methodologies; lead others
7,Computer games and animation,SMK College of Applied Sciences,Join our PPM team as a System Analyst! 🚀,,Work from home,https://en.cvbankas.lt/join-our-ppm-team-as-a-system-analyst-darbas-namuose/1-13660457,0.1246,0.5434,schedule production; think critically; business processes; team building; think analytically; adopt ways to reduce pollution; design principles; meet deadlines; improve business processes; report facts
8,Computer games and animation,SMK College of Applied Sciences,LiveOps Specialist (Games),,Vilnius,https://en.cvbankas.lt/liveops-specialist-games-vilniuje/1-13722407,0.1239,0.4678,English; logic; use online tools to collaborate
9,Computer games and animation,SMK College of Applied Sciences,B2B IT Projektų vadovas (-ė),,Vilnius,https://en.cvbankas.lt/b2b-it-projektu-vadovas-e-vilniuje/1-13758119,0.1086,0.4969,accounting; perform project management; manage time; assume responsibility; cyber security; business processes; solve problems; make independent operating decisions; SAP Data Services; digitization
10,Computer games and animation,SMK College of Applied Sciences,IT PROJECT MANAGER/ IT PROJEKTŲ VADOVAS,,Vilnius,https://en.cvbankas.lt/it-project-manager-it-projektu-vadovas-vilniuje/1-12272436,0.0802,0.4867,English; ICT project management methodologies; give massages; think analytically; improve business processes; lead others; cyber security; business processes; solve problems; make independent operating decisions
1,Media Technologies,Vilnius Business College,Senior IT Project Manager (REMOTE),,Work from home,https://en.cvbankas.lt/senior-it-project-manager-remote-darbas-namuose/1-13699765,0.3223,0.4943,Russian; ICT project management methodologies; lead others
2,Media Technologies,Vilnius Business College,Jaunesnysis (-ioji) socialinių tinklų reklamos dizaineris (-ė) / IT projektų specialistas (-ė),,Vilnius,https://en.cvbankas.lt/jaunesnysis-ioji-socialiniu-tinklu-reklamos-dizaineris-e-it-projektu-specialistas-e-vilniuje/1-13750591,0.2595,0.6102,solve problems; react to events in time-critical environments
3,Media Technologies,Vilnius Business College,Paid Summer Internship in the IT Department,,Klaipėda,https://en.cvbankas.lt/paid-summer-internship-in-the-it-department-klaipedoje/1-13752753,0.249,0.5541,computer engineering; design thinking; brainstorm ideas
4,Media Technologies,Vilnius Business College,IT projektų vadovė (-as),,Klaipėda,https://en.cvbankas.lt/it-projektu-vadove-as-klaipedoje/1-12847891,0.2037,0.5613,ICT project management methodologies; communicate with customers; team building; manage time; statistics; customer relationship management; business law; business processes; apply change management; think analytically
5,Media Technologies,Vilnius Business College,IT SISTEMŲ TESTUOTOJAS (-A),,Kaunas,https://en.cvbankas.lt/it-sistemu-testuotojas-a-kaune/1-9459234,0.1764,0.4955,style sheet languages; ICT project management methodologies; think analytically; manage time; electronic communication; detect bottlenecks
6,Media Technologies,Vilnius Business College,IT PROJECT MANAGER/ IT PROJEKTŲ VADOVAS,,Vilnius,https://en.cvbankas.lt/it-project-manager-it-projektu-vadovas-vilniuje/1-12272436,0.1696,0.5312,ICT project management methodologies; give massages; think analytically; improve business processes; lead others; cyber security; business processes; solve problems; make independent operating decisions; DevOps
7,Media Technologies,Vilnius Business College,Telekomunikacijų specialistas – bazinių stočių montuotojas LIETUVA,,Vilnius,https://en.cvbankas.lt/telekomunikaciju-specialistas-baziniu-stociu-montuotojas-lietuva-vilniuje/1-13540245,0.1636,0.4993,German; history; procurement of ICT network equipment; electrical engineering; have computer literacy; maintain equipment; team building; perform project management; assume responsibility
8,Media Technologies,Vilnius Business College,PRODUKTŲ VADOVAS (-Ė),,Vilnius,https://en.cvbankas.lt/produktu-vadovas-e-vilniuje/1-13753687,0.1633,0.5181,ICT system integration; Swift (computer programming); manage time; assume responsibility; create prototype of user experience solutions
9,Media Technologies,Vilnius Business College,Junior Front-End Developer,,Kaunas,https://en.cvbankas.lt/junior-front-end-developer-kaune/1-13750941,0.1621,0.5361,German; JavaScript; TypeScript; ICT project management methodologies; create prototype of user experience solutions; style sheet languages; Agile development; politics; Jenkins (tools for software configuration management); demonstrate curiosity
10,Media Technologies,Vilnius Business College,Join our Marketing Team as a Website and Content Specialist,,Šiauliai,https://en.cvbankas.lt/join-our-marketing-team-as-a-website-and-content-specialist-siauliuose/1-13746459,0.1488,0.5455,team building; lead others; assume responsibility; adopt ways to reduce pollution; TypeScript; JavaScript; PostgreSQL; style sheet languages; Python (computer programming); financial forecasting
1,Multimedia and Internet Technologies,Vytautas Magnus University,Techninio aptarnavimo specialistas (-ė) - darbas studentams!,,Vilnius,https://en.cvbankas.lt/techninio-aptarnavimo-specialistas-e-darbas-studentams-vilniuje/1-13760729,0.4375,0.4718,demonstrate curiosity; manage time
2,Multimedia and Internet Technologies,Vytautas Magnus University,IT specialisto (-ės) asistentas (-ė) Vilniuje,,Vilnius,https://en.cvbankas.lt/it-specialisto-es-asistentas-e-vilniuje-vilniuje/1-13697171,0.3242,0.4496,Android (mobile operating systems); office software; troubleshoot; think analytically; cyber security; accounting
3,Multimedia and Internet Technologies,Vytautas Magnus University,Junior Web Developer - EU,,European Union (Remote),https://www.linkedin.com/jobs/view/4389080234/?eBP=CwEAAAGdXU_zASg4TwgZKUAiTxrKKJH-4gVPbmYxNlxlzZvE3qLOBdOh7nW5jkgxKK_CfCrbjlZqMvW8S84crk4xHdP4feNzIq5BVb3U4ibbvI3pQpWL0F6e8v8X92u7-ixIpqPlJ2EyA6n9O7ZIgO76RL-JlTRT8YNxXrsBMlH3DCpaQEKoV5qv72oexdzjoJc1kMSjdZRud2QmJiGlHb-DpXP5SpGFNzT1LKeexOPLSlaUTA5uohhraQnLXN6yWMgDQ2KI_HDSG6I2NoGNRjUShNryd-UAeEm_dzU-vtQCG_zfHrYLFZpNMmdVKhcIx3OuuhwBE4glwTTb1IZyuz2kjn9-ua9OZFxdILLHIYh9vNkWIhPwRWnNAUC_n11k-SC4HuhXrNWy47V2IJ0Bu1-TAWc-hBFzeECOLFAZnjN06lKsF1rKGlaHUy_c0DYTBGyBH7hzOJR7cLbATQJIgxdFde8GQzIhIjJqg7JGbp8JF1wZeLXJxmPh5AmCCq_8aNW05qU2o3iRmObs4c5uUONPrs-zMll961gUez--OUxFvpU&refId=6i6qglSW0W6eFOYOHvBmjw%3D%3D&trackingId=OX8dd8PLCLsZiMIJUlT4jQ%3D%3D&trk=flagship3_search_srp_jobs,0.2806,0.491,JavaScript; TypeScript; style sheet languages; history; automation technology; Python (computer programming); delegate responsibilities; tools for software configuration management; demonstrate curiosity; Source (digital game creation systems)
4,Multimedia and Internet Technologies,Vytautas Magnus University,Jaunesnysis (-ioji) socialinių tinklų reklamos dizaineris (-ė) / IT projektų specialistas (-ė),,Vilnius,https://en.cvbankas.lt/jaunesnysis-ioji-socialiniu-tinklu-reklamos-dizaineris-e-it-projektu-specialistas-e-vilniuje/1-13750591,0.2729,0.5537,solve problems; react to events in time-critical environments
5,Multimedia and Internet Technologies,Vytautas Magnus University,Principal UX/UI Engineer with verification,,"Vilnius, Vilniaus, Lithuania (Hybrid)",https://www.linkedin.com/jobs/view/4385527160/?eBP=CwEAAAGdXVJzL-ZYItpBJnbOWNkH1FZIY45yClo5MJCZqaLseX6zIy3GLLErc_W0JVxYqurXjCbmUWUTxkfdrR2bt6OwC5nlZG-kK1DMFvrCN0mrMTgXAD1ehbZkCoW0p10PXNjxKlEDjdX70AmSPN5uYpr-MdBm-NcqdIQ8aog3OAMrjsX8QES62VTkhSUjv9FKlI3eSnPcvpza_3JkhxbOgOcTexW0b2EyMtNMxATDYnPQ0edX_i9ZUKtRE2mu5oPgzzJ6aYKwzzuQGhxvutfgUK6I5TZuR3m3dNe5QoN3qlxDzFbZFv4rST8ihVuicBPZnonbmaCSEpfUQAKwFLBd1QNyreTWg7qfn9VlPGyze08k6l44Z4DUKFEbyPPvTMz55R7NJzv3AneMR4vmINwlShnbrAwl1CkvTah5P6c1D_I6dg9X--SSAvhaoFoju9-MZs7rYlnmt_syOs09TjVQG98cXcvBDQ8vG3K46cU8Tj0M660ey8czn7H2dMHE7JvqK8whqSK5HpbabNzK98t1QrDh2exzc_omPJIpNg&refId=9cGkUbOOhOKqDBgZIBV0VQ%3D%3D&trackingId=ok1a5PBMVOT1x34kr0AGrw%3D%3D&trk=flagship3_search_srp_jobs,0.2609,0.5172,JavaScript; style sheet languages; human-computer interaction; design thinking; software interaction design; lead others; create prototype of user experience solutions; TypeScript; Java (computer programming); work independently
6,Multimedia and Internet Technologies,Vytautas Magnus University,Software Engineer (.Net) / Programuotojas inžinierius (.Net),,Vilnius,https://en.cvbankas.lt/software-engineer-net-programuotojas-inzinierius-net-vilniuje/1-13539917,0.2395,0.4512,English; firmware; optical engineering; types of insurance; printed circuit boards; Python (computer programming); health and safety in the workplace; industrial research and development; manage time
7,Multimedia and Internet Technologies,Vytautas Magnus University,Paid Summer Internship in the IT Department,,Klaipėda,https://en.cvbankas.lt/paid-summer-internship-in-the-it-department-klaipedoje/1-13752753,0.2288,0.4915,English; computer engineering; design thinking; brainstorm ideas
8,Multimedia and Internet Technologies,Vytautas Magnus University,Full-Stack Developer – Remote,,Vilnius,https://en.cvbankas.lt/full-stack-developer-remote-vilniuje/1-13726333,0.2212,0.4813,JavaScript; Internet of Things; machine learning; MySQL; English; Python (computer programming); manage time; environmental management standards; TypeScript; web services
9,Multimedia and Internet Technologies,Vytautas Magnus University,Full-stack software engineer,,Vilnius,https://en.cvbankas.lt/full-stack-software-engineer-vilniuje/1-12689751,0.204,0.4744,JavaScript; TypeScript; Java (computer programming); SQL; ICT project management methodologies; liquidity management; financial products; economics
10,Multimedia and Internet Technologies,Vytautas Magnus University,FULL STACK PROGRAMUOTOJAS (-A),,Vilnius,https://en.cvbankas.lt/full-stack-programuotojas-a-vilniuje/1-13749131,0.1829,0.4954,ICT project management methodologies; Java (computer programming); database; MySQL; SQL; PostgreSQL; database management systems; Android (mobile operating systems); tools for software configuration management
1,Programming and Internet Technologies,Vilnius Business College,Dynamics 365 projektų vadovas (-ė),,Vilnius,https://en.cvbankas.lt/dynamics-365-projektu-vadovas-e-vilniuje/1-10309027,0.2535,0.4999,English; customer relationship management; risk management; quality assurance procedures; design process; ICT project management methodologies; think analytically; assume responsibility; work in teams; document evidence
2,Programming and Internet Technologies,Vilnius Business College,Paid Summer Internship in the IT Department,,Klaipėda,https://en.cvbankas.lt/paid-summer-internship-in-the-it-department-klaipedoje/1-13752753,0.2306,0.5571,English; computer engineering; Lithuanian; design thinking; brainstorm ideas
3,Programming and Internet Technologies,Vilnius Business College,IT ANALITIKAS (-Ė),,Kaunas,https://en.cvbankas.lt/it-analitikas-e-kaune/1-13682887,0.2211,0.5044,English; design process; ICT project management methodologies; think analytically; assume responsibility; work in teams; document evidence; solve problems; Lithuanian; DevOps
4,Programming and Internet Technologies,Vilnius Business College,B2B IT Projektų vadovas (-ė),,Vilnius,https://en.cvbankas.lt/b2b-it-projektu-vadovas-e-vilniuje/1-13758119,0.203,0.4951,accounting; perform project management; manage time; assume responsibility; cyber security; make independent operating decisions; digitization; operating systems; think analytically; work in teams
5,Programming and Internet Technologies,Vilnius Business College,SAP DATA Services Developer with verification,,"Vilnius, Vilniaus, Lithuania (Remote)",https://www.linkedin.com/jobs/view/4390914503/?eBP=CwEAAAGdXVTxFcI6g9hH53N1HLbm8qUIlDCF29qdU73aSnKw2A9Sm0OKg4wH1WUAV60u3dhjnQkze7yyqC8OEFvq91eR0kmqJg2F9SZgBy-P0l_zmfETpFkq7EO-iFmTiW0lQC6yfMwoTMijJbMFzdQlKLaeJpq-M-k8CYM61f7srpH_zkGA7_ZRru4Kzhvn1PSdxJCJq5jSve_PRB9Beni0IliEe8GgTy8tBCz9opPwsSievwfmSWA0FCFyh_TXiVZRcgT4mjCCpPSi36AtP-2FA3uN6prNDU3tolKpvnY0vmtulhj6BUoWYmPeBB1H_jeY849GGS1D0CpyEzazZLt54NP9bRVV-gtaUWujPp9BGT73-wQGvj4NktTMBrr8XjZnRWa0NHHbGBnv9Thh98ifEFRjhVxb8ztaftEHHQfaBDX9nCYY0T_7brNhqeOe4R5wZXX1Pay8S4S7UwG0SJxjQTxoL12iGaa1GUEZC1PE-oL8kZJ4sHR4OmKC3avjeXcVrsqxpKnpmsdCamYtX3BNMR_EowrEaFmIY5Sr9w&refId=8E32x5IjZ%2BhE0AVcGSKhpw%3D%3D&trackingId=sAoLzTehYU0i6vxN8a7ZUw%3D%3D&trk=flagship3_search_srp_jobs,0.2003,0.4748,"data extraction, transformation and loading tools; SQL; migration; robotics; data models; SAP Data Services; Polish; work independently; acoustics; troubleshoot"
6,Programming and Internet Technologies,Vilnius Business College,Supply Chain Continuous Improvement Intern,,Vilnius,https://en.cvbankas.lt/supply-chain-continuous-improvement-intern-vilniuje/1-13716155,0.1787,0.4839,English; environmental engineering; statistics; demonstrate curiosity; SAP Data Services
7,Programming and Internet Technologies,Vilnius Business College,"IT projektų vadovė (-as) (IT / OT, ICS / SCADA sritis)",,Vilnius,https://en.cvbankas.lt/it-projektu-vadove-as-it-ot-ics-scada-sritis-vilniuje/1-13640803,0.1753,0.5392,English; integrated circuits; control systems; ICT project management methodologies; apply change management; job market offers; cyber security; make independent operating decisions
8,Programming and Internet Technologies,Vilnius Business College,BI programuotojas (-a),,Kaunas,https://en.cvbankas.lt/bi-programuotojas-a-kaune/1-13753903,0.1734,0.4848,SQL; mathematics; statistics; business intelligence
9,Programming and Internet Technologies,Vilnius Business College,"Youth LAB – Application Support intern | SEB Group, Vilnius",,Vilnius,https://en.cvbankas.lt/youth-lab-application-support-intern-seb-group-vilnius-vilniuje/1-13713017,0.1667,0.5095,English; mathematics; ICT project management methodologies; economics; brainstorm ideas; leasing process; assume responsibility
10,Programming and Internet Technologies,Vilnius Business College,IT PROJECT MANAGER/ IT PROJEKTŲ VADOVAS,,Vilnius,https://en.cvbankas.lt/it-project-manager-it-projektu-vadovas-vilniuje/1-12272436,0.1471,0.5077,English; Lithuanian; ICT project management methodologies; plan; give massages; think analytically; improve business processes; lead others; cyber security; make independent operating decisions
1,Digital Design Technologies,Lithuania Business College,Vyr. IT projektų vadovas (-ė),,"Kaunas, Lithuania (Hybrid)",https://www.linkedin.com/jobs/view/4378346135/?eBP=BUDGET_EXHAUSTED_JOB&refId=PiFLR9Mgdm2lRnwhShP3aw%3D%3D&trackingId=5xGUtjU5wkZAgVoe55mQ%2Fg%3D%3D&trk=flagship3_search_srp_jobs,0.367,0.4819,DevOps; ICT project management methodologies; technical terminology; Unity (digital game creation systems); TypeScript; style sheet languages; SQL; resource description framework query language; Agile development; Python (computer programming)
2,Digital Design Technologies,Lithuania Business College,PRODUKTŲ VADOVAS (-Ė),,Vilnius,https://en.cvbankas.lt/produktu-vadovas-e-vilniuje/1-13753687,0.2612,0.5072,English; work in teams; ICT system integration; Swift (computer programming); manage time; assume responsibility
3,Digital Design Technologies,Lithuania Business College,Jaunesnysis (-ioji) socialinių tinklų reklamos dizaineris (-ė) / IT projektų specialistas (-ė),,Vilnius,https://en.cvbankas.lt/jaunesnysis-ioji-socialiniu-tinklu-reklamos-dizaineris-e-it-projektu-specialistas-e-vilniuje/1-13750591,0.2539,0.5617,solve problems; react to events in time-critical environments
4,Digital Design Technologies,Lithuania Business College,UX/UI Designer with verification,,"Vilnius, Vilniaus, Lithuania (On-site)",https://www.linkedin.com/jobs/view/4384044657/?eBP=CwEAAAGdXVntZ6hIgx08w3qCbBk1iDqslehskjgNQPkqly3ZPF1DwL1kc-FdkI4KKjKQyn4rfIQ5TYqz9q1McHEjXbHBc_TbMC5a1-fBVSJyCEPyMRJnQJ7t08Ma-gFFRvyTpOC7Vfuz31E8m9c5TlimNEWdbmjdw_F5-Avhgx0RpPB9JPvp6k3yJCwKoUdDvENZMdUG3PqZ-eOsaFuoIr3DDAJlGQYh6bbyEufxjOmlmIEwAGkiMpOofKslB-rqMmshm0CaYs_dr2fG2fNdGBn9GFDMJQIXC8FEYoGZhSM72MSMw7E-Kw6SdclnPtyGtiD6AgvfYJ-GnIxOpqu2z27gT9YrAtw9kSrMHaYny7pwoNUDuS0zvhk17Bj6MFAHXq3rtUxPd2M5_q6HozJk_GoCBto7MLpFAgkeEqozDEPF02Zk4JsPNw0VVDSJVSfckYgtDVBCYZjkd3peIVb2e447VGnLwh9yg0QVU6TFUhDHzxppyWdZ6YMf4RWwU9XvlPddEWDiN2wQaqadl2tCdCdQx4NywauwixW_8pqBAg&refId=6GiEAUVSkDxSu6caJTFUxQ%3D%3D&trackingId=0PIA6%2BBsUqjxxCn8F2s7sg%3D%3D&trk=flagship3_search_srp_jobs,0.2064,0.4792,English; design thinking; software interaction design; graphic design; demonstrate curiosity; dies; tools for software configuration management; style sheet languages; computer science; human-computer interaction
5,Digital Design Technologies,Lithuania Business College,IT specialisto (-ės) asistentas (-ė) Vilniuje,,Vilnius,https://en.cvbankas.lt/it-specialisto-es-asistentas-e-vilniuje-vilniuje/1-13697171,0.2064,0.489,Android (mobile operating systems); office software; operating systems; troubleshoot; think analytically; cyber security; accounting
6,Digital Design Technologies,Lithuania Business College,Vyriausiasis (-oji) aplikacijų kūrimo inžinierius (-ė) (Senior Front-end engineer),,Vilnius,https://en.cvbankas.lt/vyriausiasis-oji-aplikaciju-kurimo-inzinierius-e-senior-front-end-engineer-vilniuje/1-13760315,0.1972,0.517,TypeScript; web application security threats; C#; PostgreSQL; assume responsibility; use online tools to collaborate; JavaScript
7,Digital Design Technologies,Lithuania Business College,DESIGN ENGINEER,,Klaipėda,https://en.cvbankas.lt/design-engineer-klaipedoje/1-13757329,0.1611,0.5541,English; production processes
8,Digital Design Technologies,Lithuania Business College,IT SISTEMŲ TESTUOTOJAS (-A),,Kaunas,https://en.cvbankas.lt/it-sistemu-testuotojas-a-kaune/1-9459234,0.1513,0.4681,English; style sheet languages; ICT project management methodologies; think analytically; manage time; electronic communication; detect bottlenecks
9,Digital Design Technologies,Lithuania Business College,B2B IT Projektų vadovas (-ė),,Vilnius,https://en.cvbankas.lt/b2b-it-projektu-vadovas-e-vilniuje/1-13758119,0.1417,0.4927,accounting; perform project management; manage time; assume responsibility; cyber security; business processes; solve problems; make independent operating decisions; SAP Data Services; computer science
10,Digital Design Technologies,Lithuania Business College,IT projektų vadovė (-as),,Klaipėda,https://en.cvbankas.lt/it-projektu-vadove-as-klaipedoje/1-12847891,0.1392,0.4985,English; ICT project management methodologies; communicate with customers; team building; manage time; statistics; customer relationship management; business law; business processes; apply change management
1,Applied Informatics and Programming,Lithuania Business College,JAVA programuotojas (-a) (Integraciniams sprendimams),,Vilnius,https://en.cvbankas.lt/java-programuotojas-a-integraciniams-sprendimams-vilniuje/1-13749639,0.2149,0.5327,English; Java (computer programming); tools for software configuration management; morality; control systems; manage time; work in teams; perform cleaning duties; SQL; Agile development
2,Applied Informatics and Programming,Lithuania Business College,.NET programuotojas (-a),,Vilnius,https://en.cvbankas.lt/net-programuotojas-a-vilniuje/1-13749675,0.1824,0.5253,English; C#; SQL Server; work independently; think analytically; manage time; SQL; computer programming; use online tools to collaborate; NoSQL
3,Applied Informatics and Programming,Lithuania Business College,.NET programuotojas (-a),,Vilnius,https://en.cvbankas.lt/net-programuotojas-a-vilniuje/1-13750639,0.175,0.5091,English; tools for software configuration management; C#; morality; control systems; develop strategy to solve problems; manage time; work in teams; perform cleaning duties; Agile development
4,Applied Informatics and Programming,Lithuania Business College,IT SISTEMŲ TESTUOTOJAS (-A),,Kaunas,https://en.cvbankas.lt/it-sistemu-testuotojas-a-kaune/1-9459234,0.1672,0.5051,English; style sheet languages; think analytically; manage time; electronic communication; detect bottlenecks
5,Applied Informatics and Programming,Lithuania Business College,Full-stack software engineer,,Vilnius,https://en.cvbankas.lt/full-stack-software-engineer-vilniuje/1-12689751,0.1495,0.4968,TypeScript; Java (computer programming); SQL; liquidity management; financial products; economics
6,Applied Informatics and Programming,Lithuania Business College,IT sistemų testuotojas (-a),,Kaunas,https://en.cvbankas.lt/it-sistemu-testuotojas-a-kaune/1-13736493,0.1306,0.4994,English; database; MySQL; business processes; think analytically; morality; SQL
7,Applied Informatics and Programming,Lithuania Business College,PHP programuotojas (-a) | Mid / Strong Mid,,Vilnius,https://en.cvbankas.lt/php-programuotojas-a-mid-strong-mid-vilniuje/1-13752651,0.129,0.497,Java (computer programming); MySQL; cooperate with colleagues
8,Applied Informatics and Programming,Lithuania Business College,IT ANALITIKAS (-Ė),,Kaunas,https://en.cvbankas.lt/it-analitikas-e-kaune/1-13682887,0.121,0.5248,English; design process; business processes; think analytically; assume responsibility; work in teams; document evidence; solve problems; DevOps; SAP Data Services
9,Applied Informatics and Programming,Lithuania Business College,MS Power Developer with verification,,"Vilnius, Vilniaus, Lithuania",https://www.linkedin.com/jobs/view/4388682909/?eBP=CwEAAAGdXU_3LZ3gL4U7BnbsjIpQgqlX7Tn-Ceqb0RuNSARraIpZ9TdSn_iOS3kR2LA7B4E0pWSje839r0d5kLSIpCE_3u2b3ChPf40TSMbzm9E6F1ikSdja8_d8wtRI3UKX-QpAbCl42qNkythu4U4t7QQk38mlpHAswdPK1G_3rhBO5UGqhRKEU9qogDM8y636hWupxhspfE7TO308hxKSp87V9RmdXTyFrNl6y1j5rXzKDXWCDDmeaw_LdAMhB3DW-iX7HBmgnzRN1XnpSQ44i7nsOnYbiSBK-EfkkhDUI337_ShuaWQo6fH_J-RLprg025JbAKGAdjbDNciS9Uaywb9boIrcbHRCth6N-gk1z8ANTonRqpTjJ2wTihx_D_D6Gu5Pz0ZA_oahiNJoOzS_7VdTnLOPLcWdZTYjfB-jBe5q1VJJEUtsUBgGgGsgiMHYyvIWjF0_fULYR7KpWHG7FyVtMZ9_o8sxiReLsXuDO1PyW1IWkiMUmqikwuHj1zoop1uzBe-MXz3wwEZeBQ0s2PqUsl5a_--KrkMOYQ&refId=wk4fVenEURubDB1Ehtm5HQ%3D%3D&trackingId=O3SCG%2FbG%2FA%2FfnBafzp8pQw%3D%3D&trk=flagship3_search_srp_jobs,0.1066,0.5247,English; NoSQL; Java (computer programming); machine learning; asset management; work independently; test procedures; troubleshoot; control systems; Python (computer programming)
10,Applied Informatics and Programming,Lithuania Business College,IT PROJECT MANAGER/ IT PROJEKTŲ VADOVAS,,Vilnius,https://en.cvbankas.lt/it-project-manager-it-projektu-vadovas-vilniuje/1-12272436,0.1023,0.5039,English; give massages; think analytically; improve business processes; lead others; cyber security; business processes; make independent operating decisions; DevOps; SAP Data Services
1,Game Development,Vilnius Business College,Gameplay Programmer,,Vilnius,https://en.cvbankas.lt/gameplay-programmer-vilniuje/1-9413531,0.3687,0.4944,English; Android (mobile operating systems); Java (computer programming); geometry; C#; physics; TypeScript; demonstrate curiosity; tools for software configuration management; JavaScript
2,Game Development,Vilnius Business College,Paid Summer Internship in the IT Department,,Klaipėda,https://en.cvbankas.lt/paid-summer-internship-in-the-it-department-klaipedoje/1-13752753,0.3396,0.5453,English; computer engineering; Lithuanian; brainstorm ideas; design thinking
3,Game Development,Vilnius Business College,Game Designer,,Vilnius,https://en.cvbankas.lt/game-designer-vilniuje/1-13401896,0.308,0.4532,Android (mobile operating systems); English; think creatively; mechanics; digital game creation systems; Unity (digital game creation systems); Java (computer programming); geometry; C#; physics
4,Game Development,Vilnius Business College,Junior QA Mobile Game Tester,,Vilnius,https://en.cvbankas.lt/junior-qa-mobile-game-tester-vilniuje/1-9804975,0.2373,0.4386,English; Lithuanian; plan; operating systems; report facts
5,Game Development,Vilnius Business College,IT SUPPORTER with development opportunity in Data Integration,,Marijampolė,https://en.cvbankas.lt/it-supporter-with-development-opportunity-in-data-integration-marijampoleje/1-13685295,0.2283,0.4391,troubleshoot; English; Lithuanian; operating systems; environmental engineering; lead others; electronic communication; solve problems; interact verbally in Lithuanian; assume responsibility
6,Game Development,Vilnius Business College,B2B IT Projektų vadovas (-ė),,Vilnius,https://en.cvbankas.lt/b2b-it-projektu-vadovas-e-vilniuje/1-13758119,0.2095,0.449,accounting; perform project management; manage time; assume responsibility; cyber security; solve problems; digitization; operating systems; work in teams; Lithuanian
7,Game Development,Vilnius Business College,IT ANALITIKAS (-Ė),,Kaunas,https://en.cvbankas.lt/it-analitikas-e-kaune/1-13682887,0.2031,0.4655,English; design process; solve problems; ICT project management methodologies; think creatively; assume responsibility; work in teams; document evidence; think analytically; Lithuanian
8,Game Development,Vilnius Business College,Dynamics 365 projektų vadovas (-ė),,Vilnius,https://en.cvbankas.lt/dynamics-365-projektu-vadovas-e-vilniuje/1-10309027,0.1968,0.4367,English; customer relationship management; risk management; quality assurance procedures; design process; solve problems; ICT project management methodologies; assume responsibility; work in teams; document evidence
9,Game Development,Vilnius Business College,Associate Data Engineer with verification,,"Vilnius, Vilniaus, Lithuania (Hybrid)",https://www.linkedin.com/jobs/view/4383917782/?eBP=CwEAAAGdXVJvGQUVxTx-5JV5SxwZr4iay8a2Jxhh9v1T57lab3xyF-C0Vn033ov2DjEak78uVoqZbtM1oxjnZZO7YOGsgcfPJ2KJyy9d_53inZVefEmD-Z6mK8b-pz3B_4j3W9qPz5QIj9QeQJ1v80KMfDA8CRQPLRYAJ2Hw3iMFkfpUz90fi1Un-4KMYVvheyUipKyQ4mHHrH6tPbXbQa2OYS32QHwHbLQum_ZnqF0ydBxADvrWiQfEnm8GBJvkCz4FDbpMusmAoTUUThaHi0J0gLiHnT7YU0q3XInmfBp_1BcK8pYFBa1l1Fl9a80wnAUFWB6A04PRn9tYjwBRjOyq8sxzriridYB0oLcjTjb8kyM0XM6w3IJCbiUpR6c6PiA8ljTdKekdxf7qVBBKwqK_i8zHTRYSInNVW2drRy_kyfASusAogBx2S8yRy0EPSD1naBdysJWXnt_MxVghhobULeso1rDmF2lhsk-B_pRI0gMRiEb-Pxox-wLg9t16ks6m1weII6A6lP5kBWi7bKa9KSwyhvLdLEnV&refId=oGrIqh2UiA%2B55SwayS87gA%3D%3D&trackingId=IgK6sWDz7yNsd122YUdOSA%3D%3D&trk=flagship3_search_srp_jobs,0.1935,0.431,style sheet languages; English; troubleshoot; data analytics; market analysis; demonstrate curiosity; JavaScript; think analytically
10,Game Development,Vilnius Business College,"Youth LAB – Application Support intern | SEB Group, Vilnius",,Vilnius,https://en.cvbankas.lt/youth-lab-application-support-intern-seb-group-vilnius-vilniuje/1-13713017,0.184,0.4731,English; mathematics; ICT project management methodologies; economics; brainstorm ideas; leasing process; assume responsibility
1,Game Development and Digital Animation,Mykolas Romeris University,Game Designer,,Vilnius,https://en.cvbankas.lt/game-designer-vilniuje/1-13401896,0.4347,0.5298,Android (mobile operating systems); mechanics; computer technology; Unity (digital game creation systems); JavaScript; Java (computer programming); geometry; C#; physics; TypeScript
2,Game Development and Digital Animation,Mykolas Romeris University,Gameplay Programmer,,Vilnius,https://en.cvbankas.lt/gameplay-programmer-vilniuje/1-9413531,0.3066,0.5402,JavaScript; Android (mobile operating systems); Java (computer programming); geometry; C#; physics; TypeScript; C++; demonstrate curiosity; tools for software configuration management
3,Game Development and Digital Animation,Mykolas Romeris University,Software Engineer with verification,,"Vilnius, Vilniaus, Lithuania (On-site)",https://www.linkedin.com/jobs/view/4381996513/?eBP=CwEAAAGdXU_zAb95t4K_owvu6iwiZGwdHglm4Tfl-Uigey0SKXX3ZhMEzHMhuJC2KUvwmy6w7Ydd6zvTJm_p9o6pZZrS2OUg6V92dvtDSLJcOEcokhbWI5vj-QkKF2DSyiJvGIRxCOh7b-eb5Ku6xJjUFYRjPk7YYtVCsf71uuo3RDpLZ-HdtarpZiF3rLx69nLfXqXtSWn_3JVHQTExODQRTJ07BvJZ7dmWAs3wp676XRn9Amol3Gbv0d7l5R9rtkt1sbLs27CeZYx7FKC9_MMfSifWG8ItUWkbXmWiD_kA0BXZLe1b-9mZUmQGiLuX7n9dFQYH4LPDxVxtltP5IiarXxbFZpOJ7djky6fJczxSESQpnuPbT7IwFm6Nu9zOiBvQT2WNpvOFnm-BKpaIIJhpNtPH4Dzn91kSdhQ2PoW0SxyFajn6WEIrh134tWmbW6ySC9D7syUPmu0iHXDovkmCLySpfdjrOxeiBM32ZzBA9Jtr_iIXnS2jl2txcPbStKrFn2lVArpIG3llsh-KjKMmQ8dn1WujgPQi&refId=6i6qglSW0W6eFOYOHvBmjw%3D%3D&trackingId=ju9M5tP58DVyZRBJ0Hgp5w%3D%3D&trk=flagship3_search_srp_jobs,0.1442,0.4677,seek innovation in current practices; C#; application process; sensors; quality standards; DevOps; construction industry; Python (computer programming); think innovatively; JavaScript
4,Game Development and Digital Animation,Mykolas Romeris University,DESIGN ENGINEER,,Klaipėda,https://en.cvbankas.lt/design-engineer-klaipedoje/1-13757329,0.1426,0.5602,production processes
5,Game Development and Digital Animation,Mykolas Romeris University,LiveOps Specialist (Games),,Vilnius,https://en.cvbankas.lt/liveops-specialist-games-vilniuje/1-13722407,0.1388,0.4593,logic; computer technology; use online tools to collaborate
6,Game Development and Digital Animation,Mykolas Romeris University,Principal UX/UI Engineer with verification,,"Vilnius, Vilniaus, Lithuania (Hybrid)",https://www.linkedin.com/jobs/view/4385527160/?eBP=CwEAAAGdXVJzL-ZYItpBJnbOWNkH1FZIY45yClo5MJCZqaLseX6zIy3GLLErc_W0JVxYqurXjCbmUWUTxkfdrR2bt6OwC5nlZG-kK1DMFvrCN0mrMTgXAD1ehbZkCoW0p10PXNjxKlEDjdX70AmSPN5uYpr-MdBm-NcqdIQ8aog3OAMrjsX8QES62VTkhSUjv9FKlI3eSnPcvpza_3JkhxbOgOcTexW0b2EyMtNMxATDYnPQ0edX_i9ZUKtRE2mu5oPgzzJ6aYKwzzuQGhxvutfgUK6I5TZuR3m3dNe5QoN3qlxDzFbZFv4rST8ihVuicBPZnonbmaCSEpfUQAKwFLBd1QNyreTWg7qfn9VlPGyze08k6l44Z4DUKFEbyPPvTMz55R7NJzv3AneMR4vmINwlShnbrAwl1CkvTah5P6c1D_I6dg9X--SSAvhaoFoju9-MZs7rYlnmt_syOs09TjVQG98cXcvBDQ8vG3K46cU8Tj0M660ey8czn7H2dMHE7JvqK8whqSK5HpbabNzK98t1QrDh2exzc_omPJIpNg&refId=9cGkUbOOhOKqDBgZIBV0VQ%3D%3D&trackingId=ok1a5PBMVOT1x34kr0AGrw%3D%3D&trk=flagship3_search_srp_jobs,0.1233,0.4785,JavaScript; style sheet languages; human-computer interaction; software interaction design; lead others; create prototype of user experience solutions; TypeScript; Java (computer programming); work independently; ICT project management methodologies
7,Game Development and Digital Animation,Mykolas Romeris University,Senior IT Project Manager (REMOTE),,Work from home,https://en.cvbankas.lt/senior-it-project-manager-remote-darbas-namuose/1-13699765,0.1197,0.4702,Russian; ICT project management methodologies; Lithuanian; lead others; computer technology
8,Game Development and Digital Animation,Mykolas Romeris University,MID ERP SISTEMŲ (JAVA/KITA KALBA) PROGRAMUOTOJAS,,Kaunas,https://en.cvbankas.lt/mid-erp-sistemu-java-kita-kalba-programuotojas-kaune/1-13753589,0.1183,0.4923,PostgreSQL; SQL Server; Java (computer programming); customer relationship management; SQL; tools for software configuration management; cloud technologies
9,Game Development and Digital Animation,Mykolas Romeris University,AI Analyst,,Vilnius,https://en.cvbankas.lt/ai-analyst-vilniuje/1-13694389,0.1108,0.4937,SQL; computer vision; data engineering; physics; economics; ICT project management methodologies; Python (computer programming); environmental engineering; statistics; tools for software configuration management
10,Game Development and Digital Animation,Mykolas Romeris University,UX/UI Designer with verification,,"Vilnius, Vilniaus, Lithuania (On-site)",https://www.linkedin.com/jobs/view/4384044657/?eBP=CwEAAAGdXVntZ6hIgx08w3qCbBk1iDqslehskjgNQPkqly3ZPF1DwL1kc-FdkI4KKjKQyn4rfIQ5TYqz9q1McHEjXbHBc_TbMC5a1-fBVSJyCEPyMRJnQJ7t08Ma-gFFRvyTpOC7Vfuz31E8m9c5TlimNEWdbmjdw_F5-Avhgx0RpPB9JPvp6k3yJCwKoUdDvENZMdUG3PqZ-eOsaFuoIr3DDAJlGQYh6bbyEufxjOmlmIEwAGkiMpOofKslB-rqMmshm0CaYs_dr2fG2fNdGBn9GFDMJQIXC8FEYoGZhSM72MSMw7E-Kw6SdclnPtyGtiD6AgvfYJ-GnIxOpqu2z27gT9YrAtw9kSrMHaYny7pwoNUDuS0zvhk17Bj6MFAHXq3rtUxPd2M5_q6HozJk_GoCBto7MLpFAgkeEqozDEPF02Zk4JsPNw0VVDSJVSfckYgtDVBCYZjkd3peIVb2e447VGnLwh9yg0QVU6TFUhDHzxppyWdZ6YMf4RWwU9XvlPddEWDiN2wQaqadl2tCdCdQx4NywauwixW_8pqBAg&refId=6GiEAUVSkDxSu6caJTFUxQ%3D%3D&trackingId=0PIA6%2BBsUqjxxCn8F2s7sg%3D%3D&trk=flagship3_search_srp_jobs,0.1069,0.4654,software interaction design; graphic design; demonstrate curiosity; dies; tools for software configuration management; create prototype of user experience solutions; JavaScript; style sheet languages; human-computer interaction; lead others
1,Artificial Intelligence Systems,Vilnius Gediminas Technical University,DIRBTINIO INTELEKTO INŽINIERĖ (-IUS) IT skyriuje,,Vilnius,https://en.cvbankas.lt/dirbtinio-intelekto-inziniere-ius-it-skyriuje-vilniuje/1-13749365,0.277,0.5884,English; work in teams; think analytically; show entrepreneurial spirit
2,Artificial Intelligence Systems,Vilnius Gediminas Technical University,IT specialistas procesų automatizavimui,,Kaunas,https://en.cvbankas.lt/it-specialistas-procesu-automatizavimui-kaune/1-13254683,0.2576,0.5183,logic; improve business processes; migration; data models; negotiate compromises; show entrepreneurial spirit; address an audience; work in teams; think analytically; SQL
3,Artificial Intelligence Systems,Vilnius Gediminas Technical University,AI Practitioner,,Vilnius,https://en.cvbankas.lt/ai-practitioner-vilniuje/1-13746557,0.2319,0.4815,TypeScript; Java (computer programming); personal development; English; upsell products; manage time; JavaScript; SQL; NoSQL; C#
4,Artificial Intelligence Systems,Vilnius Gediminas Technical University,MLOps engineer with expertise in Ray and Kubeflow vLLM SkyPikot on kubernetes,,Work from home,https://en.cvbankas.lt/mlops-engineer-with-expertise-in-ray-and-kubeflow-vllm-skypikot-on-kubernetes-darbas-namuose/1-13742747,0.1824,0.4758,artificial neural networks; distributed computing; ML (computer programming)
5,Artificial Intelligence Systems,Vilnius Gediminas Technical University,Programuotojas / AI (DI) inžinierius,,Vilnius,https://en.cvbankas.lt/programuotojas-ai-di-inzinierius-vilniuje/1-13706229,0.1753,0.5167,SQL; logic; business processes; solution deployment; tools for software configuration management
6,Artificial Intelligence Systems,Vilnius Gediminas Technical University,Python Developer,,Kaunas,https://en.cvbankas.lt/python-developer-kaune/1-13706605,0.1685,0.5103,childbirth; SQL; team building; web services; perform cleaning duties; life sciences; deploy cloud resource; grammar; unstructured data; ecosystems
7,Artificial Intelligence Systems,Vilnius Gediminas Technical University,Data Scientist / AI Engineer with verification,,"Vilnius, Vilniaus, Lithuania (On-site)",https://www.linkedin.com/jobs/view/4378189302/?eBP=CwEAAAGdXVTxFMm-4oPYFNosv8Vf7Vsb1WuHxZHn1TZFI315fEJU7OFidrXII-DqPZrfrJIgaGKhRs8AUBf_ux485rW8KssKzCz7NdMMYlAC2uyM2tM8bEddorYX5YWfyFVB07UL2mAYGVaoelQVkolalAXP676UGgk2qs-Uj0ulo27RsevBdAoszoIYkWZWvH9lK-mTMGrx_PWUz5IP1Kf4M5K4IF-gwxyWRi4qpnBnlqpdCHGGv3KYFUD7RhHM5z6L1S93nGWJ5Yv6vjcofk-i7GvULxBCddQPxocU_WDHAf27uZ4amKO1fWa02UPll5f9bdZFgRXCD6Wwyi5JXttGWLGsAcBfUVbG9LdLi_wBW1HZBB1FZ3cLfNL2RDoN4JE6lSnCqJjLvGVFqFz0PbByxh4lNdd-h_QXLLF6xcOyqr6Q-Z1iFoe_ULyugiqIXY4SKq8At-InYo9iOiOG3cy8p6e6ajE30HkjtIZePtMBst1REGSSsIdURDjW2R1-eqEBQfERWPL3iG09H_fKKQxEvn8enGI6WYxkhQCl1bWZ&refId=8E32x5IjZ%2BhE0AVcGSKhpw%3D%3D&trackingId=6mOXpn4lFQrodgSou4vGSg%3D%3D&trk=flagship3_search_srp_jobs,0.1617,0.5937,SQL; NoSQL; PostgreSQL; ML (computer programming); unstructured data; cognitive computing; operating systems; negotiate with stakeholders; assume responsibility; demonstrate curiosity
8,Artificial Intelligence Systems,Vilnius Gediminas Technical University,AI Engineer (Applied AI) with verification,,"Vilnius, Vilniaus, Lithuania (Hybrid)",https://www.linkedin.com/jobs/view/4354609788/?eBP=CwEAAAGdXU_3Lpjva5gehuwkyxZOOeCMBLNABZouwvt95moQqldkZj82d9MFxAibHKwvHcRydrXa6rtBTFPsNBV4zX_5A9KyNJf_-ofgUfq-YZy77hlw36EosJqJdYRk9kmsGtqraQU9QmeTS5B89rNfVK9JUwgH9JOInDbgeM7epx921DQd72SXaWo1M0sb7HPrANFJ8FeiSgJOGh6xnkYWXMiBHEXNBJAecBgWS__K1NYvsYF60BZMbiTaH_Fm_SaXOiAcdqqFCab_EOtkdZzXKLDlT-W5wJSMXMeTqBv0slR8E8kDATovomB-czBgotIfWw9P9QX5o2s3qOh9QNMYse5ipOuzs1PSB2z1LQ3vhmi-GmGjkSX-MNTAPOgg2fRDV8aFmuACRRT6zWk8hRzE0XZd-FYmj-XKmqo9Veo0dJ62XkYlmgHz8aSHlLU9FV4-GypB9bSK156pWGRrTqxwjjyRrbfPWrduFwS0Rf7o30kJlFxUrKo8awCgQca5ifXdmZIc2QR8EekFCC7YSUkcjXohNje0D35mC3QLNQ&refId=wk4fVenEURubDB1Ehtm5HQ%3D%3D&trackingId=t02SStjRfp6kvPP77%2BKNiw%3D%3D&trk=flagship3_search_srp_jobs,0.151,0.5526,English; logic; dies; ML (computer programming); assume responsibility
9,Artificial Intelligence Systems,Vilnius Gediminas Technical University,Experienced AI Engineer/Data Scientist,,Vilnius,https://en.cvbankas.lt/experienced-ai-engineer-data-scientist-vilniuje/1-13500505,0.1337,0.5671,mathematics; personal development; physics; economics; team building; perform project management; develop predictive models; ML (computer programming); data science; lead others
10,Artificial Intelligence Systems,Vilnius Gediminas Technical University,DIRBTINIO INTELEKTO IR AUTOMATIZACIJŲ VADOVAS (-Ė),,Vilnius,https://en.cvbankas.lt/dirbtinio-intelekto-ir-automatizaciju-vadovas-e-vilniuje/1-13752609,0.1334,0.4854,business processes; think analytically; assume responsibility; demonstrate curiosity; work in teams; show entrepreneurial spirit; logic; improve business processes
1,Information Systems and Cyber Security,Vilnius University,IRT specialistas (-ė) (SOC ir IT saugos sritis) | Technologijų skyrius,,Vilnius,https://en.cvbankas.lt/irt-specialistas-e-soc-ir-it-saugos-sritis-technologiju-skyrius-vilniuje/1-13733709,0.3242,0.588,English; operating systems; digital identity management; digital data processing; negotiate compromises; manage time; advise others; computer programming; in-circuit test; cloud technologies
2,Information Systems and Cyber Security,Vilnius University,Informacijos saugos specialistas (-ė),,Vilnius,https://en.cvbankas.lt/informacijos-saugos-specialistas-e-vilniuje/1-13751575,0.2994,0.6447,English; communication; think analytically; security regulations; ICT security standards; manage time; computer programming; Python (computer programming); coordinate security; define security policies
3,Information Systems and Cyber Security,Vilnius University,SOC analitikas (-ė) kibernetinių grėsmių paieškai,,Vilnius,https://en.cvbankas.lt/soc-analitikas-e-kibernetiniu-gresmiu-paieskai-vilniuje/1-13395656,0.2982,0.6733,communication; English; computer programming; Python (computer programming); penetration testing tool; apply change management; digital data processing; security regulations; think analytically; ICT security standards
4,Information Systems and Cyber Security,Vilnius University,Pažeidžiamumų valdymo – įsilaužimų testavimo specialistas (-ė),,Vilnius,https://en.cvbankas.lt/pazeidziamumu-valdymo-isilauzimu-testavimo-specialistas-e-vilniuje/1-13194248,0.2852,0.6458,penetration testing tool; communication; English; computer programming; think critically; Python (computer programming); apply change management; digital data processing; security regulations
5,Information Systems and Cyber Security,Vilnius University,Cyber Security Specialist,,Vilnius,https://en.cvbankas.lt/cyber-security-specialist-vilniuje/1-13680669,0.2435,0.6218,English; DevOps; web application security threats; economics; think analytically; implement ICT recovery system; cloud security and compliance; security regulations; in-circuit test; Python (computer programming)
6,Information Systems and Cyber Security,Vilnius University,KIBERNETINIO SAUGUMO VADOVAS (-Ė),,Kaunas,https://en.cvbankas.lt/kibernetinio-saugumo-vadovas-e-kaune/1-13760617,0.2316,0.6927,apply change management; digital data processing; security regulations; computer programming; Python (computer programming); penetration testing tool
7,Information Systems and Cyber Security,Vilnius University,IT Vadovas (-ė),,Kaunas,https://en.cvbankas.lt/it-vadovas-e-kaune/1-13700339,0.2055,0.5808,perform warehousing operations; apply change management; Russian; plan; business management principles; negotiate compromises; manage closed-circuit television system; work in teams; trademarks; SQL
8,Information Systems and Cyber Security,Vilnius University,IT skyriaus administratorius (-ė),,Klaipėda,https://en.cvbankas.lt/it-skyriaus-administratorius-e-klaipedoje/1-13740999,0.1734,0.5511,English; Russian; plan; business management principles; negotiate compromises; manage closed-circuit television system; work in teams; trademarks; perform warehousing operations; apply change management
9,Information Systems and Cyber Security,Vilnius University,SAUGUMO SPRENDIMŲ ARCHITEKTAS (-Ė),,Vilnius,https://en.cvbankas.lt/saugumo-sprendimu-architektas-e-vilniuje/1-13713875,0.1675,0.6607,English; think analytically; security regulations; manage time; assume responsibility; cloud security and compliance; digital identity management; lead a team; quality assurance procedures; apply strategic thinking
10,Information Systems and Cyber Security,Vilnius University,IT SISTEMŲ ADMINISTRATORIUS (-Ė),,Vilnius,https://en.cvbankas.lt/it-sistemu-administratorius-e-vilniuje/1-13716003,0.1657,0.5715,MySQL; SQL; work independently; ICT encryption; think analytically; tools for software configuration management; network standards; patents; make decisions; perform procurement processes
1,Information Systems Engineering,Utena College,IT On-site inžinierius,,Vilnius,https://en.cvbankas.lt/it-on-site-inzinierius-vilniuje/1-13757479,0.2261,0.5643,personal development; troubleshoot; interact verbally in Lithuanian; assume responsibility; Android (mobile operating systems); environmental engineering; lead others; electronic communication; DevOps; business processes
2,Information Systems Engineering,Utena College,IT inžinierius (-ė),,Vilnius,https://en.cvbankas.lt/it-inzinierius-e-vilniuje/1-13713495,0.2133,0.5518,computer programming; digital data processing
3,Information Systems Engineering,Utena College,IT sistemų administratorius (-ė),,Vilnius,https://en.cvbankas.lt/it-sistemu-administratorius-e-vilniuje/1-13756627,0.1696,0.5614,digital data processing; assume responsibility; network standards; electrical equipment components; mechanical systems; manage time; SQL; data warehouse; data analytics; digitization
4,Information Systems Engineering,Utena College,Vyr. sistemų analitikas (-ė) (NTR modernizavimui),,Vilnius,https://en.cvbankas.lt/vyr-sistemu-analitikas-e-ntr-modernizavimui-vilniuje/1-13768673,0.1543,0.5759,provide technical documentation; work in teams; manage time; accounting; create solutions to problems; assume responsibility; demonstrate curiosity; develop strategy to solve problems; design thinking; algorithms
5,Information Systems Engineering,Utena College,IT sistemų testuotojas (-a),,Kaunas,https://en.cvbankas.lt/it-sistemu-testuotojas-a-kaune/1-13736493,0.1447,0.5635,SQL; logic; database; MySQL; business processes
6,Information Systems Engineering,Utena College,IT skyriaus administratorius (-ė),,Klaipėda,https://en.cvbankas.lt/it-skyriaus-administratorius-e-klaipedoje/1-13740999,0.1381,0.564,Russian; business management principles; apply information security policies; negotiate compromises; manage closed-circuit television system; work in teams; trademarks; cyber security; perform warehousing operations; apply change management
7,Information Systems Engineering,Utena College,IT inžinierius (-ė),,Kaunas,https://en.cvbankas.lt/it-inzinierius-e-kaune/1-13706767,0.1377,0.5767,Android (mobile operating systems); troubleshoot; personal development; interact verbally in Lithuanian; assume responsibility; accounting; maintain equipment; electrical equipment components; customer relationship management; Internet of Things
8,Information Systems Engineering,Utena College,Technologijų departamento direktorius (-ė),,Klaipėda,https://en.cvbankas.lt/technologiju-departamento-direktorius-e-klaipedoje/1-13740375,0.1334,0.6297,cyber security; quality standards; create solutions to problems; assume responsibility; Internet of Things; manufacturing processes; data protection; business management principles; patents; ICT project management methodologies
9,Information Systems Engineering,Utena College,Riedmenų IT sistemų inžinierius (-ė),,Vilnius,https://en.cvbankas.lt/riedmenu-it-sistemu-inzinierius-e-vilniuje/1-13715991,0.1238,0.6066,maintenance operations; manage time; troubleshoot; organise training; make decisions; consultation; cyber security; business processes; work independently; transportation engineering
10,Information Systems Engineering,Utena College,IT Vadovas (-ė),,Kaunas,https://en.cvbankas.lt/it-vadovas-e-kaune/1-13700339,0.1206,0.5854,cyber security; perform warehousing operations; apply change management; risk management; Russian; business management principles; apply information security policies; negotiate compromises; manage closed-circuit television system; work in teams
1,Information Systems Engineering,Vilniaus kolegija / Higher Education Institution,Robotizacijos ir automatizavimo vadovas (-ė) (valymo versle),,Vilnius,https://en.cvbankas.lt/robotizacijos-ir-automatizavimo-vadovas-e-valymo-versle-vilniuje/1-13702413,0.5307,0.4972,English; demonstrate curiosity; industrial research and development
2,Information Systems Engineering,Vilniaus kolegija / Higher Education Institution,DevOps and Cloud Engineer,,"Kaunas, Kaunas, Lithuania",https://www.linkedin.com/jobs/view/4387402181/?eBP=CwEAAAGdXVJzL3zb3qq3YKLU8yyFMsWaz6tWTfyW8Y0sXjol4QoUgIWYqlZjYtXDEXj95Lu9P0cqs4f6VcAc3zcmQ2-F3CGjLw0JYaahXxzLZ8QDERouaF9lG-fSyd7OcsyzSo54TWmAAsUukcJNHQyzYZbB-t3mHVXpkIQWBNT2QgPkgrb-YQSzTOvbQ4OL0N_SCQ0DsKAH9HxbBbl0lfeeLNJIHMGGGPUvAnyLzy9YjBxTNgwJsZGK9ammlfywoZZERcvlOk5Vm8Ihc0I3wfOkNLv32v8TwyyVauA-ybqS2ZpxON1RX6qi8TtwaTyQCumOzA1sVvPEsfyQ5cI9rF6BKYmp0oaGmnb2DkW9V1EXWMrz17NT1_viTFITxvndmKvMEWNkiLdPNKD-eTVXoDSuyddSxkiVHH7_h1lN1Yh4oo8lpomCndN5Ig3E_ocuzo094krKWPnGKw47-SHGU3mpxJGvXE7q4j4kM1DllhPXhK_hWMCY3OZKjwViNl8VL8sd84n1Lz1AimmWhfTMyMJPoEllfj0e2tJDQuFmU8Kd&refId=9cGkUbOOhOKqDBgZIBV0VQ%3D%3D&trackingId=al3Ay%2F7mgk6FRgl5KDAqFA%3D%3D&trk=flagship3_search_srp_jobs,0.2047,0.5007,English; DevOps; ICT project management methodologies; troubleshoot; Jenkins (tools for software configuration management); Python (computer programming); implement ICT recovery system; computer technology; computer programming; Puppet (tools for software configuration management)
3,Information Systems Engineering,Vilniaus kolegija / Higher Education Institution,IT Technikas,,Ukmergė,https://en.cvbankas.lt/it-technikas-ukmergeje/1-11323919,0.1906,0.4899,English; accounting; perform warehousing operations; Assembly (computer programming); packaging engineering; computer technology; troubleshoot; maintain equipment; electronic locks; think analytically
4,Information Systems Engineering,Vilniaus kolegija / Higher Education Institution,Software Test Manager,,"Vilnius, Vilniaus, Lithuania (Hybrid)",https://www.linkedin.com/jobs/view/4396864190/?eBP=CwEAAAGdXVntZ7QsJYdUiu8Quf2GLuTTaOTbIIsW9fX6b22tbTV_bzCb37ZozkiX5KRayb4GUv1BQqTcF7_xxu1CYrOUTFAmTQpvL7WT0ezznSeyoo8tnS53k7PdamQpWdQE1UqDd7UvGyrO1-0tV8CO0vUXpvrzw61sQgCd5Hiue2Y5R-jNfHa-q8RJNHvUIL_k3YxcMjH_qkx18ch3tLAo8yOgjkGhc12AyiXwuae_8KXKt_xLmPlZdxJtcYohz3FYc3kq0nk8on8MGllXZaxDvi-BS_yRekVzrT83rzBbrsJ74A5-3oZop43Bv6dA_BI_mZrIOpqt0DBlzABSMeQ09ktdQGYEnLc0DhN4inH40tN8PywrJJhOooLoF1Mmoi7Do5ibMrpf3YfKlPOdQvgxDVErgdj_fZ5nydCszfqkhj5q3Bo97h_xdUrfPxP-bIcziNhX-reFZKVmE_9Xh5AnemC5pN9OswbRXPtpfZLXTkCiCj78YIoAA-66Vr54GB0t1Q04kYNIOnwq30xG7nUUr6F6J_Q&refId=6GiEAUVSkDxSu6caJTFUxQ%3D%3D&trackingId=xn00lydtjakgzkFEZO4imw%3D%3D&trk=flagship3_search_srp_jobs,0.189,0.473,English; plan; manage tests; ICT project management methodologies; manage time; mechanical systems; embedded systems; lead others; troubleshoot; C++
5,Information Systems Engineering,Vilniaus kolegija / Higher Education Institution,IT inžinierius (-ė),,Vilnius,https://en.cvbankas.lt/it-inzinierius-e-vilniuje/1-13713495,0.1673,0.4766,English; plan; digital data processing; computer technology; computer programming
6,Information Systems Engineering,Vilniaus kolegija / Higher Education Institution,IT inžinierius (-ė),,Kaunas,https://en.cvbankas.lt/it-inzinierius-e-kaune/1-13753731,0.1626,0.4698,solve technical problems; troubleshoot; maintain equipment; computer technology; computer equipment; accounting; electrical equipment components; Lithuanian; manufacturing processes; plan
7,Information Systems Engineering,Vilniaus kolegija / Higher Education Institution,IT PRAKTIKANTAS (-Ė) — SISTEMŲ KONFIGŪRAVIMAS,,Kaunas,https://en.cvbankas.lt/it-praktikantas-e-sistemu-konfiguravimas-kaune/1-13763965,0.1622,0.4858,English; manage time; interact verbally in English; computer technology
8,Information Systems Engineering,Vilniaus kolegija / Higher Education Institution,Network Automation Engineer,,Kaunas,https://en.cvbankas.lt/network-automation-engineer-kaune/1-13756649,0.1371,0.4827,English; network engineering; computer science; troubleshoot; Python (computer programming); tools for software configuration management; electrical engineering; Spanish; Portuguese; ICT project management methodologies
9,Information Systems Engineering,Vilniaus kolegija / Higher Education Institution,IT inžinierius (-ė),,Kaunas,https://en.cvbankas.lt/it-inzinierius-e-kaune/1-13706767,0.1358,0.4937,English; Lithuanian; plan; troubleshoot; think analytically; computer technology; Android (mobile operating systems); personal development; interact verbally in Lithuanian; assume responsibility
10,Information Systems Engineering,Vilniaus kolegija / Higher Education Institution,Junior / Entry-Level IT Administrator,,Klaipėda,https://en.cvbankas.lt/junior-entry-level-it-administrator-klaipedoje/1-13753405,0.1345,0.5233,English; call routing; accounting; troubleshoot; manage time; Computer Assisted Language Learning; computer technology; solve technical problems; maintain equipment; electrical equipment components
1,Information System Engineering,Vilnius University,Data Scientist with verification,,"Vilnius, Vilniaus, Lithuania (Hybrid)",https://www.linkedin.com/jobs/view/4368092764/?eBP=CwEAAAGdXVdr8wLhXgCN16Gxrk7al7ZnW-_ooUcnN4gHaQRQXtuBKihjCZH3MQvUG_JrZ1XE9bHvZDVbNYmSYU_RRt1K09Xh65yh63dznYyEgbxfhfxFRMCpYd5EPi-HDeLGmrmRydjncICXjgBdC858bn29Xvag_2_KBis6HDgxN_XSHrVEBYWVYIiZRI3yWYMl7IfaPJpTbi2Cibl2jdCHt7hVz87RoCruHYYIJAPlE-PinlkUtF4ctqs9D0pH21jOKoPyumtpz940Hg4-WMcbsWJtORzzqpSyO6kejrtO095wUTmBDm-wLBJstBqIP3WB4e0U9lI9RHmGFmDTBxkROOyFSHN312Z7hfzVzwC7XDtwfJftJH7E9rrLLuSxgUZnV55jIKomT-2lfENJ5_qaA5Y6IzPDveiZgOhYZa--F_dwn-UGTsHe69HCue7opu3iJ0G2s5H3B0hnn3RdeO7kF3jI-lotLfHu0_MsMmCI8W-WR8fbVU5jobGY72DnEZaIjN7DQLc7WBXUigDJUTvA0WNYeAEAdNti&refId=47SaNTdiYW3wnMQlscUwOw%3D%3D&trackingId=xQeX88kPx97hzHFYbqTiRw%3D%3D&trk=flagship3_search_srp_jobs,0.2325,0.554,SQL; data science; physics; Python (computer programming); tools for software configuration management; operating systems; machine learning; ML (computer programming); JavaScript
2,Information System Engineering,Vilnius University,SAP DATA Services Developer with verification,,"Vilnius, Vilniaus, Lithuania (Remote)",https://www.linkedin.com/jobs/view/4390914503/?eBP=CwEAAAGdXVTxFcI6g9hH53N1HLbm8qUIlDCF29qdU73aSnKw2A9Sm0OKg4wH1WUAV60u3dhjnQkze7yyqC8OEFvq91eR0kmqJg2F9SZgBy-P0l_zmfETpFkq7EO-iFmTiW0lQC6yfMwoTMijJbMFzdQlKLaeJpq-M-k8CYM61f7srpH_zkGA7_ZRru4Kzhvn1PSdxJCJq5jSve_PRB9Beni0IliEe8GgTy8tBCz9opPwsSievwfmSWA0FCFyh_TXiVZRcgT4mjCCpPSi36AtP-2FA3uN6prNDU3tolKpvnY0vmtulhj6BUoWYmPeBB1H_jeY849GGS1D0CpyEzazZLt54NP9bRVV-gtaUWujPp9BGT73-wQGvj4NktTMBrr8XjZnRWa0NHHbGBnv9Thh98ifEFRjhVxb8ztaftEHHQfaBDX9nCYY0T_7brNhqeOe4R5wZXX1Pay8S4S7UwG0SJxjQTxoL12iGaa1GUEZC1PE-oL8kZJ4sHR4OmKC3avjeXcVrsqxpKnpmsdCamYtX3BNMR_EowrEaFmIY5Sr9w&refId=8E32x5IjZ%2BhE0AVcGSKhpw%3D%3D&trackingId=sAoLzTehYU0i6vxN8a7ZUw%3D%3D&trk=flagship3_search_srp_jobs,0.189,0.5777,"data extraction, transformation and loading tools; communication; SQL; migration; robotics; data models; computer technology; SAP Data Services; Polish; work independently"
3,Information System Engineering,Vilnius University,Vyriausiasis (-oji) duomenų inžinierius (-ė),,Vilnius,https://en.cvbankas.lt/vyriausiasis-oji-duomenu-inzinierius-e-vilniuje/1-13752215,0.1703,0.5424,"SQL; migration; data models; Python (computer programming); digital data processing; data extraction, transformation and loading tools; computer technology; data engineering; business intelligence; information architecture"
4,Information System Engineering,Vilnius University,Join our team as a JUNIOR System Analyst!,,Work from home,https://en.cvbankas.lt/join-our-team-as-a-junior-system-analyst-darbas-namuose/1-13699867,0.1305,0.5457,communication; design principles; meet deadlines; business processes; team building; improve business processes; report facts; apply information security policies; adopt ways to reduce pollution; schedule production
5,Information System Engineering,Vilnius University,IT PROJECT MANAGER/ IT PROJEKTŲ VADOVAS,,Vilnius,https://en.cvbankas.lt/it-project-manager-it-projektu-vadovas-vilniuje/1-12272436,0.127,0.5526,ICT project management methodologies; communication; give massages; improve business processes; lead others; computer technology; think analytically; cyber security; business processes; DevOps
6,Information System Engineering,Vilnius University,MID ERP SISTEMŲ (JAVA/KITA KALBA) PROGRAMUOTOJAS,,Kaunas,https://en.cvbankas.lt/mid-erp-sistemu-java-kita-kalba-programuotojas-kaune/1-13753589,0.1238,0.5399,PostgreSQL; SQL Server; Java (computer programming); customer relationship management; SQL; tools for software configuration management
7,Information System Engineering,Vilnius University,Duomenų inžinierius (-ė) – analitikas (-ė),,Kaunas,https://en.cvbankas.lt/duomenu-inzinierius-e-analitikas-e-kaune/1-13706283,0.1187,0.5349,"SQL; SQL Server; data extraction, transformation and loading tools; operating systems; data models; Python (computer programming); apply information security policies; digital data processing; assume responsibility; interact verbally in English"
8,Information System Engineering,Vilnius University,Riedmenų IT sistemų inžinierius (-ė),,Vilnius,https://en.cvbankas.lt/riedmenu-it-sistemu-inzinierius-e-vilniuje/1-13715991,0.1181,0.539,communication; maintenance operations; computer technology; troubleshoot; organise training; consultation; economics; cyber security; business processes; work independently
9,Information System Engineering,Vilnius University,IT ANALITIKAS (-Ė),,Kaunas,https://en.cvbankas.lt/it-analitikas-e-kaune/1-13682887,0.118,0.5592,communication; design process; business processes; ICT project management methodologies; assume responsibility; work in teams; document evidence; computer technology; solve problems; think analytically
10,Information System Engineering,Vilnius University,DATA ENGINEER with verification,,Lithuania (Remote),https://www.linkedin.com/jobs/view/4328710459/?eBP=CwEAAAGdXVTxFfylTwn5FhVuExSS7O-QXtgOj66BYmJuT5ZfOGG6DXV-oxGHbbtbJgiMgw4aIbELH0z0XdfK0KxiiVLl5qoU_qaRDBIAtoH7rHeH63gx-MsOsG4jNF1YJz7qO6rHJrt4UXi6PklDI9PiknyDtc45vcS-SRwv9JsqlXcmnzIuMDQMAZrNjYRYwsaWOqxkSeTrgF0-7kSy0R4UUFQVnU3bJaoCFX8H53e-Ji-c6X1YoegRyKsZQIZxZKAQnimjF6Hc56yr8jj13jo8g8UvIdDQHACtd6sTRMgZa_9fZVUaMwmZhQdOgtsGMLC-j20oepaYXfUXBTIXvNuT28H8awvc3wmt3VIfqa9z3wDd79JuqGUPDdId2b1fsQhbsvdbGSj7aHxRfmqKSb1rQ92bDSswLi46M189lsUQyU11HAYoluucRLLjaIqqDrFG0k9FK8ou5gk5_VexVfZW_FIy7nRx_36ni7VgVlTD50VQWLiHl_p1yOOVyc6LzuEem6ITm887Tgmia67EAVVRRXvW5NAczFSpJp4tug&refId=8E32x5IjZ%2BhE0AVcGSKhpw%3D%3D&trackingId=XMB19EEnT64C5KFJO5HxtA%3D%3D&trk=flagship3_search_srp_jobs,0.118,0.5409,"ICT project management methodologies; data extraction, transformation and loading tools; communication; troubleshoot; SQL; blueprints; automation technology; Python (computer programming); tools for software configuration management; data protection"
1,Information Systems Technology,Šiaulių valstybinė kolegija / Higher Education Institution,Pardavimų inžinierius (-ė) KLAIPĖDA,,Klaipėda,https://en.cvbankas.lt/pardavimu-inzinierius-e-klaipeda-klaipedoje/1-13737297,0.3064,0.5515,plan; manage time
2,Information Systems Technology,Šiaulių valstybinė kolegija / Higher Education Institution,IT sistemų ir skaitmenizacijos vadovas (-ė),,Panevėžys,https://en.cvbankas.lt/it-sistemu-ir-skaitmenizacijos-vadovas-e-panevezyje/1-13702931,0.1949,0.5583,digitization; perform warehousing operations; manage time; SAP Data Services; think analytically; assume responsibility; work in teams; Lithuanian; manufacturing processes; data protection
3,Information Systems Technology,Šiaulių valstybinė kolegija / Higher Education Institution,IT administratorius (-ė) (Vilniaus oro uostas),,Vilnius,https://en.cvbankas.lt/it-administratorius-e-vilniaus-oro-uostas-vilniuje/1-9300478,0.148,0.5458,plan; assume responsibility; electrical equipment components; solve problems; root cause analysis; computer programming; troubleshoot; implement ICT recovery system; accounting; maintain equipment
4,Information Systems Technology,Šiaulių valstybinė kolegija / Higher Education Institution,IT inžinierius (-ė),,Kaunas,https://en.cvbankas.lt/it-inzinierius-e-kaune/1-13753731,0.1327,0.5446,solve technical problems; troubleshoot; maintain equipment; accounting; electrical equipment components; Lithuanian; manufacturing processes; data protection; plan; business management principles
5,Information Systems Technology,Šiaulių valstybinė kolegija / Higher Education Institution,.NET Developer,,Kaunas,https://en.cvbankas.lt/net-developer-kaune/1-13546657,0.125,0.5438,style sheet languages; Lithuanian; ICT project management methodologies; SQL Server; environmental engineering; JavaScript; SQL; financial management
6,Information Systems Technology,Šiaulių valstybinė kolegija / Higher Education Institution,IT specialistas (-ė),,Klaipėda,https://en.cvbankas.lt/it-specialistas-e-klaipedoje/1-13478631,0.1229,0.5304,accounting; maintain equipment; electrical equipment components; Lithuanian; manufacturing processes; data protection; plan; business management principles; assume responsibility; solve technical problems
7,Information Systems Technology,Šiaulių valstybinė kolegija / Higher Education Institution,Jaunesnysis IT inžinierius,,Vilnius,https://en.cvbankas.lt/jaunesnysis-it-inzinierius-vilniuje/1-13409158,0.1189,0.5309,troubleshoot; maintain equipment; Lithuanian; Polish; asset management; delegate responsibilities; make independent operating decisions; accounting; perform warehousing operations; Assembly (computer programming)
8,Information Systems Technology,Šiaulių valstybinė kolegija / Higher Education Institution,Baltic IT Business Analyst,,Vilnius,https://en.cvbankas.lt/baltic-it-business-analyst-vilniuje/1-13702403,0.0881,0.575,business analysis; ecosystems; plan; show entrepreneurial spirit; think creatively; periodisation; SQL; ICT system integration; German; risk management
9,Information Systems Technology,Šiaulių valstybinė kolegija / Higher Education Institution,IT inžinierius,,Naujoji Akmenė,https://en.cvbankas.lt/it-inzinierius-naujojoje-akmeneje/1-13742959,0.0869,0.5813,accounting; troubleshoot; Android (mobile operating systems); office software; think analytically
10,Information Systems Technology,Šiaulių valstybinė kolegija / Higher Education Institution,IT specialistas (-ė) (kompiuterinių darbo vietų priežiūra),,Vilnius,https://en.cvbankas.lt/it-specialistas-e-kompiuteriniu-darbo-vietu-prieziura-vilniuje/1-13755395,0.0866,0.5851,troubleshoot; manage time; team building; manage closed-circuit television system; assume responsibility
1,Informatics Engineering,Kaunas University of Technology,AI Engineer (Applied AI) with verification,,"Vilnius, Vilniaus, Lithuania (Hybrid)",https://www.linkedin.com/jobs/view/4354609788/?eBP=CwEAAAGdXU_3Lpjva5gehuwkyxZOOeCMBLNABZouwvt95moQqldkZj82d9MFxAibHKwvHcRydrXa6rtBTFPsNBV4zX_5A9KyNJf_-ofgUfq-YZy77hlw36EosJqJdYRk9kmsGtqraQU9QmeTS5B89rNfVK9JUwgH9JOInDbgeM7epx921DQd72SXaWo1M0sb7HPrANFJ8FeiSgJOGh6xnkYWXMiBHEXNBJAecBgWS__K1NYvsYF60BZMbiTaH_Fm_SaXOiAcdqqFCab_EOtkdZzXKLDlT-W5wJSMXMeTqBv0slR8E8kDATovomB-czBgotIfWw9P9QX5o2s3qOh9QNMYse5ipOuzs1PSB2z1LQ3vhmi-GmGjkSX-MNTAPOgg2fRDV8aFmuACRRT6zWk8hRzE0XZd-FYmj-XKmqo9Veo0dJ62XkYlmgHz8aSHlLU9FV4-GypB9bSK156pWGRrTqxwjjyRrbfPWrduFwS0Rf7o30kJlFxUrKo8awCgQca5ifXdmZIc2QR8EekFCC7YSUkcjXohNje0D35mC3QLNQ&refId=wk4fVenEURubDB1Ehtm5HQ%3D%3D&trackingId=t02SStjRfp6kvPP77%2BKNiw%3D%3D&trk=flagship3_search_srp_jobs,0.1737,0.487,dies; Python (computer programming); assume responsibility
2,Informatics Engineering,Kaunas University of Technology,SOC analitikas (-ė) kibernetinių grėsmių paieškai,,Vilnius,https://en.cvbankas.lt/soc-analitikas-e-kibernetiniu-gresmiu-paieskai-vilniuje/1-13395656,0.1596,0.5156,Python (computer programming); computer programming; penetration testing tool; think critically; apply change management; digital data processing; security regulations; think analytically; ICT security standards; provide information
3,Informatics Engineering,Kaunas University of Technology,SAUGUMO SPRENDIMŲ ARCHITEKTAS (-Ė),,Vilnius,https://en.cvbankas.lt/saugumo-sprendimu-architektas-e-vilniuje/1-13713875,0.1523,0.5798,think analytically; security regulations; manage time; assume responsibility; cloud security and compliance; digital identity management; lead a team; quality assurance procedures; apply strategic thinking; ICT security standards
4,Informatics Engineering,Kaunas University of Technology,IT SISTEMŲ ADMINISTRATORIUS (-Ė),,Vilnius,https://en.cvbankas.lt/it-sistemu-administratorius-e-vilniuje/1-13716003,0.1508,0.4912,MySQL; SQL; ICT encryption; think analytically; tools for software configuration management; network standards; patents; make decisions; perform procurement processes; business processes
5,Informatics Engineering,Kaunas University of Technology,KIBERNETINIO SAUGUMO VADOVAS (-Ė),,Kaunas,https://en.cvbankas.lt/kibernetinio-saugumo-vadovas-e-kaune/1-13760617,0.1489,0.5604,apply change management; digital data processing; security regulations; Python (computer programming); penetration testing tool; think critically
6,Informatics Engineering,Kaunas University of Technology,Programuotojas / AI (DI) inžinierius,,Vilnius,https://en.cvbankas.lt/programuotojas-ai-di-inzinierius-vilniuje/1-13706229,0.148,0.4871,SQL; business processes; solution deployment; tools for software configuration management
7,Informatics Engineering,Kaunas University of Technology,Informacijos saugos specialistas (-ė),,Vilnius,https://en.cvbankas.lt/informacijos-saugos-specialistas-e-vilniuje/1-13751575,0.1355,0.5007,think analytically; security regulations; ICT security standards; manage time; provide information; assume responsibility; Python (computer programming); coordinate security; define security policies
8,Informatics Engineering,Kaunas University of Technology,IT sistemų ir kibernetinio saugumo administratorius (-ė),,Kaunas,https://en.cvbankas.lt/it-sistemu-ir-kibernetinio-saugumo-administratorius-e-kaune/1-13608923,0.1217,0.5978,data protection; renewable energy; manage digital documents; digital identity management; work in teams; security regulations; make decisions; lead others; patents; accounting
9,Informatics Engineering,Kaunas University of Technology,IT Vadovas (-ė),,Kaunas,https://en.cvbankas.lt/it-vadovas-e-kaune/1-13700339,0.116,0.4965,risk management; perform warehousing operations; apply change management; Russian; business management principles; negotiate compromises; manage closed-circuit television system; work in teams; trademarks; SQL
10,Informatics Engineering,Kaunas University of Technology,IT INFRASTRUKTŪROS ADMINISTRATORIUS (-Ė),,Klaipėda,https://en.cvbankas.lt/it-infrastrukturos-administratorius-e-klaipedoje/1-13736439,0.1131,0.4976,data protection; accounting; troubleshoot; SQL; database; manage closed-circuit television system; assume responsibility; business processes; make decisions; make independent operating decisions
1,Informatics engineering,Klaipėda University,IT inžinierius (-ė),,Kaunas,https://en.cvbankas.lt/it-inzinierius-e-kaune/1-13753731,0.2054,0.59,solve technical problems; troubleshoot; maintain equipment; computer equipment; accounting; electrical equipment components; Lithuanian; manufacturing processes; cyber security; data protection
2,Informatics engineering,Klaipėda University,Experienced AI Engineer/Data Scientist,,Vilnius,https://en.cvbankas.lt/experienced-ai-engineer-data-scientist-vilniuje/1-13500505,0.1816,0.5794,machine learning; computer vision; mathematics; personal development; physics; economics; team building; perform project management; Python (computer programming); lead others
3,Informatics engineering,Klaipėda University,DATA ENGINEER with verification,,Lithuania (Remote),https://www.linkedin.com/jobs/view/4328710459/?eBP=CwEAAAGdXVTxFfylTwn5FhVuExSS7O-QXtgOj66BYmJuT5ZfOGG6DXV-oxGHbbtbJgiMgw4aIbELH0z0XdfK0KxiiVLl5qoU_qaRDBIAtoH7rHeH63gx-MsOsG4jNF1YJz7qO6rHJrt4UXi6PklDI9PiknyDtc45vcS-SRwv9JsqlXcmnzIuMDQMAZrNjYRYwsaWOqxkSeTrgF0-7kSy0R4UUFQVnU3bJaoCFX8H53e-Ji-c6X1YoegRyKsZQIZxZKAQnimjF6Hc56yr8jj13jo8g8UvIdDQHACtd6sTRMgZa_9fZVUaMwmZhQdOgtsGMLC-j20oepaYXfUXBTIXvNuT28H8awvc3wmt3VIfqa9z3wDd79JuqGUPDdId2b1fsQhbsvdbGSj7aHxRfmqKSb1rQ92bDSswLi46M189lsUQyU11HAYoluucRLLjaIqqDrFG0k9FK8ou5gk5_VexVfZW_FIy7nRx_36ni7VgVlTD50VQWLiHl_p1yOOVyc6LzuEem6ITm887Tgmia67EAVVRRXvW5NAczFSpJp4tug&refId=8E32x5IjZ%2BhE0AVcGSKhpw%3D%3D&trackingId=XMB19EEnT64C5KFJO5HxtA%3D%3D&trk=flagship3_search_srp_jobs,0.1396,0.5686,"English; ICT project management methodologies; data extraction, transformation and loading tools; troubleshoot; data warehouse; data engineering; SQL; data storage; blueprints; Python (computer programming)"
4,Informatics engineering,Klaipėda University,Senior / Mid Software Engineer (.NET / Delphi) I Teltonika Security,,Vilnius,https://en.cvbankas.lt/senior-mid-software-engineer-net-delphi-i-teltonika-security-vilniuje/1-13750671,0.1332,0.5807,C#; firmware; migration; program firmware; Pascal (computer programming); lead others; demonstrate curiosity; industrial research and development
5,Informatics engineering,Klaipėda University,IT On-site inžinierius,,Vilnius,https://en.cvbankas.lt/it-on-site-inzinierius-vilniuje/1-13757479,0.1298,0.5442,English; personal development; Lithuanian; troubleshoot; interact verbally in Lithuanian; think analytically; assume responsibility; operating systems; environmental engineering; lead others
6,Informatics engineering,Klaipėda University,Full-Stack Developer – Remote,,Vilnius,https://en.cvbankas.lt/full-stack-developer-remote-vilniuje/1-13726333,0.118,0.5678,Lithuanian; machine learning; MySQL; English; Python (computer programming); manage time; JavaScript; environmental management standards; logic; TypeScript
7,Informatics engineering,Klaipėda University,Software Engineer (.Net) / Programuotojas inžinierius (.Net),,Vilnius,https://en.cvbankas.lt/software-engineer-net-programuotojas-inzinierius-net-vilniuje/1-13539917,0.1086,0.5546,English; firmware; optical engineering; types of insurance; printed circuit boards; Python (computer programming); health and safety in the workplace; manage time; industrial research and development
8,Informatics engineering,Klaipėda University,"Praktikantas (-ė), IT skyriuje, UAB ""Fegda grupė""",,Alytus,https://en.cvbankas.lt/praktikantas-e-it-skyriuje-uab-fegda-grupe-alytuje/1-13716037,0.1058,0.5439,accounting; manage time; use questioning techniques
9,Informatics engineering,Klaipėda University,Analytics Engineer,,Vilnius,https://en.cvbankas.lt/analytics-engineer-vilniuje/1-13765615,0.1049,0.5516,"SQL; English; Lithuanian; data extraction, transformation and loading tools; logic; team building; data models; Python (computer programming); economics; tools for software configuration management"
10,Informatics engineering,Klaipėda University,IT Support Engineer,,Vilnius,https://en.cvbankas.lt/it-support-engineer-vilniuje/1-13176664,0.0891,0.5621,troubleshoot; English
1,Informatics Engineering,Klaipėdos valstybinė kolegija / Higher Education Institution,PLV programuotojas,,Vilnius,https://en.cvbankas.lt/plv-programuotojas-vilniuje/1-13472073,0.3159,0.4637,think analytically
2,Informatics Engineering,Klaipėdos valstybinė kolegija / Higher Education Institution,Pardavimų inžinierius (-ė) KLAIPĖDA,,Klaipėda,https://en.cvbankas.lt/pardavimu-inzinierius-e-klaipeda-klaipedoje/1-13737297,0.1491,0.4781,business analytics; plan; manage time
3,Informatics Engineering,Klaipėdos valstybinė kolegija / Higher Education Institution,SAP DATA Services Developer with verification,,"Vilnius, Vilniaus, Lithuania (Remote)",https://www.linkedin.com/jobs/view/4390914503/?eBP=CwEAAAGdXVTxFcI6g9hH53N1HLbm8qUIlDCF29qdU73aSnKw2A9Sm0OKg4wH1WUAV60u3dhjnQkze7yyqC8OEFvq91eR0kmqJg2F9SZgBy-P0l_zmfETpFkq7EO-iFmTiW0lQC6yfMwoTMijJbMFzdQlKLaeJpq-M-k8CYM61f7srpH_zkGA7_ZRru4Kzhvn1PSdxJCJq5jSve_PRB9Beni0IliEe8GgTy8tBCz9opPwsSievwfmSWA0FCFyh_TXiVZRcgT4mjCCpPSi36AtP-2FA3uN6prNDU3tolKpvnY0vmtulhj6BUoWYmPeBB1H_jeY849GGS1D0CpyEzazZLt54NP9bRVV-gtaUWujPp9BGT73-wQGvj4NktTMBrr8XjZnRWa0NHHbGBnv9Thh98ifEFRjhVxb8ztaftEHHQfaBDX9nCYY0T_7brNhqeOe4R5wZXX1Pay8S4S7UwG0SJxjQTxoL12iGaa1GUEZC1PE-oL8kZJ4sHR4OmKC3avjeXcVrsqxpKnpmsdCamYtX3BNMR_EowrEaFmIY5Sr9w&refId=8E32x5IjZ%2BhE0AVcGSKhpw%3D%3D&trackingId=sAoLzTehYU0i6vxN8a7ZUw%3D%3D&trk=flagship3_search_srp_jobs,0.1215,0.4939,"SAP Data Services; data extraction, transformation and loading tools; SQL; migration; robotics; data models; Polish; acoustics; Swedish; troubleshoot"
4,Informatics Engineering,Klaipėdos valstybinė kolegija / Higher Education Institution,Software Test Manager,,"Vilnius, Vilniaus, Lithuania (Hybrid)",https://www.linkedin.com/jobs/view/4396864190/?eBP=CwEAAAGdXVntZ7QsJYdUiu8Quf2GLuTTaOTbIIsW9fX6b22tbTV_bzCb37ZozkiX5KRayb4GUv1BQqTcF7_xxu1CYrOUTFAmTQpvL7WT0ezznSeyoo8tnS53k7PdamQpWdQE1UqDd7UvGyrO1-0tV8CO0vUXpvrzw61sQgCd5Hiue2Y5R-jNfHa-q8RJNHvUIL_k3YxcMjH_qkx18ch3tLAo8yOgjkGhc12AyiXwuae_8KXKt_xLmPlZdxJtcYohz3FYc3kq0nk8on8MGllXZaxDvi-BS_yRekVzrT83rzBbrsJ74A5-3oZop43Bv6dA_BI_mZrIOpqt0DBlzABSMeQ09ktdQGYEnLc0DhN4inH40tN8PywrJJhOooLoF1Mmoi7Do5ibMrpf3YfKlPOdQvgxDVErgdj_fZ5nydCszfqkhj5q3Bo97h_xdUrfPxP-bIcziNhX-reFZKVmE_9Xh5AnemC5pN9OswbRXPtpfZLXTkCiCj78YIoAA-66Vr54GB0t1Q04kYNIOnwq30xG7nUUr6F6J_Q&refId=6GiEAUVSkDxSu6caJTFUxQ%3D%3D&trackingId=xn00lydtjakgzkFEZO4imw%3D%3D&trk=flagship3_search_srp_jobs,0.1173,0.4723,plan; manage tests; ICT project management methodologies; manage time; lead others; mechanical systems; embedded systems; troubleshoot; French; Java (computer programming)
5,Informatics Engineering,Klaipėdos valstybinė kolegija / Higher Education Institution,IT Technikas,,Ukmergė,https://en.cvbankas.lt/it-technikas-ukmergeje/1-11323919,0.1159,0.4839,database; accounting; perform warehousing operations; Assembly (computer programming); packaging engineering; troubleshoot; maintain equipment; electronic locks; think analytically; SQL
6,Informatics Engineering,Klaipėdos valstybinė kolegija / Higher Education Institution,IT Support Engineer,,Vilnius,https://en.cvbankas.lt/it-support-engineer-vilniuje/1-13176664,0.1138,0.4782,troubleshoot
7,Informatics Engineering,Klaipėdos valstybinė kolegija / Higher Education Institution,DESIGN ENGINEER,,Klaipėda,https://en.cvbankas.lt/design-engineer-klaipedoje/1-13757329,0.1123,0.5389,production processes
8,Informatics Engineering,Klaipėdos valstybinė kolegija / Higher Education Institution,IT inžinierius (-ė),,Kaunas,https://en.cvbankas.lt/it-inzinierius-e-kaune/1-13753731,0.1005,0.4717,solve technical problems; troubleshoot; maintain equipment; computer equipment; accounting; electrical equipment components; Lithuanian; Internet of Things; manufacturing processes; plan
9,Informatics Engineering,Klaipėdos valstybinė kolegija / Higher Education Institution,Software helpdesk – junior IT Analyst,,Vilnius,https://en.cvbankas.lt/software-helpdesk-junior-it-analyst-vilniuje/1-13753555,0.0986,0.522,
10,Informatics Engineering,Klaipėdos valstybinė kolegija / Higher Education Institution,IT Compliance & Process manager,,Vilnius,https://en.cvbankas.lt/it-compliance-process-manager-vilniuje/1-13722075,0.0976,0.4634,in-circuit test; root cause analysis; risk management; management department processes; think analytically; think innovatively
1,Informatics Engineering,Panevėžio kolegija/State Higher Education Institution,IT administratorius (-ė) (Vilniaus oro uostas),,Vilnius,https://en.cvbankas.lt/it-administratorius-e-vilniaus-oro-uostas-vilniuje/1-9300478,0.2221,0.4543,consultation; assume responsibility; electrical equipment components; solve problems; root cause analysis; troubleshoot; implement ICT recovery system; cyber security; accounting; maintain equipment
2,Informatics Engineering,Panevėžio kolegija/State Higher Education Institution,IT inžinierius (-ė),,Kaunas,https://en.cvbankas.lt/it-inzinierius-e-kaune/1-13753731,0.1902,0.4494,solve technical problems; troubleshoot; maintain equipment; computer equipment; accounting; electrical equipment components; Lithuanian; manufacturing processes; cyber security; business management principles
3,Informatics Engineering,Panevėžio kolegija/State Higher Education Institution,IT On-site inžinierius,,Vilnius,https://en.cvbankas.lt/it-on-site-inzinierius-vilniuje/1-13757479,0.1728,0.4468,English; personal development; Lithuanian; troubleshoot; interact verbally in Lithuanian; assume responsibility; solve problems; think analytically; environmental engineering; lead others
4,Informatics Engineering,Panevėžio kolegija/State Higher Education Institution,OSINT Specialistas,,Vilnius,https://en.cvbankas.lt/osint-specialistas-vilniuje/1-13474247,0.1612,0.4571,Maltego; English; Polish; social sciences; Python (computer programming); cyber security; manage time; risk management
5,Informatics Engineering,Panevėžio kolegija/State Higher Education Institution,Telekomunikacijų specialistas – bazinių stočių montuotojas LIETUVA,,Vilnius,https://en.cvbankas.lt/telekomunikaciju-specialistas-baziniu-stociu-montuotojas-lietuva-vilniuje/1-13540245,0.1542,0.4913,English; German; history; procurement of ICT network equipment; electrical engineering; morality; have computer literacy; maintain equipment; work in teams; team building
6,Informatics Engineering,Panevėžio kolegija/State Higher Education Institution,IT inžinierius (-ė),,Kaunas,https://en.cvbankas.lt/it-inzinierius-e-kaune/1-13706767,0.1465,0.4453,English; Lithuanian; troubleshoot; Android (mobile operating systems); think analytically; personal development; interact verbally in Lithuanian; assume responsibility; accounting; maintain equipment
7,Informatics Engineering,Panevėžio kolegija/State Higher Education Institution,Software Test Manager,,"Vilnius, Vilniaus, Lithuania (Hybrid)",https://www.linkedin.com/jobs/view/4396864190/?eBP=CwEAAAGdXVntZ7QsJYdUiu8Quf2GLuTTaOTbIIsW9fX6b22tbTV_bzCb37ZozkiX5KRayb4GUv1BQqTcF7_xxu1CYrOUTFAmTQpvL7WT0ezznSeyoo8tnS53k7PdamQpWdQE1UqDd7UvGyrO1-0tV8CO0vUXpvrzw61sQgCd5Hiue2Y5R-jNfHa-q8RJNHvUIL_k3YxcMjH_qkx18ch3tLAo8yOgjkGhc12AyiXwuae_8KXKt_xLmPlZdxJtcYohz3FYc3kq0nk8on8MGllXZaxDvi-BS_yRekVzrT83rzBbrsJ74A5-3oZop43Bv6dA_BI_mZrIOpqt0DBlzABSMeQ09ktdQGYEnLc0DhN4inH40tN8PywrJJhOooLoF1Mmoi7Do5ibMrpf3YfKlPOdQvgxDVErgdj_fZ5nydCszfqkhj5q3Bo97h_xdUrfPxP-bIcziNhX-reFZKVmE_9Xh5AnemC5pN9OswbRXPtpfZLXTkCiCj78YIoAA-66Vr54GB0t1Q04kYNIOnwq30xG7nUUr6F6J_Q&refId=6GiEAUVSkDxSu6caJTFUxQ%3D%3D&trackingId=xn00lydtjakgzkFEZO4imw%3D%3D&trk=flagship3_search_srp_jobs,0.137,0.4608,English; manage tests; ICT project management methodologies; cyber security; embedded systems; manage time; lead others; mechanical systems; troubleshoot; ICT system integration
8,Informatics Engineering,Panevėžio kolegija/State Higher Education Institution,Junior / Entry-Level IT Administrator,,Klaipėda,https://en.cvbankas.lt/junior-entry-level-it-administrator-klaipedoje/1-13753405,0.1369,0.491,English; call routing; accounting; troubleshoot; manage time; Computer Assisted Language Learning; solve problems; solve technical problems; maintain equipment; electrical equipment components
9,Informatics Engineering,Panevėžio kolegija/State Higher Education Institution,IT sistemų administratorius (-ė),,Vilnius,https://en.cvbankas.lt/it-sistemu-administratorius-e-vilniuje/1-13756627,0.1342,0.4541,philosophy; digital data processing; manage time; assume responsibility; network standards; electrical equipment components; mechanical systems; think analytically; SQL; data warehouse
10,Informatics Engineering,Panevėžio kolegija/State Higher Education Institution,IT Support Engineer,,Vilnius,https://en.cvbankas.lt/it-support-engineer-vilniuje/1-13176664,0.1255,0.4462,troubleshoot; English
1,Cyber Systems and Security,Kauno kolegija / Higher Education Institution,PROGRAMUOTOJAS (-A) (PASTATŲ VALDYMAS),,Vilnius,https://en.cvbankas.lt/programuotojas-a-pastatu-valdymas-vilniuje/1-13540655,0.2646,0.5128,electricity; programmable logic controller; ICT system integration
2,Cyber Systems and Security,Kauno kolegija / Higher Education Institution,IT administratorius (-ė) (Vilniaus oro uostas),,Vilnius,https://en.cvbankas.lt/it-administratorius-e-vilniaus-oro-uostas-vilniuje/1-9300478,0.238,0.5108,electrical equipment components; solve problems; root cause analysis; troubleshoot; implement ICT recovery system; accounting; maintain equipment; Lithuanian; manufacturing processes; data protection
3,Cyber Systems and Security,Kauno kolegija / Higher Education Institution,SOC analitikas (-ė) kibernetinių grėsmių paieškai,,Vilnius,https://en.cvbankas.lt/soc-analitikas-e-kibernetiniu-gresmiu-paieskai-vilniuje/1-13395656,0.2355,0.5639,Lithuanian; computer programming; penetration testing tool; think critically; apply change management; digital data processing; security regulations; apply information security policies; think analytically; ICT security standards
4,Cyber Systems and Security,Kauno kolegija / Higher Education Institution,Cyber Security Specialist,,Vilnius,https://en.cvbankas.lt/cyber-security-specialist-vilniuje/1-13680669,0.2065,0.5373,Lithuanian; DevOps; web application security threats; economics; think analytically; implement ICT recovery system; cloud security and compliance; security regulations; risk management; troubleshoot
5,Cyber Systems and Security,Kauno kolegija / Higher Education Institution,SAP DATA Services Developer with verification,,"Vilnius, Vilniaus, Lithuania (Remote)",https://www.linkedin.com/jobs/view/4390914503/?eBP=CwEAAAGdXVTxFcI6g9hH53N1HLbm8qUIlDCF29qdU73aSnKw2A9Sm0OKg4wH1WUAV60u3dhjnQkze7yyqC8OEFvq91eR0kmqJg2F9SZgBy-P0l_zmfETpFkq7EO-iFmTiW0lQC6yfMwoTMijJbMFzdQlKLaeJpq-M-k8CYM61f7srpH_zkGA7_ZRru4Kzhvn1PSdxJCJq5jSve_PRB9Beni0IliEe8GgTy8tBCz9opPwsSievwfmSWA0FCFyh_TXiVZRcgT4mjCCpPSi36AtP-2FA3uN6prNDU3tolKpvnY0vmtulhj6BUoWYmPeBB1H_jeY849GGS1D0CpyEzazZLt54NP9bRVV-gtaUWujPp9BGT73-wQGvj4NktTMBrr8XjZnRWa0NHHbGBnv9Thh98ifEFRjhVxb8ztaftEHHQfaBDX9nCYY0T_7brNhqeOe4R5wZXX1Pay8S4S7UwG0SJxjQTxoL12iGaa1GUEZC1PE-oL8kZJ4sHR4OmKC3avjeXcVrsqxpKnpmsdCamYtX3BNMR_EowrEaFmIY5Sr9w&refId=8E32x5IjZ%2BhE0AVcGSKhpw%3D%3D&trackingId=sAoLzTehYU0i6vxN8a7ZUw%3D%3D&trk=flagship3_search_srp_jobs,0.2021,0.5291,"data extraction, transformation and loading tools; SQL; migration; robotics; data models; Polish; work independently; acoustics; troubleshoot; perform warehousing operations"
6,Cyber Systems and Security,Kauno kolegija / Higher Education Institution,KIBERNETINIO SAUGUMO VADOVAS (-Ė),,Kaunas,https://en.cvbankas.lt/kibernetinio-saugumo-vadovas-e-kaune/1-13760617,0.1865,0.606,apply change management; digital data processing; security regulations; Lithuanian; penetration testing tool; think critically
7,Cyber Systems and Security,Kauno kolegija / Higher Education Institution,IT administratorius (-ė),,Kaunas,https://en.cvbankas.lt/it-administratorius-e-kaune/1-13637509,0.1828,0.5246,digital identity management; patents; data protection; renewable energy; operating systems; manage digital documents; work in teams; security regulations; electrical equipment components; Lithuanian
8,Cyber Systems and Security,Kauno kolegija / Higher Education Institution,SAUGUMO SPRENDIMŲ ARCHITEKTAS (-Ė),,Vilnius,https://en.cvbankas.lt/saugumo-sprendimu-architektas-e-vilniuje/1-13713875,0.1778,0.6123,think analytically; security regulations; manage time; cloud security and compliance; digital identity management; lead a team; quality assurance procedures; apply strategic thinking; apply information security policies; ICT security standards
9,Cyber Systems and Security,Kauno kolegija / Higher Education Institution,SAUGUMO SPRENDIMŲ KOMPETENCIJŲ CENTRO VADOVAS (-Ė),,Vilnius,https://en.cvbankas.lt/saugumo-sprendimu-kompetenciju-centro-vadovas-e-vilniuje/1-13717451,0.1745,0.5898,cloud security and compliance; digital identity management; lead a team; quality assurance procedures; security regulations; manage time; apply strategic thinking; think analytically; Lithuanian; operating systems
10,Cyber Systems and Security,Kauno kolegija / Higher Education Institution,Technologijų departamento direktorius (-ė),,Klaipėda,https://en.cvbankas.lt/technologiju-departamento-direktorius-e-klaipedoje/1-13740375,0.1512,0.5509,Lithuanian; quality standards; create solutions to problems; manufacturing processes; data protection; business management principles; patents; ICT project management methodologies; give massages; think analytically
1,Multimedia design,Vilnius Gediminas Technical University,UX/UI Designer with verification,,"Vilnius, Vilniaus, Lithuania (On-site)",https://www.linkedin.com/jobs/view/4384044657/?eBP=CwEAAAGdXVntZ6hIgx08w3qCbBk1iDqslehskjgNQPkqly3ZPF1DwL1kc-FdkI4KKjKQyn4rfIQ5TYqz9q1McHEjXbHBc_TbMC5a1-fBVSJyCEPyMRJnQJ7t08Ma-gFFRvyTpOC7Vfuz31E8m9c5TlimNEWdbmjdw_F5-Avhgx0RpPB9JPvp6k3yJCwKoUdDvENZMdUG3PqZ-eOsaFuoIr3DDAJlGQYh6bbyEufxjOmlmIEwAGkiMpOofKslB-rqMmshm0CaYs_dr2fG2fNdGBn9GFDMJQIXC8FEYoGZhSM72MSMw7E-Kw6SdclnPtyGtiD6AgvfYJ-GnIxOpqu2z27gT9YrAtw9kSrMHaYny7pwoNUDuS0zvhk17Bj6MFAHXq3rtUxPd2M5_q6HozJk_GoCBto7MLpFAgkeEqozDEPF02Zk4JsPNw0VVDSJVSfckYgtDVBCYZjkd3peIVb2e447VGnLwh9yg0QVU6TFUhDHzxppyWdZ6YMf4RWwU9XvlPddEWDiN2wQaqadl2tCdCdQx4NywauwixW_8pqBAg&refId=6GiEAUVSkDxSu6caJTFUxQ%3D%3D&trackingId=0PIA6%2BBsUqjxxCn8F2s7sg%3D%3D&trk=flagship3_search_srp_jobs,0.3442,0.3918,English; design thinking; software interaction design; demonstrate curiosity; dies; tools for software configuration management; create prototype of user experience solutions; JavaScript; style sheet languages; human-computer interaction
2,Multimedia design,Vilnius Gediminas Technical University,Jaunesnysis (-ioji) socialinių tinklų reklamos dizaineris (-ė) / IT projektų specialistas (-ė),,Vilnius,https://en.cvbankas.lt/jaunesnysis-ioji-socialiniu-tinklu-reklamos-dizaineris-e-it-projektu-specialistas-e-vilniuje/1-13750591,0.2661,0.5165,solve problems; react to events in time-critical environments
3,Multimedia design,Vilnius Gediminas Technical University,Principal UX/UI Engineer with verification,,"Vilnius, Vilniaus, Lithuania (Hybrid)",https://www.linkedin.com/jobs/view/4385527160/?eBP=CwEAAAGdXVJzL-ZYItpBJnbOWNkH1FZIY45yClo5MJCZqaLseX6zIy3GLLErc_W0JVxYqurXjCbmUWUTxkfdrR2bt6OwC5nlZG-kK1DMFvrCN0mrMTgXAD1ehbZkCoW0p10PXNjxKlEDjdX70AmSPN5uYpr-MdBm-NcqdIQ8aog3OAMrjsX8QES62VTkhSUjv9FKlI3eSnPcvpza_3JkhxbOgOcTexW0b2EyMtNMxATDYnPQ0edX_i9ZUKtRE2mu5oPgzzJ6aYKwzzuQGhxvutfgUK6I5TZuR3m3dNe5QoN3qlxDzFbZFv4rST8ihVuicBPZnonbmaCSEpfUQAKwFLBd1QNyreTWg7qfn9VlPGyze08k6l44Z4DUKFEbyPPvTMz55R7NJzv3AneMR4vmINwlShnbrAwl1CkvTah5P6c1D_I6dg9X--SSAvhaoFoju9-MZs7rYlnmt_syOs09TjVQG98cXcvBDQ8vG3K46cU8Tj0M660ey8czn7H2dMHE7JvqK8whqSK5HpbabNzK98t1QrDh2exzc_omPJIpNg&refId=9cGkUbOOhOKqDBgZIBV0VQ%3D%3D&trackingId=ok1a5PBMVOT1x34kr0AGrw%3D%3D&trk=flagship3_search_srp_jobs,0.1516,0.4057,JavaScript; style sheet languages; human-computer interaction; design thinking; software interaction design; lead others; create prototype of user experience solutions; TypeScript; Java (computer programming); work independently
4,Multimedia design,Vilnius Gediminas Technical University,DESIGN ENGINEER,,Klaipėda,https://en.cvbankas.lt/design-engineer-klaipedoje/1-13757329,0.1383,0.4865,English; production processes
5,Multimedia design,Vilnius Gediminas Technical University,B2B IT Projektų vadovas (-ė),,Vilnius,https://en.cvbankas.lt/b2b-it-projektu-vadovas-e-vilniuje/1-13758119,0.1199,0.4078,accounting; perform project management; assume responsibility; manage time; cyber security; business processes; solve problems; make independent operating decisions; SAP Data Services; digitization
6,Multimedia design,Vilnius Gediminas Technical University,Join our Marketing Team as a Website and Content Specialist,,Šiauliai,https://en.cvbankas.lt/join-our-marketing-team-as-a-website-and-content-specialist-siauliuose/1-13746459,0.1139,0.4215,team building; lead others; assume responsibility; adopt ways to reduce pollution; TypeScript; JavaScript; PostgreSQL; style sheet languages; Python (computer programming); financial forecasting
7,Multimedia design,Vilnius Gediminas Technical University,SKAITMENINIŲ MOKYMŲ KŪRIMO IR AUGIMO SPECIALISTO,,Trakai,https://en.cvbankas.lt/skaitmeniniu-mokymu-kurimo-ir-augimo-specialisto-trakuose/1-13749865,0.1031,0.3847,have computer literacy
8,Multimedia design,Vilnius Gediminas Technical University,IT projektų vadovė (-as),,Klaipėda,https://en.cvbankas.lt/it-projektu-vadove-as-klaipedoje/1-12847891,0.1015,0.4197,English; ICT project management methodologies; communicate with customers; plan; team building; statistics; manage time; Lithuanian; customer relationship management; business law
9,Multimedia design,Vilnius Gediminas Technical University,IT specialisto (-ės) asistentas (-ė) Vilniuje,,Vilnius,https://en.cvbankas.lt/it-specialisto-es-asistentas-e-vilniuje-vilniuje/1-13697171,0.0988,0.3906,Android (mobile operating systems); office software; operating systems; troubleshoot; think analytically; cyber security; accounting
10,Multimedia design,Vilnius Gediminas Technical University,IT SISTEMŲ TESTUOTOJAS (-A),,Kaunas,https://en.cvbankas.lt/it-sistemu-testuotojas-a-kaune/1-9459234,0.0984,0.3943,English; style sheet languages; plan; ICT project management methodologies; think analytically; electronic communication; detect bottlenecks; manage time
1,Multimedia technology,Kauno kolegija / Higher Education Institution,Mid/Senior Meta Media Buyer,,Vilnius,https://en.cvbankas.lt/mid-senior-meta-media-buyer-vilniuje/1-13757529,0.3994,0.4545,think analytically
2,Multimedia technology,Kauno kolegija / Higher Education Institution,Engineering Manager,,Vilnius,https://en.cvbankas.lt/engineering-manager-vilniuje/1-13751231,0.2761,0.5059,"Agile development; ecosystems; team building; build trust; ICT project management methodologies; lead others; human resource management; perform procurement processes; trademarks; promote ideas, products, services"
3,Multimedia technology,Kauno kolegija / Higher Education Institution,Product Manager,,Vilnius,https://en.cvbankas.lt/product-manager-vilniuje/1-13725955,0.2755,0.5195,"ICT project management methodologies; lead others; trademarks; promote ideas, products, services; perform procurement processes; Agile development; ecosystems; team building; build trust; human resource management"
4,Multimedia technology,Kauno kolegija / Higher Education Institution,Telekomunikacijų specialistas – bazinių stočių montuotojas LIETUVA,,Vilnius,https://en.cvbankas.lt/telekomunikaciju-specialistas-baziniu-stociu-montuotojas-lietuva-vilniuje/1-13540245,0.2439,0.523,German; history; procurement of ICT network equipment; electrical engineering; morality; have computer literacy; maintain equipment; work in teams; team building; perform project management
5,Multimedia technology,Kauno kolegija / Higher Education Institution,PROJEKTŲ VADOVAS (Telekomunikacijos / Mobilus ryšys) – EUROPA,,Vilnius,https://en.cvbankas.lt/projektu-vadovas-telekomunikacijos-mobilus-rysys-europa-vilniuje/1-13743447,0.2166,0.4836,German; history; morality; team building; perform project management; assume responsibility; procurement of ICT network equipment; electrical engineering; have computer literacy; maintain equipment
6,Multimedia technology,Kauno kolegija / Higher Education Institution,Jaunesnysis (-ioji) socialinių tinklų reklamos dizaineris (-ė) / IT projektų specialistas (-ė),,Vilnius,https://en.cvbankas.lt/jaunesnysis-ioji-socialiniu-tinklu-reklamos-dizaineris-e-it-projektu-specialistas-e-vilniuje/1-13750591,0.2025,0.5402,solve problems; react to events in time-critical environments
7,Multimedia technology,Kauno kolegija / Higher Education Institution,LEAD ENGINEER PROJECTS,,Kaunas,https://en.cvbankas.lt/lead-engineer-projects-kaune/1-13656701,0.1596,0.5099,SMED; lean manufacturing; pneumatics; manufacturing processes; quality standards; mechanics; programmable logic controller; lead others; perform procurement processes
8,Multimedia technology,Kauno kolegija / Higher Education Institution,AI Analyst,,Vilnius,https://en.cvbankas.lt/ai-analyst-vilniuje/1-13694389,0.1543,0.4816,SQL; computer vision; data engineering; computer science; economics; consultation; ICT project management methodologies; Python (computer programming); environmental engineering; tools for software configuration management
9,Multimedia technology,Kauno kolegija / Higher Education Institution,Join our Marketing Team as a Website and Content Specialist,,Šiauliai,https://en.cvbankas.lt/join-our-marketing-team-as-a-website-and-content-specialist-siauliuose/1-13746459,0.1511,0.4977,team building; lead others; assume responsibility; adopt ways to reduce pollution; TypeScript; JavaScript; PostgreSQL; style sheet languages; Python (computer programming); financial forecasting
10,Multimedia technology,Kauno kolegija / Higher Education Institution,Technologijų departamento direktorius (-ė),,Klaipėda,https://en.cvbankas.lt/technologiju-departamento-direktorius-e-klaipedoje/1-13740375,0.122,0.4951,quality standards; create solutions to problems; assume responsibility; Internet of Things; manufacturing processes; data protection; solve problems; business management principles; computer science; patents
1,Multimedia Technologies,Kaunas University of Technology,Gameplay Programmer,,Vilnius,https://en.cvbankas.lt/gameplay-programmer-vilniuje/1-9413531,0.2239,0.4889,JavaScript; Android (mobile operating systems); Java (computer programming); C#; TypeScript; C++; demonstrate curiosity; tools for software configuration management; Unity (digital game creation systems); computer technology
2,Multimedia Technologies,Kaunas University of Technology,DevOps and Cloud Engineer,,"Kaunas, Kaunas, Lithuania",https://www.linkedin.com/jobs/view/4387402181/?eBP=CwEAAAGdXVJzL3zb3qq3YKLU8yyFMsWaz6tWTfyW8Y0sXjol4QoUgIWYqlZjYtXDEXj95Lu9P0cqs4f6VcAc3zcmQ2-F3CGjLw0JYaahXxzLZ8QDERouaF9lG-fSyd7OcsyzSo54TWmAAsUukcJNHQyzYZbB-t3mHVXpkIQWBNT2QgPkgrb-YQSzTOvbQ4OL0N_SCQ0DsKAH9HxbBbl0lfeeLNJIHMGGGPUvAnyLzy9YjBxTNgwJsZGK9ammlfywoZZERcvlOk5Vm8Ihc0I3wfOkNLv32v8TwyyVauA-ybqS2ZpxON1RX6qi8TtwaTyQCumOzA1sVvPEsfyQ5cI9rF6BKYmp0oaGmnb2DkW9V1EXWMrz17NT1_viTFITxvndmKvMEWNkiLdPNKD-eTVXoDSuyddSxkiVHH7_h1lN1Yh4oo8lpomCndN5Ig3E_ocuzo094krKWPnGKw47-SHGU3mpxJGvXE7q4j4kM1DllhPXhK_hWMCY3OZKjwViNl8VL8sd84n1Lz1AimmWhfTMyMJPoEllfj0e2tJDQuFmU8Kd&refId=9cGkUbOOhOKqDBgZIBV0VQ%3D%3D&trackingId=al3Ay%2F7mgk6FRgl5KDAqFA%3D%3D&trk=flagship3_search_srp_jobs,0.1654,0.4691,DevOps; ICT project management methodologies; troubleshoot; Jenkins (tools for software configuration management); Python (computer programming); implement ICT recovery system; computer technology; computer programming; Puppet (tools for software configuration management); customer relationship management
3,Multimedia Technologies,Kaunas University of Technology,Game Designer,,Vilnius,https://en.cvbankas.lt/game-designer-vilniuje/1-13401896,0.1412,0.441,Android (mobile operating systems); mechanics; digital game creation systems; Unity (digital game creation systems); computer technology; JavaScript; Java (computer programming); C#; TypeScript; C++
4,Multimedia Technologies,Kaunas University of Technology,"Vyr. JAVA programuotojas (Vilnius, Lietuva)",,"Vilnius, Vilniaus, Lithuania (Hybrid)",https://www.linkedin.com/jobs/collections/recommended/?currentJobId=4385327940&eBP=CwEAAAGdXWmRyzFQVsckbSDbr-l84DhZhitAON3Q4ut4ljFP-LjWVJcV-p15EvtZwN6iH7zjMcFU-EgUZroPibulLIz2g9XTJfLE84iIsr5ZCxWEgU9VejK66s9KIqGMCvKRpaT9qVaWGIiFW28s5Kn1y4KOz5eenzv1DbepY4mHXtOd8Lnj0JwNxqPrEHPHxQwY-lAlRH3X46-ISPwoRPHzjx5J7-ZeFbh4vUC2zZfIR6sVnEl8-_PQ06X6zdwj5hgUl0Nwk4AYiZYZpVJfNILt1CFllKKDllyEdbSZ-5CceYcXQlc513AuuXiQENFLywv18BZHNY5n0OiKnIqaD11DCu3KEZgm-RP-foeOdKve1YxeU4YLzEeVIv3AbuWDKVU1u3odXp7ZnFAYVg5ckow2vK_N-utT6o9cozpy15Pwg3kdaC36GsRvnbFDaGnZakEMaT30vSB1m8Hh-ydGxtL70Vjhif8zX-gC06aTExymHdRkY9N-xfVF&refId=UuqQ2u0mDoCjS%2FOYIL3ThQ%3D%3D&trackingId=gUSz5M%2F35ImB3Cer%2Bz8Btg%3D%3D,0.1393,0.4514,TypeScript; Java (computer programming); ICT project management methodologies; database; consumer protection; tools for software configuration management; patents; ML (computer programming)
5,Multimedia Technologies,Kaunas University of Technology,IT specialisto (-ės) asistentas (-ė) Vilniuje,,Vilnius,https://en.cvbankas.lt/it-specialisto-es-asistentas-e-vilniuje-vilniuje/1-13697171,0.1362,0.4413,Android (mobile operating systems); office software; troubleshoot; think analytically; computer technology; cyber security; accounting
6,Multimedia Technologies,Kaunas University of Technology,Full-Stack Developer – Remote,,Vilnius,https://en.cvbankas.lt/full-stack-developer-remote-vilniuje/1-13726333,0.1289,0.4525,JavaScript; Internet of Things; machine learning; MySQL; Python (computer programming); computer technology; environmental management standards; TypeScript; web services; think analytically
7,Multimedia Technologies,Kaunas University of Technology,Join our team as a JUNIOR System Analyst!,,Work from home,https://en.cvbankas.lt/join-our-team-as-a-junior-system-analyst-darbas-namuose/1-13699867,0.1276,0.4404,meet deadlines; business processes; team building; improve business processes; report facts; apply information security policies; adopt ways to reduce pollution; design principles; schedule production; think critically
8,Multimedia Technologies,Kaunas University of Technology,IT SISTEMŲ ADMINISTRATORIŲ (-Ę),,Vilnius,https://en.cvbankas.lt/it-sistemu-administratoriu-e-vilniuje/1-13734017,0.1229,0.4477,SQL; think analytically; patents; computer technology; computer programming; cyber security; data protection; renewable energy; manage digital documents; digital identity management
9,Multimedia Technologies,Kaunas University of Technology,IT specialistas (-ė) (kompiuterinių darbo vietų priežiūra),,Vilnius,https://en.cvbankas.lt/it-specialistas-e-kompiuteriniu-darbo-vietu-prieziura-vilniuje/1-13755395,0.1202,0.4611,troubleshoot; computer technology; solve problems; team building; manage closed-circuit television system; assume responsibility
10,Multimedia Technologies,Kaunas University of Technology,Jaunesnysis (-ioji) socialinių tinklų reklamos dizaineris (-ė) / IT projektų specialistas (-ė),,Vilnius,https://en.cvbankas.lt/jaunesnysis-ioji-socialiniu-tinklu-reklamos-dizaineris-e-it-projektu-specialistas-e-vilniuje/1-13750591,0.1185,0.4951,solve problems; react to events in time-critical environments; computer technology
1,Multimedia Technologies,Šiaulių valstybinė kolegija / Higher Education Institution,Jaunesnysis (-ioji) socialinių tinklų reklamos dizaineris (-ė) / IT projektų specialistas (-ė),,Vilnius,https://en.cvbankas.lt/jaunesnysis-ioji-socialiniu-tinklu-reklamos-dizaineris-e-it-projektu-specialistas-e-vilniuje/1-13750591,0.1991,0.5499,solve problems; react to events in time-critical environments
2,Multimedia Technologies,Šiaulių valstybinė kolegija / Higher Education Institution,IT Technikas,,Ukmergė,https://en.cvbankas.lt/it-technikas-ukmergeje/1-11323919,0.1764,0.4771,accounting; perform warehousing operations; Assembly (computer programming); packaging engineering; troubleshoot; maintain equipment; electronic locks; electronics; think analytically; SQL
3,Multimedia Technologies,Šiaulių valstybinė kolegija / Higher Education Institution,VYR. DUOMENŲ ANALITIKAS (-Ė),,Vilnius,https://en.cvbankas.lt/vyr-duomenu-analitikas-e-vilniuje/1-13739827,0.1329,0.4583,"SQL; data analytics; digitization; think analytically; business intelligence; management department processes; SQL Server; data extraction, transformation and loading tools; data warehouse; data engineering"
4,Multimedia Technologies,Šiaulių valstybinė kolegija / Higher Education Institution,Infrastructure Automation Engineer (Linux / DevOps),,Kaunas,https://en.cvbankas.lt/infrastructure-automation-engineer-linux-devops-kaune/1-13755285,0.1028,0.4484,Python (computer programming); DevOps; tools for software configuration management; computer programming; ICT project management methodologies; troubleshoot; Jenkins (tools for software configuration management); implement ICT recovery system; web application security threats; building automation
5,Multimedia Technologies,Šiaulių valstybinė kolegija / Higher Education Institution,DESIGN ENGINEER,,Klaipėda,https://en.cvbankas.lt/design-engineer-klaipedoje/1-13757329,0.0946,0.4971,production processes
6,Multimedia Technologies,Šiaulių valstybinė kolegija / Higher Education Institution,LEAD ENGINEER PROJECTS,,Kaunas,https://en.cvbankas.lt/lead-engineer-projects-kaune/1-13656701,0.0912,0.4874,SMED; lean manufacturing; pneumatics; Lithuanian; manufacturing processes; quality standards; mechanics; programmable logic controller; lead others; perform procurement processes
7,Multimedia Technologies,Šiaulių valstybinė kolegija / Higher Education Institution,Junior Front-End Developer,,Kaunas,https://en.cvbankas.lt/junior-front-end-developer-kaune/1-13750941,0.091,0.4568,JavaScript; TypeScript; ICT project management methodologies; create prototype of user experience solutions; style sheet languages; Agile development; politics; Jenkins (tools for software configuration management); demonstrate curiosity; perform cleaning duties
8,Multimedia Technologies,Šiaulių valstybinė kolegija / Higher Education Institution,DevOps and Cloud Engineer,,"Kaunas, Kaunas, Lithuania",https://www.linkedin.com/jobs/view/4387402181/?eBP=CwEAAAGdXVJzL3zb3qq3YKLU8yyFMsWaz6tWTfyW8Y0sXjol4QoUgIWYqlZjYtXDEXj95Lu9P0cqs4f6VcAc3zcmQ2-F3CGjLw0JYaahXxzLZ8QDERouaF9lG-fSyd7OcsyzSo54TWmAAsUukcJNHQyzYZbB-t3mHVXpkIQWBNT2QgPkgrb-YQSzTOvbQ4OL0N_SCQ0DsKAH9HxbBbl0lfeeLNJIHMGGGPUvAnyLzy9YjBxTNgwJsZGK9ammlfywoZZERcvlOk5Vm8Ihc0I3wfOkNLv32v8TwyyVauA-ybqS2ZpxON1RX6qi8TtwaTyQCumOzA1sVvPEsfyQ5cI9rF6BKYmp0oaGmnb2DkW9V1EXWMrz17NT1_viTFITxvndmKvMEWNkiLdPNKD-eTVXoDSuyddSxkiVHH7_h1lN1Yh4oo8lpomCndN5Ig3E_ocuzo094krKWPnGKw47-SHGU3mpxJGvXE7q4j4kM1DllhPXhK_hWMCY3OZKjwViNl8VL8sd84n1Lz1AimmWhfTMyMJPoEllfj0e2tJDQuFmU8Kd&refId=9cGkUbOOhOKqDBgZIBV0VQ%3D%3D&trackingId=al3Ay%2F7mgk6FRgl5KDAqFA%3D%3D&trk=flagship3_search_srp_jobs,0.0899,0.457,DevOps; ICT project management methodologies; computer programming; troubleshoot; Jenkins (tools for software configuration management); Python (computer programming); implement ICT recovery system; cloud technologies; Puppet (tools for software configuration management); customer relationship management
9,Multimedia Technologies,Šiaulių valstybinė kolegija / Higher Education Institution,IT inžinierius (-ė),,Kaunas,https://en.cvbankas.lt/it-inzinierius-e-kaune/1-13706767,0.0783,0.4793,Lithuanian; Android (mobile operating systems); plan; operating systems; troubleshoot; think analytically; personal development; solve problems; interact verbally in Lithuanian; assume responsibility
10,Multimedia Technologies,Šiaulių valstybinė kolegija / Higher Education Institution,Software helpdesk – junior IT Analyst,,Vilnius,https://en.cvbankas.lt/software-helpdesk-junior-it-analyst-vilniuje/1-13753555,0.077,0.4619,
1,Digital technologies and cyber security,Mykolas Romeris University,IRT specialistas (-ė) (SOC ir IT saugos sritis) | Technologijų skyrius,,Vilnius,https://en.cvbankas.lt/irt-specialistas-e-soc-ir-it-saugos-sritis-technologiju-skyrius-vilniuje/1-13733709,0.2186,0.4823,English; Lithuanian; operating systems; digital identity management; digital data processing; negotiate compromises; manage time; computer programming; in-circuit test; advise others
2,Digital technologies and cyber security,Mykolas Romeris University,SOC analitikas (-ė) kibernetinių grėsmių paieškai,,Vilnius,https://en.cvbankas.lt/soc-analitikas-e-kibernetiniu-gresmiu-paieskai-vilniuje/1-13395656,0.2159,0.5497,English; Lithuanian; computer programming; Python (computer programming); penetration testing tool; apply change management; digital data processing; security regulations; apply information security policies; think analytically
3,Digital technologies and cyber security,Mykolas Romeris University,Software Test Manager,,"Vilnius, Vilniaus, Lithuania (Hybrid)",https://www.linkedin.com/jobs/view/4396864190/?eBP=CwEAAAGdXVntZ7QsJYdUiu8Quf2GLuTTaOTbIIsW9fX6b22tbTV_bzCb37ZozkiX5KRayb4GUv1BQqTcF7_xxu1CYrOUTFAmTQpvL7WT0ezznSeyoo8tnS53k7PdamQpWdQE1UqDd7UvGyrO1-0tV8CO0vUXpvrzw61sQgCd5Hiue2Y5R-jNfHa-q8RJNHvUIL_k3YxcMjH_qkx18ch3tLAo8yOgjkGhc12AyiXwuae_8KXKt_xLmPlZdxJtcYohz3FYc3kq0nk8on8MGllXZaxDvi-BS_yRekVzrT83rzBbrsJ74A5-3oZop43Bv6dA_BI_mZrIOpqt0DBlzABSMeQ09ktdQGYEnLc0DhN4inH40tN8PywrJJhOooLoF1Mmoi7Do5ibMrpf3YfKlPOdQvgxDVErgdj_fZ5nydCszfqkhj5q3Bo97h_xdUrfPxP-bIcziNhX-reFZKVmE_9Xh5AnemC5pN9OswbRXPtpfZLXTkCiCj78YIoAA-66Vr54GB0t1Q04kYNIOnwq30xG7nUUr6F6J_Q&refId=6GiEAUVSkDxSu6caJTFUxQ%3D%3D&trackingId=xn00lydtjakgzkFEZO4imw%3D%3D&trk=flagship3_search_srp_jobs,0.2136,0.5028,English; plan; manage tests; ICT project management methodologies; manage time; mechanical systems; troubleshoot; electronics; C++; French
4,Digital technologies and cyber security,Mykolas Romeris University,KIBERNETINIO SAUGUMO VADOVAS (-Ė),,Kaunas,https://en.cvbankas.lt/kibernetinio-saugumo-vadovas-e-kaune/1-13760617,0.2121,0.5819,apply change management; digital data processing; security regulations; Lithuanian; computer programming; Python (computer programming); penetration testing tool
5,Digital technologies and cyber security,Mykolas Romeris University,Cyber Security Specialist,,Vilnius,https://en.cvbankas.lt/cyber-security-specialist-vilniuje/1-13680669,0.1953,0.5236,English; Lithuanian; DevOps; web application security threats; economics; think analytically; implement ICT recovery system; cloud security and compliance; security regulations; in-circuit test
6,Digital technologies and cyber security,Mykolas Romeris University,Pažeidžiamumų valdymo – įsilaužimų testavimo specialistas (-ė),,Vilnius,https://en.cvbankas.lt/pazeidziamumu-valdymo-isilauzimu-testavimo-specialistas-e-vilniuje/1-13194248,0.1886,0.5037,penetration testing tool; English; Lithuanian; computer programming; think critically; Python (computer programming); apply change management; digital data processing; security regulations
7,Digital technologies and cyber security,Mykolas Romeris University,SAUGUMO SPRENDIMŲ KOMPETENCIJŲ CENTRO VADOVAS (-Ė),,Vilnius,https://en.cvbankas.lt/saugumo-sprendimu-kompetenciju-centro-vadovas-e-vilniuje/1-13717451,0.1816,0.5862,English; cloud security and compliance; digital identity management; lead a team; quality assurance procedures; security regulations; manage time; apply strategic thinking; assume responsibility; think analytically
8,Digital technologies and cyber security,Mykolas Romeris University,AI Engineer (Applied AI) with verification,,"Vilnius, Vilniaus, Lithuania (Hybrid)",https://www.linkedin.com/jobs/view/4354609788/?eBP=CwEAAAGdXU_3Lpjva5gehuwkyxZOOeCMBLNABZouwvt95moQqldkZj82d9MFxAibHKwvHcRydrXa6rtBTFPsNBV4zX_5A9KyNJf_-ofgUfq-YZy77hlw36EosJqJdYRk9kmsGtqraQU9QmeTS5B89rNfVK9JUwgH9JOInDbgeM7epx921DQd72SXaWo1M0sb7HPrANFJ8FeiSgJOGh6xnkYWXMiBHEXNBJAecBgWS__K1NYvsYF60BZMbiTaH_Fm_SaXOiAcdqqFCab_EOtkdZzXKLDlT-W5wJSMXMeTqBv0slR8E8kDATovomB-czBgotIfWw9P9QX5o2s3qOh9QNMYse5ipOuzs1PSB2z1LQ3vhmi-GmGjkSX-MNTAPOgg2fRDV8aFmuACRRT6zWk8hRzE0XZd-FYmj-XKmqo9Veo0dJ62XkYlmgHz8aSHlLU9FV4-GypB9bSK156pWGRrTqxwjjyRrbfPWrduFwS0Rf7o30kJlFxUrKo8awCgQca5ifXdmZIc2QR8EekFCC7YSUkcjXohNje0D35mC3QLNQ&refId=wk4fVenEURubDB1Ehtm5HQ%3D%3D&trackingId=t02SStjRfp6kvPP77%2BKNiw%3D%3D&trk=flagship3_search_srp_jobs,0.18,0.4683,English; dies; Python (computer programming)
9,Digital technologies and cyber security,Mykolas Romeris University,SAUGUMO SPRENDIMŲ ARCHITEKTAS (-Ė),,Vilnius,https://en.cvbankas.lt/saugumo-sprendimu-architektas-e-vilniuje/1-13713875,0.1692,0.5983,English; think analytically; security regulations; manage time; assume responsibility; cloud security and compliance; digital identity management; lead a team; quality assurance procedures; apply strategic thinking
10,Digital technologies and cyber security,Mykolas Romeris University,IT administratorius (-ė),,Kaunas,https://en.cvbankas.lt/it-administratorius-e-kaune/1-13637509,0.1613,0.5108,English; digital identity management; patents; renewable energy; operating systems; manage digital documents; work in teams; security regulations; consultation; plan
1,Programming and Multimedia,SMK College of Applied Sciences,PHP programuotojas (-a) | Mid / Strong Mid,,Vilnius,https://en.cvbankas.lt/php-programuotojas-a-mid-strong-mid-vilniuje/1-13752651,0.2846,0.5351,logic; MySQL; cooperate with colleagues
2,Programming and Multimedia,SMK College of Applied Sciences,"Vyr. JAVA programuotojas (Vilnius, Lietuva)",,"Vilnius, Vilniaus, Lithuania (Hybrid)",https://www.linkedin.com/jobs/collections/recommended/?currentJobId=4385327940&eBP=CwEAAAGdXWmRyzFQVsckbSDbr-l84DhZhitAON3Q4ut4ljFP-LjWVJcV-p15EvtZwN6iH7zjMcFU-EgUZroPibulLIz2g9XTJfLE84iIsr5ZCxWEgU9VejK66s9KIqGMCvKRpaT9qVaWGIiFW28s5Kn1y4KOz5eenzv1DbepY4mHXtOd8Lnj0JwNxqPrEHPHxQwY-lAlRH3X46-ISPwoRPHzjx5J7-ZeFbh4vUC2zZfIR6sVnEl8-_PQ06X6zdwj5hgUl0Nwk4AYiZYZpVJfNILt1CFllKKDllyEdbSZ-5CceYcXQlc513AuuXiQENFLywv18BZHNY5n0OiKnIqaD11DCu3KEZgm-RP-foeOdKve1YxeU4YLzEeVIv3AbuWDKVU1u3odXp7ZnFAYVg5ckow2vK_N-utT6o9cozpy15Pwg3kdaC36GsRvnbFDaGnZakEMaT30vSB1m8Hh-ydGxtL70Vjhif8zX-gC06aTExymHdRkY9N-xfVF&refId=UuqQ2u0mDoCjS%2FOYIL3ThQ%3D%3D&trackingId=gUSz5M%2F35ImB3Cer%2Bz8Btg%3D%3D,0.2609,0.5126,English; TypeScript; ICT project management methodologies; consumer protection; tools for software configuration management; patents; ML (computer programming)
3,Programming and Multimedia,SMK College of Applied Sciences,BI programuotojas (-a),,Kaunas,https://en.cvbankas.lt/bi-programuotojas-a-kaune/1-13753903,0.1994,0.5091,SQL; business intelligence
4,Programming and Multimedia,SMK College of Applied Sciences,PHP PROGRAMUOTOJAS (-A),,Kaunas,https://en.cvbankas.lt/php-programuotojas-a-kaune/1-12323705,0.1603,0.5151,English; tools for software configuration management; JavaScript; style sheet languages; plan; team building; manage time; assume responsibility; MySQL; electronic communication
5,Programming and Multimedia,SMK College of Applied Sciences,IT PRAKTIKANTAS (-Ė) — SISTEMŲ KONFIGŪRAVIMAS,,Kaunas,https://en.cvbankas.lt/it-praktikantas-e-sistemu-konfiguravimas-kaune/1-13763965,0.1462,0.565,English; data protection; manage time; interact verbally in English
6,Programming and Multimedia,SMK College of Applied Sciences,FULL STACK PROGRAMUOTOJAS (-A),,Vilnius,https://en.cvbankas.lt/full-stack-programuotojas-a-vilniuje/1-13749131,0.1433,0.5222,ICT project management methodologies; C#; MySQL; SQL; PostgreSQL; Android (mobile operating systems); tools for software configuration management
7,Programming and Multimedia,SMK College of Applied Sciences,LEAD ENGINEER PROJECTS,,Kaunas,https://en.cvbankas.lt/lead-engineer-projects-kaune/1-13656701,0.138,0.5672,SMED; lean manufacturing; pneumatics; manufacturing processes; English; quality standards; mechanics; programmable logic controller; lead others; perform procurement processes
8,Programming and Multimedia,SMK College of Applied Sciences,SENIOR ERP SISTEMŲ (JAVA/KITA KALBA) PROGRAMUOTOJAS,,Kaunas,https://en.cvbankas.lt/senior-erp-sistemu-java-kita-kalba-programuotojas-kaune/1-13753585,0.1302,0.5232,PostgreSQL; SQL Server; customer relationship management; SQL; cloud technologies; tools for software configuration management; C++; ICT project management methodologies; Scala; think innovatively
9,Programming and Multimedia,SMK College of Applied Sciences,DIRBTINIO INTELEKTO INŽINIERĖ (-IUS) IT skyriuje,,Vilnius,https://en.cvbankas.lt/dirbtinio-intelekto-inziniere-ius-it-skyriuje-vilniuje/1-13749365,0.1233,0.5116,English; work in teams; machine learning; think analytically; show entrepreneurial spirit
10,Programming and Multimedia,SMK College of Applied Sciences,Join our team as a JUNIOR System Analyst!,,Work from home,https://en.cvbankas.lt/join-our-team-as-a-junior-system-analyst-darbas-namuose/1-13699867,0.1193,0.515,English; meet deadlines; business processes; manage time; team building; improve business processes; report facts; apply information security policies; adopt ways to reduce pollution; schedule production
1,Software Systems,Kauno kolegija / Higher Education Institution,IT specialisto (-ės) asistentas (-ė) Vilniuje,,Vilnius,https://en.cvbankas.lt/it-specialisto-es-asistentas-e-vilniuje-vilniuje/1-13697171,0.1709,0.4834,office software; troubleshoot; Android (mobile operating systems); think analytically; accounting
2,Software Systems,Kauno kolegija / Higher Education Institution,Software Engineer (React Native),,"Vilnius, Vilniaus, Lithuania (On-site)",https://www.linkedin.com/jobs/view/4388330996/?eBP=NOT_ELIGIBLE_FOR_CHARGING&refId=6i6qglSW0W6eFOYOHvBmjw%3D%3D&trackingId=R6yHaEK%2B7Iq6zzGifG0qMA%3D%3D&trk=flagship3_search_srp_jobs,0.1666,0.5705,TypeScript; debug software; troubleshoot; ecosystems; ICT project management methodologies; tools for software configuration management; Swift (computer programming); show entrepreneurial spirit; software anomalies; perform cleaning duties
3,Software Systems,Kauno kolegija / Higher Education Institution,Full stack developer with verification,,"Vilnius, Vilniaus, Lithuania (Hybrid)",https://www.linkedin.com/jobs/view/4372609852/?eBP=CwEAAAGdXU_zAXfyj33quo4hBhSxWg1MWkU3rN_b6lHUlGLvOMoNMO4jsvgffLMy7ZkBT9xJ0iXvAFevUofirzztr0qFQqf5fNU9ZrYTLwLmGot7Nvwf37hRADwiNfTimU1yhowPXI8Q_9DgiMr1zuiPYnboZSNSwBbrNmR4yUSePH6XapixPwz8qlcn4T-k3HmArQp2-0wGsn4vbfHQdwp2EgRdv9ObazE7ADDZsiNwU2zFzkqIlbx2w-prwZuHLwfVF0iyrzcunN3dvuCsvGGzmc63XjE5ryvaWzGT5p54eBcsaNAhsKFcvwllzILKNsUPZ32v-TrJR2SgQgaHGfyHDoEe_91T0QXQ8WnulSX6P048bcfwUWVSZV_hkuH-HjCkXsZ9RmHqr6sbwrCiKN9KxVCMsDN5FQjcQPzkoZacceNRBqs1K5pGjyi3R-fPD7OkS52jK_Ly_Kx7xCRCqxntMURbWluyN17LhURFEc1gE-bjcXad2TLDrjNLsVbz9uurnQCjNjT6gHvpsT0WOgcrP7drHTrxtQ&refId=6i6qglSW0W6eFOYOHvBmjw%3D%3D&trackingId=G30vqdoia52YCAqRT3YMrw%3D%3D&trk=flagship3_search_srp_jobs,0.1629,0.5412,TypeScript; style sheet languages; DevOps; ICT project management methodologies; tools for software configuration management; demonstrate curiosity; Jenkins (tools for software configuration management); JavaScript; data analytics; dies
4,Software Systems,Kauno kolegija / Higher Education Institution,SAP DATA Services Developer with verification,,"Vilnius, Vilniaus, Lithuania (Remote)",https://www.linkedin.com/jobs/view/4390914503/?eBP=CwEAAAGdXVTxFcI6g9hH53N1HLbm8qUIlDCF29qdU73aSnKw2A9Sm0OKg4wH1WUAV60u3dhjnQkze7yyqC8OEFvq91eR0kmqJg2F9SZgBy-P0l_zmfETpFkq7EO-iFmTiW0lQC6yfMwoTMijJbMFzdQlKLaeJpq-M-k8CYM61f7srpH_zkGA7_ZRru4Kzhvn1PSdxJCJq5jSve_PRB9Beni0IliEe8GgTy8tBCz9opPwsSievwfmSWA0FCFyh_TXiVZRcgT4mjCCpPSi36AtP-2FA3uN6prNDU3tolKpvnY0vmtulhj6BUoWYmPeBB1H_jeY849GGS1D0CpyEzazZLt54NP9bRVV-gtaUWujPp9BGT73-wQGvj4NktTMBrr8XjZnRWa0NHHbGBnv9Thh98ifEFRjhVxb8ztaftEHHQfaBDX9nCYY0T_7brNhqeOe4R5wZXX1Pay8S4S7UwG0SJxjQTxoL12iGaa1GUEZC1PE-oL8kZJ4sHR4OmKC3avjeXcVrsqxpKnpmsdCamYtX3BNMR_EowrEaFmIY5Sr9w&refId=8E32x5IjZ%2BhE0AVcGSKhpw%3D%3D&trackingId=sAoLzTehYU0i6vxN8a7ZUw%3D%3D&trk=flagship3_search_srp_jobs,0.1588,0.5103,"data extraction, transformation and loading tools; migration; robotics; data models; SQL; Polish; work independently; acoustics; Swedish; troubleshoot"
5,Software Systems,Kauno kolegija / Higher Education Institution,Experienced AI Engineer/Data Scientist,,Vilnius,https://en.cvbankas.lt/experienced-ai-engineer-data-scientist-vilniuje/1-13500505,0.1577,0.4988,computer vision; personal development; physics; economics; team building; perform project management; lead others; data science; international business; Source (digital game creation systems)
6,Software Systems,Kauno kolegija / Higher Education Institution,FULL STACK PROGRAMUOTOJAS (-A),,Vilnius,https://en.cvbankas.lt/full-stack-programuotojas-a-vilniuje/1-13749131,0.1537,0.5207,ICT project management methodologies; MySQL; PostgreSQL; tools for software configuration management; SQL; database management systems; Android (mobile operating systems)
7,Software Systems,Kauno kolegija / Higher Education Institution,DevOps and Cloud Engineer,,"Kaunas, Kaunas, Lithuania",https://www.linkedin.com/jobs/view/4387402181/?eBP=CwEAAAGdXVJzL3zb3qq3YKLU8yyFMsWaz6tWTfyW8Y0sXjol4QoUgIWYqlZjYtXDEXj95Lu9P0cqs4f6VcAc3zcmQ2-F3CGjLw0JYaahXxzLZ8QDERouaF9lG-fSyd7OcsyzSo54TWmAAsUukcJNHQyzYZbB-t3mHVXpkIQWBNT2QgPkgrb-YQSzTOvbQ4OL0N_SCQ0DsKAH9HxbBbl0lfeeLNJIHMGGGPUvAnyLzy9YjBxTNgwJsZGK9ammlfywoZZERcvlOk5Vm8Ihc0I3wfOkNLv32v8TwyyVauA-ybqS2ZpxON1RX6qi8TtwaTyQCumOzA1sVvPEsfyQ5cI9rF6BKYmp0oaGmnb2DkW9V1EXWMrz17NT1_viTFITxvndmKvMEWNkiLdPNKD-eTVXoDSuyddSxkiVHH7_h1lN1Yh4oo8lpomCndN5Ig3E_ocuzo094krKWPnGKw47-SHGU3mpxJGvXE7q4j4kM1DllhPXhK_hWMCY3OZKjwViNl8VL8sd84n1Lz1AimmWhfTMyMJPoEllfj0e2tJDQuFmU8Kd&refId=9cGkUbOOhOKqDBgZIBV0VQ%3D%3D&trackingId=al3Ay%2F7mgk6FRgl5KDAqFA%3D%3D&trk=flagship3_search_srp_jobs,0.1466,0.5013,DevOps; ICT project management methodologies; troubleshoot; Jenkins (tools for software configuration management); implement ICT recovery system; computer programming; Puppet (tools for software configuration management); customer relationship management; real estate market; plan
8,Software Systems,Kauno kolegija / Higher Education Institution,SENIOR ERP SISTEMŲ (JAVA/KITA KALBA) PROGRAMUOTOJAS,,Kaunas,https://en.cvbankas.lt/senior-erp-sistemu-java-kita-kalba-programuotojas-kaune/1-13753585,0.1357,0.496,PostgreSQL; SQL Server; customer relationship management; tools for software configuration management; SQL; ICT project management methodologies; Scala; think innovatively
9,Software Systems,Kauno kolegija / Higher Education Institution,DATA ENGINEER with verification,,Lithuania (Remote),https://www.linkedin.com/jobs/view/4328710459/?eBP=CwEAAAGdXVTxFfylTwn5FhVuExSS7O-QXtgOj66BYmJuT5ZfOGG6DXV-oxGHbbtbJgiMgw4aIbELH0z0XdfK0KxiiVLl5qoU_qaRDBIAtoH7rHeH63gx-MsOsG4jNF1YJz7qO6rHJrt4UXi6PklDI9PiknyDtc45vcS-SRwv9JsqlXcmnzIuMDQMAZrNjYRYwsaWOqxkSeTrgF0-7kSy0R4UUFQVnU3bJaoCFX8H53e-Ji-c6X1YoegRyKsZQIZxZKAQnimjF6Hc56yr8jj13jo8g8UvIdDQHACtd6sTRMgZa_9fZVUaMwmZhQdOgtsGMLC-j20oepaYXfUXBTIXvNuT28H8awvc3wmt3VIfqa9z3wDd79JuqGUPDdId2b1fsQhbsvdbGSj7aHxRfmqKSb1rQ92bDSswLi46M189lsUQyU11HAYoluucRLLjaIqqDrFG0k9FK8ou5gk5_VexVfZW_FIy7nRx_36ni7VgVlTD50VQWLiHl_p1yOOVyc6LzuEem6ITm887Tgmia67EAVVRRXvW5NAczFSpJp4tug&refId=8E32x5IjZ%2BhE0AVcGSKhpw%3D%3D&trackingId=XMB19EEnT64C5KFJO5HxtA%3D%3D&trk=flagship3_search_srp_jobs,0.124,0.4868,"ICT project management methodologies; data extraction, transformation and loading tools; troubleshoot; blueprints; plan; tools for software configuration management; data protection; Source (digital game creation systems); business intelligence; data warehouse"
10,Software Systems,Kauno kolegija / Higher Education Institution,Software Test Manager,,"Vilnius, Vilniaus, Lithuania (Hybrid)",https://www.linkedin.com/jobs/view/4396864190/?eBP=CwEAAAGdXVntZ7QsJYdUiu8Quf2GLuTTaOTbIIsW9fX6b22tbTV_bzCb37ZozkiX5KRayb4GUv1BQqTcF7_xxu1CYrOUTFAmTQpvL7WT0ezznSeyoo8tnS53k7PdamQpWdQE1UqDd7UvGyrO1-0tV8CO0vUXpvrzw61sQgCd5Hiue2Y5R-jNfHa-q8RJNHvUIL_k3YxcMjH_qkx18ch3tLAo8yOgjkGhc12AyiXwuae_8KXKt_xLmPlZdxJtcYohz3FYc3kq0nk8on8MGllXZaxDvi-BS_yRekVzrT83rzBbrsJ74A5-3oZop43Bv6dA_BI_mZrIOpqt0DBlzABSMeQ09ktdQGYEnLc0DhN4inH40tN8PywrJJhOooLoF1Mmoi7Do5ibMrpf3YfKlPOdQvgxDVErgdj_fZ5nydCszfqkhj5q3Bo97h_xdUrfPxP-bIcziNhX-reFZKVmE_9Xh5AnemC5pN9OswbRXPtpfZLXTkCiCj78YIoAA-66Vr54GB0t1Q04kYNIOnwq30xG7nUUr6F6J_Q&refId=6GiEAUVSkDxSu6caJTFUxQ%3D%3D&trackingId=xn00lydtjakgzkFEZO4imw%3D%3D&trk=flagship3_search_srp_jobs,0.1105,0.4899,plan; manage tests; ICT project management methodologies; manage time; lead others; mechanical systems; embedded systems; troubleshoot; electronics; lean manufacturing
1,Software Systems,Kaunas University of Technology,AI Engineer (Applied AI) with verification,,"Vilnius, Vilniaus, Lithuania (Hybrid)",https://www.linkedin.com/jobs/view/4354609788/?eBP=CwEAAAGdXU_3Lpjva5gehuwkyxZOOeCMBLNABZouwvt95moQqldkZj82d9MFxAibHKwvHcRydrXa6rtBTFPsNBV4zX_5A9KyNJf_-ofgUfq-YZy77hlw36EosJqJdYRk9kmsGtqraQU9QmeTS5B89rNfVK9JUwgH9JOInDbgeM7epx921DQd72SXaWo1M0sb7HPrANFJ8FeiSgJOGh6xnkYWXMiBHEXNBJAecBgWS__K1NYvsYF60BZMbiTaH_Fm_SaXOiAcdqqFCab_EOtkdZzXKLDlT-W5wJSMXMeTqBv0slR8E8kDATovomB-czBgotIfWw9P9QX5o2s3qOh9QNMYse5ipOuzs1PSB2z1LQ3vhmi-GmGjkSX-MNTAPOgg2fRDV8aFmuACRRT6zWk8hRzE0XZd-FYmj-XKmqo9Veo0dJ62XkYlmgHz8aSHlLU9FV4-GypB9bSK156pWGRrTqxwjjyRrbfPWrduFwS0Rf7o30kJlFxUrKo8awCgQca5ifXdmZIc2QR8EekFCC7YSUkcjXohNje0D35mC3QLNQ&refId=wk4fVenEURubDB1Ehtm5HQ%3D%3D&trackingId=t02SStjRfp6kvPP77%2BKNiw%3D%3D&trk=flagship3_search_srp_jobs,0.2021,0.519,dies; computer technology; Python (computer programming); assume responsibility
2,Software Systems,Kaunas University of Technology,IT ADMINISTRATORIUS (-Ė),,Klaipėda,https://en.cvbankas.lt/it-administratorius-e-klaipedoje/1-13759179,0.1684,0.504,customer relationship management; troubleshoot; manage time; accounting; automation technology; mechanical systems; computer technology
3,Software Systems,Kaunas University of Technology,Senior / Mid Software Engineer (.NET / Delphi) I Teltonika Security,,Vilnius,https://en.cvbankas.lt/senior-mid-software-engineer-net-delphi-i-teltonika-security-vilniuje/1-13750671,0.1558,0.5317,C#; firmware; migration; program firmware; Pascal (computer programming); lead others; demonstrate curiosity; industrial research and development
4,Software Systems,Kaunas University of Technology,Programuotojas / AI (DI) inžinierius,,Vilnius,https://en.cvbankas.lt/programuotojas-ai-di-inzinierius-vilniuje/1-13706229,0.1468,0.4972,business processes; solution deployment; tools for software configuration management; computer technology; SQL
5,Software Systems,Kaunas University of Technology,IT inžinierius (-ė),,Kaunas,https://en.cvbankas.lt/it-inzinierius-e-kaune/1-13753731,0.1368,0.5075,solve technical problems; computer equipment; troubleshoot; maintain equipment; computer technology; accounting; electrical equipment components; manufacturing processes; cyber security; electronics
6,Software Systems,Kaunas University of Technology,IT INFRASTRUKTŪROS ADMINISTRATORIUS (-Ė),,Klaipėda,https://en.cvbankas.lt/it-infrastrukturos-administratorius-e-klaipedoje/1-13736439,0.1337,0.5032,cyber security; accounting; troubleshoot; computer technology; manage closed-circuit television system; assume responsibility; business processes; make independent operating decisions; renewable energy; manage digital documents
7,Software Systems,Kaunas University of Technology,.NET Developer,,Kaunas,https://en.cvbankas.lt/net-developer-kaune/1-13546657,0.1274,0.5231,JavaScript; style sheet languages; ICT project management methodologies; SQL Server; web services; business processes; environmental engineering; SQL; financial management
8,Software Systems,Kaunas University of Technology,Python Developer,,Kaunas,https://en.cvbankas.lt/python-developer-kaune/1-13706605,0.1169,0.5249,childbirth; business intelligence; machine learning; team building; web services; Python (computer programming); perform cleaning duties; computer technology; SQL; computer vision
9,Software Systems,Kaunas University of Technology,Full-stack software engineer,,Vilnius,https://en.cvbankas.lt/full-stack-software-engineer-vilniuje/1-12689751,0.1152,0.5286,JavaScript; TypeScript; Java (computer programming); ICT project management methodologies; computer technology; SQL; liquidity management; financial products
10,Software Systems,Kaunas University of Technology,DevOps and Cloud Engineer,,"Kaunas, Kaunas, Lithuania",https://www.linkedin.com/jobs/view/4387402181/?eBP=CwEAAAGdXVJzL3zb3qq3YKLU8yyFMsWaz6tWTfyW8Y0sXjol4QoUgIWYqlZjYtXDEXj95Lu9P0cqs4f6VcAc3zcmQ2-F3CGjLw0JYaahXxzLZ8QDERouaF9lG-fSyd7OcsyzSo54TWmAAsUukcJNHQyzYZbB-t3mHVXpkIQWBNT2QgPkgrb-YQSzTOvbQ4OL0N_SCQ0DsKAH9HxbBbl0lfeeLNJIHMGGGPUvAnyLzy9YjBxTNgwJsZGK9ammlfywoZZERcvlOk5Vm8Ihc0I3wfOkNLv32v8TwyyVauA-ybqS2ZpxON1RX6qi8TtwaTyQCumOzA1sVvPEsfyQ5cI9rF6BKYmp0oaGmnb2DkW9V1EXWMrz17NT1_viTFITxvndmKvMEWNkiLdPNKD-eTVXoDSuyddSxkiVHH7_h1lN1Yh4oo8lpomCndN5Ig3E_ocuzo094krKWPnGKw47-SHGU3mpxJGvXE7q4j4kM1DllhPXhK_hWMCY3OZKjwViNl8VL8sd84n1Lz1AimmWhfTMyMJPoEllfj0e2tJDQuFmU8Kd&refId=9cGkUbOOhOKqDBgZIBV0VQ%3D%3D&trackingId=al3Ay%2F7mgk6FRgl5KDAqFA%3D%3D&trk=flagship3_search_srp_jobs,0.1144,0.5018,DevOps; ICT project management methodologies; troubleshoot; Jenkins (tools for software configuration management); Python (computer programming); implement ICT recovery system; computer technology; computer programming; Puppet (tools for software configuration management); customer relationship management
1,Software Engineering,Šiaulių valstybinė kolegija / Higher Education Institution,.NET programuotojas (-a),,Vilnius,https://en.cvbankas.lt/net-programuotojas-a-vilniuje/1-13750639,0.2914,0.5048,ICT project management methodologies; tools for software configuration management; control systems; develop strategy to solve problems; manage time; perform cleaning duties; computer technology; Agile development; web services
2,Software Engineering,Šiaulių valstybinė kolegija / Higher Education Institution,JAVA programuotojas (-a) (Integraciniams sprendimams),,Vilnius,https://en.cvbankas.lt/java-programuotojas-a-integraciniams-sprendimams-vilniuje/1-13749639,0.2587,0.5251,ICT project management methodologies; tools for software configuration management; web services; control systems; manage time; perform cleaning duties; computer technology; Agile development; develop strategy to solve problems; web application security threats
3,Software Engineering,Šiaulių valstybinė kolegija / Higher Education Institution,FULL STACK PROGRAMUOTOJAS (-A),,Vilnius,https://en.cvbankas.lt/full-stack-programuotojas-a-vilniuje/1-13749131,0.2319,0.5473,ICT project management methodologies; MySQL; PostgreSQL; statistics; computer technology; tools for software configuration management; Android (mobile operating systems)
4,Software Engineering,Šiaulių valstybinė kolegija / Higher Education Institution,Vyr. sistemų analitikas (-ė) (NTR modernizavimui),,Vilnius,https://en.cvbankas.lt/vyr-sistemu-analitikas-e-ntr-modernizavimui-vilniuje/1-13768673,0.177,0.506,provide technical documentation; manage time; computer technology; accounting; create solutions to problems; think analytically; assume responsibility; demonstrate curiosity; plan; develop strategy to solve problems
5,Software Engineering,Šiaulių valstybinė kolegija / Higher Education Institution,DIRBTINIO INTELEKTO INŽINIERĖ (-IUS) IT skyriuje,,Vilnius,https://en.cvbankas.lt/dirbtinio-intelekto-inziniere-ius-it-skyriuje-vilniuje/1-13749365,0.1595,0.5096,machine learning; statistics; computer technology; think analytically; show entrepreneurial spirit
6,Software Engineering,Šiaulių valstybinė kolegija / Higher Education Institution,PHP programuotojas (-a) | Mid / Strong Mid,,Vilnius,https://en.cvbankas.lt/php-programuotojas-a-mid-strong-mid-vilniuje/1-13752651,0.1591,0.5057,logic; MySQL; cooperate with colleagues; computer technology
7,Software Engineering,Šiaulių valstybinė kolegija / Higher Education Institution,PHP PROGRAMUOTOJAS (-A),,Kaunas,https://en.cvbankas.lt/php-programuotojas-a-kaune/1-12323705,0.1397,0.5023,tools for software configuration management; style sheet languages; plan; team building; manage time; assume responsibility; computer technology; JavaScript; MySQL; electronic communication
8,Software Engineering,Šiaulių valstybinė kolegija / Higher Education Institution,Full-stack software engineer,,Vilnius,https://en.cvbankas.lt/full-stack-software-engineer-vilniuje/1-12689751,0.1383,0.5049,TypeScript; logic; ICT project management methodologies; computer technology; JavaScript; liquidity management; financial products; economics
9,Software Engineering,Šiaulių valstybinė kolegija / Higher Education Institution,BI programuotojas (-a),,Kaunas,https://en.cvbankas.lt/bi-programuotojas-a-kaune/1-13753903,0.1352,0.5105,computer technology; mathematics; statistics; business intelligence
10,Software Engineering,Šiaulių valstybinė kolegija / Higher Education Institution,IT administratorius (-ė) (Vilniaus oro uostas),,Vilnius,https://en.cvbankas.lt/it-administratorius-e-vilniaus-oro-uostas-vilniuje/1-9300478,0.1244,0.5091,consultation; solve problems; plan; assume responsibility; electrical equipment components; computer technology; root cause analysis; troubleshoot; implement ICT recovery system; cyber security
1,Software Engineering,Vilniaus kolegija / Higher Education Institution,Full-Stack Developer – Remote,,Vilnius,https://en.cvbankas.lt/full-stack-developer-remote-vilniuje/1-13726333,0.2198,0.5332,Lithuanian; MySQL; manage time; JavaScript; environmental management standards; logic; TypeScript; think analytically; childbirth; create prototype of user experience solutions
2,Software Engineering,Vilniaus kolegija / Higher Education Institution,DIRBTINIO INTELEKTO INŽINIERĖ (-IUS) IT skyriuje,,Vilnius,https://en.cvbankas.lt/dirbtinio-intelekto-inziniere-ius-it-skyriuje-vilniuje/1-13749365,0.1911,0.5223,Lithuanian; think analytically; show entrepreneurial spirit
3,Software Engineering,Vilniaus kolegija / Higher Education Institution,.NET Developer,,Kaunas,https://en.cvbankas.lt/net-developer-kaune/1-13546657,0.1893,0.555,style sheet languages; Lithuanian; ICT project management methodologies; SQL Server; business processes; environmental engineering; JavaScript; SQL; financial management
4,Software Engineering,Vilniaus kolegija / Higher Education Institution,FullStack Python Developer with verification,,"Vilnius, Vilniaus, Lithuania (Hybrid)",https://www.linkedin.com/jobs/view/4397055292/?eBP=CwEAAAGdXV7qcMGS6LXG68M9jyD_Wx749gOLOeq7ulGtvJRiSREe2Pbk-tMyxJeVXBT7j28w7phVPHE29ay7FyCXsSAPls-Cffux0xRyzwIa0H6ELPxwIxserGSCFIYdGGXKm-GaIXS1OfoDNlcnOjl9Df2M1hTPKlz1bPXRcan6qRrIywhm8LwwTJ4T-u4mSoXjaOyYanPG9OX8ufX2N5-xYV783XtwCh5R4HSjJxvowy3351a_6nPYBbeSOR9wTGjp6rglq4nqo2dDHJN9vAN6CoA0FoDlJVz6n1Q0ZYnpob0iijolTazltECPoQ5qpmINjzqX4O-Uf8EVMMR-fCuhp2ktzdNlBiFxLITTNL8tERTUetEA5KAGD5OlMiuKHJdQZgapGCAaVHaSZPNpcFx278GHn_Isn6pCdYyjZAQWH-scPAOd67Tc6OcKPu_5brkjw7qF0ediPrmhx10Ytbsr16G4-D7_0bLL3ibEsSdvZWVFDpyX7BsbluVNt4K5rlnMi_wYhe20cqO1VoEPAwxGweR_bLcfiYCAIKDuSg&refId=HhPeAkJF%2Farwnyvi01gbww%3D%3D&trackingId=XxIb%2B1fKMb0oyFs720p98A%3D%3D&trk=flagship3_search_srp_jobs,0.1891,0.5273,Java (computer programming); DevOps; automation technology; ICT project management methodologies; tools for software configuration management; dies; SQL; NoSQL; data engineering; IBM WebSphere
5,Software Engineering,Vilniaus kolegija / Higher Education Institution,Infrastructure Automation Engineer (Linux / DevOps),,Kaunas,https://en.cvbankas.lt/infrastructure-automation-engineer-linux-devops-kaune/1-13755285,0.1806,0.5271,DevOps; tools for software configuration management; ICT project management methodologies; troubleshoot; Jenkins (tools for software configuration management); implement ICT recovery system; web application security threats; building automation; risk management; work independently
6,Software Engineering,Vilniaus kolegija / Higher Education Institution,Sr. Python Full Stack Engineer with verification,,"Vilnius, Vilniaus, Lithuania (Hybrid)",https://www.linkedin.com/jobs/view/4380601562/?eBP=CwEAAAGdXVTxFM0e-H3OEeqIU-HgC5cjT7e2vC_4xXNNXxM1nMMWjUiff8EnNHbARzGpnVUNm4h7JexZi7FrxrpsrVYhSIEsLgtaLNjm93d4Jz2gG2Q_Thy8r5V2AF6A1DuNXL_6wdLNXSnpsB41bez_d-XwULXZFgF39aJZzJVq4-OXnd6pdbxwjEK0bjTcOwzjTY__rpCCXVGntuTmkMLKUh9_VXoDIL25-yI_leBcUvOiQvWq9Dr8AuQOapiuS_0LmOf6fsi_yuWyPyrxQVSdiO0P9VbHkbjrNEXVA2MxvbJXsAjiOj2ikJXPoWbsFv1u2IBGlI8F2bO-PHAVxkZGY5S9yxqDvLT747EOJulmpNxEJ_oDRhKZxLUSfU6ttEY_OTOZ7pVgsVdAR509ht-_y0rZ3OJEZfSO_FYenGOB08pzRj17yeYgcdu_0pq_AzPYCJv3ItF3Gvc0_KwX609RHEM4aE-PSLQ4nyuD1TZeba7gxx7uGxT2JSubcbUjqpDmxUtUf5nmuYJxWVSUSy3Rr7WHq0HXxw&refId=8E32x5IjZ%2BhE0AVcGSKhpw%3D%3D&trackingId=SJB%2Fov6LF5P0I%2FHsRCsKAA%3D%3D&trk=flagship3_search_srp_jobs,0.1786,0.5285,"TypeScript; DevOps; work independently; Jenkins (tools for software configuration management); data extraction, transformation and loading tools; JavaScript; data engineering; ML (computer programming)"
7,Software Engineering,Vilniaus kolegija / Higher Education Institution,Data Scientist / AI Engineer with verification,,"Vilnius, Vilniaus, Lithuania (On-site)",https://www.linkedin.com/jobs/view/4378189302/?eBP=CwEAAAGdXVTxFMm-4oPYFNosv8Vf7Vsb1WuHxZHn1TZFI315fEJU7OFidrXII-DqPZrfrJIgaGKhRs8AUBf_ux485rW8KssKzCz7NdMMYlAC2uyM2tM8bEddorYX5YWfyFVB07UL2mAYGVaoelQVkolalAXP676UGgk2qs-Uj0ulo27RsevBdAoszoIYkWZWvH9lK-mTMGrx_PWUz5IP1Kf4M5K4IF-gwxyWRi4qpnBnlqpdCHGGv3KYFUD7RhHM5z6L1S93nGWJ5Yv6vjcofk-i7GvULxBCddQPxocU_WDHAf27uZ4amKO1fWa02UPll5f9bdZFgRXCD6Wwyi5JXttGWLGsAcBfUVbG9LdLi_wBW1HZBB1FZ3cLfNL2RDoN4JE6lSnCqJjLvGVFqFz0PbByxh4lNdd-h_QXLLF6xcOyqr6Q-Z1iFoe_ULyugiqIXY4SKq8At-InYo9iOiOG3cy8p6e6ajE30HkjtIZePtMBst1REGSSsIdURDjW2R1-eqEBQfERWPL3iG09H_fKKQxEvn8enGI6WYxkhQCl1bWZ&refId=8E32x5IjZ%2BhE0AVcGSKhpw%3D%3D&trackingId=6mOXpn4lFQrodgSou4vGSg%3D%3D&trk=flagship3_search_srp_jobs,0.1706,0.6095,PostgreSQL; computer vision; unstructured data; cognitive computing; negotiate with stakeholders; assume responsibility; demonstrate curiosity; SQL; NoSQL; ML (computer programming)
8,Software Engineering,Vilniaus kolegija / Higher Education Institution,Full stack developer with verification,,"Vilnius, Vilniaus, Lithuania (Hybrid)",https://www.linkedin.com/jobs/view/4372609852/?eBP=CwEAAAGdXU_zAXfyj33quo4hBhSxWg1MWkU3rN_b6lHUlGLvOMoNMO4jsvgffLMy7ZkBT9xJ0iXvAFevUofirzztr0qFQqf5fNU9ZrYTLwLmGot7Nvwf37hRADwiNfTimU1yhowPXI8Q_9DgiMr1zuiPYnboZSNSwBbrNmR4yUSePH6XapixPwz8qlcn4T-k3HmArQp2-0wGsn4vbfHQdwp2EgRdv9ObazE7ADDZsiNwU2zFzkqIlbx2w-prwZuHLwfVF0iyrzcunN3dvuCsvGGzmc63XjE5ryvaWzGT5p54eBcsaNAhsKFcvwllzILKNsUPZ32v-TrJR2SgQgaHGfyHDoEe_91T0QXQ8WnulSX6P048bcfwUWVSZV_hkuH-HjCkXsZ9RmHqr6sbwrCiKN9KxVCMsDN5FQjcQPzkoZacceNRBqs1K5pGjyi3R-fPD7OkS52jK_Ly_Kx7xCRCqxntMURbWluyN17LhURFEc1gE-bjcXad2TLDrjNLsVbz9uurnQCjNjT6gHvpsT0WOgcrP7drHTrxtQ&refId=6i6qglSW0W6eFOYOHvBmjw%3D%3D&trackingId=G30vqdoia52YCAqRT3YMrw%3D%3D&trk=flagship3_search_srp_jobs,0.1704,0.5762,TypeScript; style sheet languages; DevOps; ICT project management methodologies; tools for software configuration management; demonstrate curiosity; Jenkins (tools for software configuration management); JavaScript; data analytics; dies
9,Software Engineering,Vilniaus kolegija / Higher Education Institution,Python Developer,,Kaunas,https://en.cvbankas.lt/python-developer-kaune/1-13706605,0.1655,0.5636,childbirth; business intelligence; work independently; team building; make decisions; perform cleaning duties; SQL; computer vision; life sciences; plan
10,Software Engineering,Vilniaus kolegija / Higher Education Institution,WEB SCRAPING ENGINEER,,Work from home,https://en.cvbankas.lt/web-scraping-engineer-darbas-namuose/1-13758709,0.163,0.5143,ICT encryption; develop strategy to solve problems; grammar
1,Software Engineering,Vilnius University,Low-code programuotojas,,Vilnius,https://en.cvbankas.lt/low-code-programuotojas-vilniuje/1-13209207,0.4891,0.424,JavaScript; think analytically; troubleshoot; maintain equipment
2,Software Engineering,Vilnius University,"Youth LAB – Application Support intern | SEB Group, Vilnius",,Vilnius,https://en.cvbankas.lt/youth-lab-application-support-intern-seb-group-vilnius-vilniuje/1-13713017,0.2393,0.4521,communication; ICT project management methodologies; economics; brainstorm ideas; leasing process; assume responsibility
3,Software Engineering,Vilnius University,WEB programuotojas (-a) Informacinių technologijų paslaugų centre,,Vilnius,https://en.cvbankas.lt/web-programuotojas-a-informaciniu-technologiju-paslaugu-centre-vilniuje/1-13768839,0.1765,0.4259,JavaScript; troubleshoot; MySQL; work independently; ICT project management methodologies; manage time; use online tools to collaborate; tools for software configuration management; consultation; digitization
4,Software Engineering,Vilnius University,.NET programuotojas (-a),,Vilnius,https://en.cvbankas.lt/net-programuotojas-a-vilniuje/1-13749675,0.1677,0.4307,SQL; C#; SQL Server; work independently; computer programming; think analytically; manage time; think creatively; ICT project management methodologies; use online tools to collaborate
5,Software Engineering,Vilnius University,JAVA programuotojas (-a) (Integraciniams sprendimams),,Vilnius,https://en.cvbankas.lt/java-programuotojas-a-integraciniams-sprendimams-vilniuje/1-13749639,0.1553,0.4533,Java (computer programming); ICT project management methodologies; tools for software configuration management; SQL; morality; Agile development; web services; control systems; manage time; think creatively
6,Software Engineering,Vilnius University,DIRBTINIO INTELEKTO INŽINIERĖ (-IUS) IT skyriuje,,Vilnius,https://en.cvbankas.lt/dirbtinio-intelekto-inziniere-ius-it-skyriuje-vilniuje/1-13749365,0.1404,0.4236,work in teams; machine learning; statistics; think analytically; show entrepreneurial spirit
7,Software Engineering,Vilnius University,Jaunesnysis IT inžinierius,,Vilnius,https://en.cvbankas.lt/jaunesnysis-it-inzinierius-vilniuje/1-13409158,0.1305,0.415,communication; troubleshoot; maintain equipment; Polish; asset management; delegate responsibilities; cyber security; business processes; solve problems; make decisions
8,Software Engineering,Vilnius University,Java programuotojas (-a),,Vilnius,https://en.cvbankas.lt/java-programuotojas-a-vilniuje/1-13758515,0.1036,0.4387,Java (computer programming); personal development; TypeScript; make decisions; web services; tools for software configuration management; perform cleaning duties; SQL; DevOps; NoSQL
9,Software Engineering,Vilnius University,SISTEMŲ ADMINISTRATORIUS (-Ė),,Kaunas,https://en.cvbankas.lt/sistemu-administratorius-e-kaune/1-13753729,0.0992,0.4694,communication; SQL; solve problems; operating systems; troubleshoot; operate relational database management system; electrical equipment components; mechanical systems; cyber security; MySQL
10,Software Engineering,Vilnius University,Sistemos ekspertas (-ė),,Vilnius,https://en.cvbankas.lt/sistemos-ekspertas-e-vilniuje/1-13751383,0.098,0.4383,communication; troubleshoot; organise training; manage time; maintenance operations; cyber security; business processes; work independently; transportation engineering; statistics
