{
  "n_programmes": 47,
  "n_jobs": 520,
  "n_pairs": 24440,
  "top_n": 20,
  "scores": {
    "cosine_combined": {
      "all_mean": 0.3194175362586975,
      "all_median": 0.3173181414604187,
      "all_max": 0.6952472925186157,
      "top_n_mean": 0.5253461599349976
    },
    "dot_combined": {
      "all_mean": 0.3194175362586975,
      "all_median": 0.3173181414604187,
      "all_max": 0.695247232913971,
      "top_n_mean": 0.5253461599349976
    },
    "cosine_brief": {
      "all_mean": 0.0,
      "all_median": 0.0,
      "all_max": 0.0,
      "top_n_mean": 0.0
    },
    "dot_brief": {
      "all_mean": 0.0,
      "all_median": 0.0,
      "all_max": 0.0,
      "top_n_mean": 0.0
    },
    "cosine_extended": {
      "all_mean": 0.343913197517395,
      "all_median": 0.3465898633003235,
      "all_max": 0.6840609312057495,
      "top_n_mean": 0.5137235522270203
    },
    "dot_extended": {
      "all_mean": 0.343913197517395,
      "all_median": 0.3465898334980011,
      "all_max": 0.6840609312057495,
      "top_n_mean": 0.5137234926223755
    }
  }
}