{
  "n_programmes": 46,
  "n_jobs": 397,
  "n_pairs": 18262,
  "top_n": 20,
  "scores": {
    "cosine_combined": {
      "all_mean": 0.3426556885242462,
      "all_median": 0.3467966914176941,
      "all_max": 0.6840609312057495,
      "top_n_mean": 0.5231782793998718
    },
    "dot_combined": {
      "all_mean": 0.3426556885242462,
      "all_median": 0.3467966914176941,
      "all_max": 0.6840609312057495,
      "top_n_mean": 0.5231782793998718
    },
    "cosine_brief": {
      "all_mean": 0.0,
      "all_median": 0.0,
      "all_max": 0.0,
      "top_n_mean": 0.0
    },
    "dot_brief": {
      "all_mean": 0.0,
      "all_median": 0.0,
      "all_max": 0.0,
      "top_n_mean": 0.0
    },
    "cosine_extended": {
      "all_mean": 0.3412042260169983,
      "all_median": 0.3455515503883362,
      "all_max": 0.6840609312057495,
      "top_n_mean": 0.5194811224937439
    },
    "dot_extended": {
      "all_mean": 0.3412042260169983,
      "all_median": 0.34555160999298096,
      "all_max": 0.6840609312057495,
      "top_n_mean": 0.5194811224937439
    }
  }
}