{
  "n_programmes": 46,
  "n_jobs": 299,
  "n_pairs": 13754,
  "top_n": 20,
  "scores": {
    "cosine_combined": {
      "all_mean": 0.3659493029117584,
      "all_median": 0.3655003309249878,
      "all_max": 0.6840606331825256,
      "top_n_mean": 0.5211092233657837
    },
    "dot_combined": {
      "all_mean": 0.3659493029117584,
      "all_median": 0.3655003309249878,
      "all_max": 0.6840605735778809,
      "top_n_mean": 0.5211092233657837
    },
    "cosine_brief": {
      "all_mean": 0.0,
      "all_median": 0.0,
      "all_max": 0.0,
      "top_n_mean": 0.0
    },
    "dot_brief": {
      "all_mean": 0.0,
      "all_median": 0.0,
      "all_max": 0.0,
      "top_n_mean": 0.0
    },
    "cosine_extended": {
      "all_mean": 0.3645140528678894,
      "all_median": 0.36461693048477173,
      "all_max": 0.6840606331825256,
      "top_n_mean": 0.5177305340766907
    },
    "dot_extended": {
      "all_mean": 0.3645140826702118,
      "all_median": 0.36461693048477173,
      "all_max": 0.6840605735778809,
      "top_n_mean": 0.5177305340766907
    }
  }
}