{
  "n_programmes": 45,
  "n_jobs": 520,
  "n_pairs": 23400,
  "top_n": 20,
  "scores": {
    "cosine_combined": {
      "all_mean": 0.36291345953941345,
      "all_median": 0.36348825693130493,
      "all_max": 0.7643983364105225,
      "top_n_mean": 0.528379499912262
    },
    "dot_combined": {
      "all_mean": 0.3629133999347687,
      "all_median": 0.3634883165359497,
      "all_max": 0.7643982768058777,
      "top_n_mean": 0.5283794403076172
    },
    "cosine_brief": {
      "all_mean": 0.0,
      "all_median": 0.0,
      "all_max": 0.0,
      "top_n_mean": 0.0
    },
    "dot_brief": {
      "all_mean": 0.0,
      "all_median": 0.0,
      "all_max": 0.0,
      "top_n_mean": 0.0
    },
    "cosine_extended": {
      "all_mean": 0.37499329447746277,
      "all_median": 0.37551069259643555,
      "all_max": 0.7362016439437866,
      "top_n_mean": 0.5124890208244324
    },
    "dot_extended": {
      "all_mean": 0.37499329447746277,
      "all_median": 0.37551066279411316,
      "all_max": 0.7362016439437866,
      "top_n_mean": 0.5124889612197876
    }
  }
}