{
  "n_programmes": 46,
  "n_jobs": 520,
  "n_pairs": 23920,
  "top_n": 20,
  "scores": {
    "cosine_combined": {
      "all_mean": 0.3462405204772949,
      "all_median": 0.3489084243774414,
      "all_max": 0.6840609312057495,
      "top_n_mean": 0.5343490839004517
    },
    "dot_combined": {
      "all_mean": 0.3462405502796173,
      "all_median": 0.3489084243774414,
      "all_max": 0.6840609312057495,
      "top_n_mean": 0.5343490839004517
    },
    "cosine_brief": {
      "all_mean": 0.0,
      "all_median": 0.0,
      "all_max": 0.0,
      "top_n_mean": 0.0
    },
    "dot_brief": {
      "all_mean": 0.0,
      "all_median": 0.0,
      "all_max": 0.0,
      "top_n_mean": 0.0
    },
    "cosine_extended": {
      "all_mean": 0.3447558879852295,
      "all_median": 0.3475438356399536,
      "all_max": 0.6840609312057495,
      "top_n_mean": 0.5307097434997559
    },
    "dot_extended": {
      "all_mean": 0.3447558879852295,
      "all_median": 0.3475438356399536,
      "all_max": 0.6840609312057495,
      "top_n_mean": 0.5307097434997559
    }
  }
}