{
  "n_programmes": 45,
  "n_jobs": 520,
  "n_pairs": 23400,
  "top_n": 20,
  "scores": {
    "cosine_combined": {
      "all_mean": 0.3647735118865967,
      "all_median": 0.3653678297996521,
      "all_max": 0.7643983364105225,
      "top_n_mean": 0.5294394493103027
    },
    "dot_combined": {
      "all_mean": 0.3647734820842743,
      "all_median": 0.3653678297996521,
      "all_max": 0.7643982768058777,
      "top_n_mean": 0.5294394493103027
    },
    "cosine_brief": {
      "all_mean": 0.0,
      "all_median": 0.0,
      "all_max": 0.0,
      "top_n_mean": 0.0
    },
    "dot_brief": {
      "all_mean": 0.0,
      "all_median": 0.0,
      "all_max": 0.0,
      "top_n_mean": 0.0
    },
    "cosine_extended": {
      "all_mean": 0.3789694309234619,
      "all_median": 0.37940746545791626,
      "all_max": 0.7362016439437866,
      "top_n_mean": 0.5161893963813782
    },
    "dot_extended": {
      "all_mean": 0.3789694309234619,
      "all_median": 0.37940746545791626,
      "all_max": 0.7362016439437866,
      "top_n_mean": 0.5161893963813782
    }
  }
}