{
  "n_programmes": 46,
  "n_jobs": 390,
  "n_pairs": 17940,
  "top_n": 20,
  "scores": {
    "cosine_combined": {
      "all_mean": 0.34367460012435913,
      "all_median": 0.3477987051010132,
      "all_max": 0.676106870174408,
      "top_n_mean": 0.5211736559867859
    },
    "dot_combined": {
      "all_mean": 0.34367460012435913,
      "all_median": 0.3477987051010132,
      "all_max": 0.676106870174408,
      "top_n_mean": 0.5211736559867859
    },
    "cosine_brief": {
      "all_mean": 0.0,
      "all_median": 0.0,
      "all_max": 0.0,
      "top_n_mean": 0.0
    },
    "dot_brief": {
      "all_mean": 0.0,
      "all_median": 0.0,
      "all_max": 0.0,
      "top_n_mean": 0.0
    },
    "cosine_extended": {
      "all_mean": 0.3422086536884308,
      "all_median": 0.34642982482910156,
      "all_max": 0.676106870174408,
      "top_n_mean": 0.5174738764762878
    },
    "dot_extended": {
      "all_mean": 0.3422086536884308,
      "all_median": 0.34642982482910156,
      "all_max": 0.676106870174408,
      "top_n_mean": 0.5174738764762878
    }
  }
}