{
  "n_programmes": 46,
  "n_jobs": 390,
  "n_pairs": 17940,
  "top_n": 20,
  "scores": {
    "cosine_combined": {
      "all_mean": 0.34429800510406494,
      "all_median": 0.34832537174224854,
      "all_max": 0.6840606331825256,
      "top_n_mean": 0.5231156349182129
    },
    "dot_combined": {
      "all_mean": 0.34429797530174255,
      "all_median": 0.34832537174224854,
      "all_max": 0.6840605735778809,
      "top_n_mean": 0.5231155753135681
    },
    "cosine_brief": {
      "all_mean": 0.0,
      "all_median": 0.0,
      "all_max": 0.0,
      "top_n_mean": 0.0
    },
    "dot_brief": {
      "all_mean": 0.0,
      "all_median": 0.0,
      "all_max": 0.0,
      "top_n_mean": 0.0
    },
    "cosine_extended": {
      "all_mean": 0.34282347559928894,
      "all_median": 0.34707939624786377,
      "all_max": 0.6840606331825256,
      "top_n_mean": 0.519453763961792
    },
    "dot_extended": {
      "all_mean": 0.34282347559928894,
      "all_median": 0.34707939624786377,
      "all_max": 0.6840605735778809,
      "top_n_mean": 0.519453763961792
    }
  }
}