{
  "n_programmes": 46,
  "n_jobs": 299,
  "n_pairs": 13754,
  "top_n": 20,
  "weighted_jaccard_all": {
    "mean": 0.03817371880454666,
    "median": 0.0340555944403728,
    "max": 0.18587190394353995
  },
  "weighted_jaccard_top_n": {
    "mean": 0.0921562382848119,
    "median": 0.09309121225594572
  },
  "overlap_coeff_all": {
    "mean": 0.22403583671327207,
    "median": 0.2052214742979356
  },
  "n_skill_gap_entries": 17416
}