{
  "n_programmes": 46,
  "n_jobs": 299,
  "n_pairs": 13754,
  "top_n": 20,
  "weighted_jaccard_all": {
    "mean": 0.030817341926567484,
    "median": 0.025574577539583702,
    "max": 0.17310983335868513
  },
  "weighted_jaccard_top_n": {
    "mean": 0.08331804961007576,
    "median": 0.08381261880878774
  },
  "overlap_coeff_all": {
    "mean": 0.18753992232202693,
    "median": 0.16198139757591945
  },
  "n_skill_gap_entries": 18177
}