{
  "parameters": {
    "semantic_top_n": 50,
    "alpha": 0.6,
    "gamma": 0.3,
    "delta": 0.2
  },
  "n_programmes": 46,
  "n_jobs_total": 172,
  "n_candidate_pairs": 2300,
  "hybrid_score": {
    "mean": 0.15314976543486383,
    "median": 0.1396200014382853,
    "max": 0.6261776618708903
  },
  "cosine_score": {
    "mean": 0.49210673570632935,
    "median": 0.4900470972061157
  },
  "programme_recall": {
    "mean": 0.1490843864869899,
    "median": 0.1366462388618488
  }
}