{
  "parameters": {
    "semantic_top_n": 50,
    "alpha": 0.6,
    "gamma": 0.3,
    "delta": 0.2
  },
  "n_programmes": 45,
  "n_jobs_total": 237,
  "n_candidate_pairs": 2250,
  "hybrid_score": {
    "mean": 0.08208528370192963,
    "median": 0.0652938395264939,
    "max": 0.5898376602439712
  },
  "cosine_score": {
    "mean": 0.497418075799942,
    "median": 0.4954603314399719
  },
  "programme_recall": {
    "mean": 0.14065731209357626,
    "median": 0.12770273049701958
  }
}