{
  "parameters": {
    "semantic_top_n": 50,
    "alpha": 0.5
  },
  "n_programmes": 46,
  "n_jobs_total": 173,
  "n_candidate_pairs": 2300,
  "hybrid_score": {
    "mean": 0.15687758760837925,
    "median": 0.13436970017490973,
    "max": 0.7823215126991272
  },
  "cosine_score": {
    "mean": 0.4906226694583893,
    "median": 0.48850828409194946
  },
  "programme_recall": {
    "mean": 0.25914581543706067,
    "median": 0.24277054163930176
  }
}