{
  "parameters": {
    "semantic_top_n": 50,
    "alpha": 0.6,
    "gamma": 0.3,
    "delta": 0.2
  },
  "n_programmes": 46,
  "n_jobs_total": 195,
  "n_candidate_pairs": 2300,
  "hybrid_score": {
    "mean": 0.0890242233748923,
    "median": 0.06809523347330146,
    "max": 0.5735379154827371
  },
  "cosine_score": {
    "mean": 0.5046379566192627,
    "median": 0.502703845500946
  },
  "programme_recall": {
    "mean": 0.14856950668172939,
    "median": 0.13590702767833113
  }
}