{
  "parameters": {
    "semantic_top_n": 50,
    "alpha": 0.6,
    "gamma": 0.3,
    "delta": 0.2
  },
  "n_programmes": 45,
  "n_jobs_total": 238,
  "n_candidate_pairs": 2250,
  "hybrid_score": {
    "mean": 0.08272640780512762,
    "median": 0.0656000384915501,
    "max": 0.7095451092774039
  },
  "cosine_score": {
    "mean": 0.4967438280582428,
    "median": 0.49552470445632935
  },
  "programme_recall": {
    "mean": 0.1396390144875357,
    "median": 0.12682863944818978
  }
}