{
  "parameters": {
    "semantic_top_n": 50,
    "alpha": 0.5
  },
  "n_programmes": 46,
  "n_jobs_total": 172,
  "n_candidate_pairs": 2300,
  "hybrid_score": {
    "mean": 0.2049429015519734,
    "median": 0.18721019376772452,
    "max": 0.7814716696739197
  },
  "cosine_score": {
    "mean": 0.49210673570632935,
    "median": 0.4900472164154053
  },
  "programme_recall": {
    "mean": 0.25571099354816,
    "median": 0.23900504282990498
  }
}