{
  "parameters": {
    "semantic_top_n": 50,
    "alpha": 0.6,
    "gamma": 0.3,
    "delta": 0.2
  },
  "n_programmes": 47,
  "n_jobs_total": 219,
  "n_candidate_pairs": 2350,
  "hybrid_score": {
    "mean": 0.09269914859142901,
    "median": 0.06875065932462657,
    "max": 0.6401043027639389
  },
  "cosine_score": {
    "mean": 0.4918285012245178,
    "median": 0.4882727265357971
  },
  "programme_recall": {
    "mean": 0.1417245868603329,
    "median": 0.13197153395229733
  }
}