{
  "parameters": {
    "semantic_top_n": 50,
    "alpha": 0.6
  },
  "n_programmes": 46,
  "n_jobs_total": 172,
  "n_candidate_pairs": 2300,
  "hybrid_score": {
    "mean": 0.16314180817439286,
    "median": 0.14922646154148733,
    "max": 0.6359122768891865
  },
  "cosine_score": {
    "mean": 0.49210673570632935,
    "median": 0.4900470972061157
  },
  "programme_recall": {
    "mean": 0.25571099354816,
    "median": 0.23900504282990498
  }
}