{
  "parameters": {
    "semantic_top_n": 50,
    "alpha": 0.6,
    "gamma": 0.3,
    "delta": 0.2
  },
  "n_programmes": 46,
  "n_jobs_total": 195,
  "n_candidate_pairs": 2300,
  "hybrid_score": {
    "mean": 0.08878949945309056,
    "median": 0.0679608002413497,
    "max": 0.5735379154827371
  },
  "cosine_score": {
    "mean": 0.5046379566192627,
    "median": 0.502703845500946
  },
  "programme_recall": {
    "mean": 0.15580226920925236,
    "median": 0.14258291839771947
  }
}