{
  "parameters": {
    "semantic_top_n": 50,
    "alpha": 0.6,
    "gamma": 0.3
  },
  "n_programmes": 45,
  "n_jobs_total": 238,
  "n_candidate_pairs": 2250,
  "hybrid_score": {
    "mean": 0.08814579214405369,
    "median": 0.07161964824851333,
    "max": 0.7095442152077323
  },
  "cosine_score": {
    "mean": 0.496743768453598,
    "median": 0.49552464485168457
  },
  "programme_recall": {
    "mean": 0.1065321021291772,
    "median": 0.09664195968302311
  }
}