{
  "parameters": {
    "semantic_top_n": 50,
    "alpha": 0.6,
    "gamma": 0.3,
    "delta": 0.2
  },
  "n_programmes": 47,
  "n_jobs_total": 219,
  "n_candidate_pairs": 2350,
  "hybrid_score": {
    "mean": 0.07986866880469178,
    "median": 0.05351943439961107,
    "max": 0.6401040643453598
  },
  "cosine_score": {
    "mean": 0.4918285012245178,
    "median": 0.4882727861404419
  },
  "programme_recall": {
    "mean": 0.1417245868603329,
    "median": 0.13197153395229733
  }
}