{
  "parameters": {
    "semantic_top_n": 50,
    "alpha": 0.5
  },
  "n_programmes": 46,
  "n_jobs_total": 172,
  "n_candidate_pairs": 2300,
  "hybrid_score": {
    "mean": 0.31232544472676094,
    "median": 0.28823688815787263,
    "max": 0.9427125732280337
  },
  "cosine_score": {
    "mean": 0.49218833446502686,
    "median": 0.4900471866130829
  },
  "programme_recall": {
    "mean": 0.2582084836769166,
    "median": 0.24332443654814345
  }
}