{
  "n_programmes": 45,
  "top_k": 10,
  "top1_agreements": 0,
  "top1_agreement_rate": 0.0,
  "spearman": {
    "sym_sem": {
      "mean": 0.286824544004842,
      "median": 0.28657788606606877,
      "std": 0.08543925014985747,
      "min": 0.08088388570681636,
      "max": 0.4293538701451272
    },
    "sym_hyb": {
      "mean": 0.07133709172715122,
      "median": 0.0771577604239436,
      "std": 0.16877037612008353,
      "min": -0.32547306072137383,
      "max": 0.48381520048799176
    },
    "sem_hyb": {
      "mean": 0.12952914499132984,
      "median": 0.15716686674669866,
      "std": 0.20498410636780118,
      "min": -0.40388955582232894,
      "max": 0.6057623049219687
    }
  },
  "jaccard": {
    "sym_sem_at_5": {
      "mean": 0.04074074074074074,
      "median": 0.0,
      "std": 0.06715937457805073,
      "min": 0.0,
      "max": 0.25
    },
    "sym_sem_at_10": {
      "mean": 0.0677101249856668,
      "median": 0.05263157894736842,
      "std": 0.07838557989198283,
      "min": 0.0,
      "max": 0.3333333333333333
    },
    "sym_hyb_at_5": {
      "mean": 0.009876543209876543,
      "median": 0.0,
      "std": 0.03197767022379465,
      "min": 0.0,
      "max": 0.1111111111111111
    },
    "sym_hyb_at_10": {
      "mean": 0.025364063754156632,
      "median": 0.0,
      "std": 0.04058375036532008,
      "min": 0.0,
      "max": 0.17647058823529413
    },
    "sem_hyb_at_5": {
      "mean": 0.08042328042328041,
      "median": 0.0,
      "std": 0.12229926733404467,
      "min": 0.0,
      "max": 0.42857142857142855
    },
    "sem_hyb_at_10": {
      "mean": 0.14808016773961044,
      "median": 0.1111111111111111,
      "std": 0.09480525965196308,
      "min": 0.0,
      "max": 0.42857142857142855
    }
  }
}