{
  "n_programmes": 45,
  "top_k": 10,
  "top1_agreements": 0,
  "top1_agreement_rate": 0.0,
  "spearman": {
    "sym_sem": {
      "mean": 0.2761723179142213,
      "median": 0.28366280551071016,
      "std": 0.08142515011529665,
      "min": 0.08602855984619132,
      "max": 0.40957092205414636
    },
    "sym_hyb": {
      "mean": 0.04972970335340365,
      "median": 0.03664129478615814,
      "std": 0.165809868569219,
      "min": -0.3084311932728337,
      "max": 0.4875846591106776
    },
    "sem_hyb": {
      "mean": 0.14843163932239561,
      "median": 0.1505402160864346,
      "std": 0.20239785483399564,
      "min": -0.24955582232893156,
      "max": 0.5721488595438174
    }
  },
  "jaccard": {
    "sym_sem_at_5": {
      "mean": 0.04197530864197531,
      "median": 0.0,
      "std": 0.07825929192539963,
      "min": 0.0,
      "max": 0.25
    },
    "sym_sem_at_10": {
      "mean": 0.06724572870083707,
      "median": 0.05263157894736842,
      "std": 0.08510093906340736,
      "min": 0.0,
      "max": 0.3333333333333333
    },
    "sym_hyb_at_5": {
      "mean": 0.009876543209876543,
      "median": 0.0,
      "std": 0.03197767022379465,
      "min": 0.0,
      "max": 0.1111111111111111
    },
    "sym_hyb_at_10": {
      "mean": 0.025211176088369067,
      "median": 0.0,
      "std": 0.038018283938607136,
      "min": 0.0,
      "max": 0.1111111111111111
    },
    "sem_hyb_at_5": {
      "mean": 0.0900352733686067,
      "median": 0.0,
      "std": 0.1168288370827573,
      "min": 0.0,
      "max": 0.42857142857142855
    },
    "sem_hyb_at_10": {
      "mean": 0.1602882478527473,
      "median": 0.1111111111111111,
      "std": 0.1067987348932762,
      "min": 0.0,
      "max": 0.42857142857142855
    }
  }
}