{
  "n_programmes": 46,
  "top_k": 10,
  "top1_agreements": 0,
  "top1_agreement_rate": 0.0,
  "spearman": {
    "sym_sem": {
      "mean": 0.3179424619166549,
      "median": 0.3332177663717696,
      "std": 0.0791088446329428,
      "min": 0.11814027144074686,
      "max": 0.4494550510424288
    },
    "sym_hyb": {
      "mean": 0.7654027434558001,
      "median": 0.7884726617902937,
      "std": 0.10116661836257365,
      "min": 0.5013325651520695,
      "max": 0.9239524619361257
    },
    "sem_hyb": {
      "mean": 0.7025084816535309,
      "median": 0.7121248499399759,
      "std": 0.08999988358526571,
      "min": 0.4463385354141656,
      "max": 0.9156782713085234
    }
  },
  "jaccard": {
    "sym_sem_at_5": {
      "mean": 0.05219116632160111,
      "median": 0.0,
      "std": 0.0920960510422729,
      "min": 0.0,
      "max": 0.42857142857142855
    },
    "sym_sem_at_10": {
      "mean": 0.096071380497279,
      "median": 0.05263157894736842,
      "std": 0.10262096925279224,
      "min": 0.0,
      "max": 0.42857142857142855
    },
    "sym_hyb_at_5": {
      "mean": 0.1525189786059351,
      "median": 0.1111111111111111,
      "std": 0.16151796175029312,
      "min": 0.0,
      "max": 0.6666666666666666
    },
    "sym_hyb_at_10": {
      "mean": 0.2217182037985645,
      "median": 0.17647058823529413,
      "std": 0.16608032483407006,
      "min": 0.0,
      "max": 0.6666666666666666
    },
    "sem_hyb_at_5": {
      "mean": 0.44030365769496194,
      "median": 0.42857142857142855,
      "std": 0.22775451171624958,
      "min": 0.0,
      "max": 1.0
    },
    "sem_hyb_at_10": {
      "mean": 0.5071731337715991,
      "median": 0.5384615384615384,
      "std": 0.14252465755812518,
      "min": 0.17647058823529413,
      "max": 0.8181818181818182
    }
  }
}