{
  "n_programmes": 47,
  "top_k": 10,
  "top1_agreements": 0,
  "top1_agreement_rate": 0.0,
  "spearman": {
    "sym_sem": {
      "mean": 0.24045002817295558,
      "median": 0.25125519000259017,
      "std": 0.0939195631847016,
      "min": 0.0077958466656614,
      "max": 0.46146300588073097
    },
    "sym_hyb": {
      "mean": -0.006081169228841051,
      "median": -0.005882823967578643,
      "std": 0.1552829588301388,
      "min": -0.2361754754368621,
      "max": 0.424433168033492
    },
    "sem_hyb": {
      "mean": 0.14146765089014326,
      "median": 0.1709003601440576,
      "std": 0.2526281151493694,
      "min": -0.34088835534213685,
      "max": 0.5996158463385355
    }
  },
  "jaccard": {
    "sym_sem_at_5": {
      "mean": 0.05048969942586964,
      "median": 0.0,
      "std": 0.08714735626547815,
      "min": 0.0,
      "max": 0.42857142857142855
    },
    "sym_sem_at_10": {
      "mean": 0.08034165513909933,
      "median": 0.05263157894736842,
      "std": 0.07490893787132566,
      "min": 0.0,
      "max": 0.25
    },
    "sym_hyb_at_5": {
      "mean": 0.0070921985815602835,
      "median": 0.0,
      "std": 0.027454694238351708,
      "min": 0.0,
      "max": 0.1111111111111111
    },
    "sym_hyb_at_10": {
      "mean": 0.027964414582555677,
      "median": 0.0,
      "std": 0.0453868131026209,
      "min": 0.0,
      "max": 0.25
    },
    "sem_hyb_at_5": {
      "mean": 0.07624113475177305,
      "median": 0.0,
      "std": 0.09751819770209239,
      "min": 0.0,
      "max": 0.25
    },
    "sem_hyb_at_10": {
      "mean": 0.1415993652177039,
      "median": 0.1111111111111111,
      "std": 0.1391874191160928,
      "min": 0.0,
      "max": 0.5384615384615384
    }
  }
}