{
  "n_programmes": 47,
  "top_k": 10,
  "top1_agreements": 0,
  "top1_agreement_rate": 0.0,
  "spearman": {
    "sym_sem": {
      "mean": 0.2404497647074528,
      "median": 0.25125519000259017,
      "std": 0.09391956090192805,
      "min": 0.0077958466656614,
      "max": 0.46146300588073097
    },
    "sym_hyb": {
      "mean": 0.059982485696749424,
      "median": 0.05527633949552521,
      "std": 0.16081500530180612,
      "min": -0.21105214598456584,
      "max": 0.4351941221522812
    },
    "sem_hyb": {
      "mean": 0.3010773671170595,
      "median": 0.29824729891956775,
      "std": 0.19715487642869814,
      "min": -0.07015606242496998,
      "max": 0.6704921968787515
    }
  },
  "jaccard": {
    "sym_sem_at_5": {
      "mean": 0.05048969942586964,
      "median": 0.0,
      "std": 0.08714735626547815,
      "min": 0.0,
      "max": 0.42857142857142855
    },
    "sym_sem_at_10": {
      "mean": 0.08034165513909933,
      "median": 0.05263157894736842,
      "std": 0.07490893787132566,
      "min": 0.0,
      "max": 0.25
    },
    "sym_hyb_at_5": {
      "mean": 0.009456264775413711,
      "median": 0.0,
      "std": 0.03133963031632993,
      "min": 0.0,
      "max": 0.1111111111111111
    },
    "sym_hyb_at_10": {
      "mean": 0.030732860520094562,
      "median": 0.0,
      "std": 0.053506695930161816,
      "min": 0.0,
      "max": 0.3333333333333333
    },
    "sem_hyb_at_5": {
      "mean": 0.07565011820330969,
      "median": 0.0,
      "std": 0.09369948588284402,
      "min": 0.0,
      "max": 0.25
    },
    "sem_hyb_at_10": {
      "mean": 0.14446881058105612,
      "median": 0.1111111111111111,
      "std": 0.125191488469179,
      "min": 0.0,
      "max": 0.5384615384615384
    }
  }
}