{
  "n_programmes": 46,
  "top_k": 10,
  "top1_agreements": 0,
  "top1_agreement_rate": 0.0,
  "spearman": {
    "sym_sem": {
      "mean": 0.17913741442819398,
      "median": 0.18459307530476265,
      "std": 0.07913957874366379,
      "min": 0.009316377513917938,
      "max": 0.33614099933887753
    },
    "sym_hyb": {
      "mean": 0.2049031593762661,
      "median": 0.23638379601638845,
      "std": 0.2237257647070588,
      "min": -0.3266100000657983,
      "max": 0.6100425127610609
    },
    "sem_hyb": {
      "mean": 0.45913461036588543,
      "median": 0.5011284513805522,
      "std": 0.15883124943645838,
      "min": 0.11510204081632652,
      "max": 0.704969987995198
    }
  },
  "jaccard": {
    "sym_sem_at_5": {
      "mean": 0.050724637681159424,
      "median": 0.0,
      "std": 0.07885157086090334,
      "min": 0.0,
      "max": 0.25
    },
    "sym_sem_at_10": {
      "mean": 0.07653938768489853,
      "median": 0.05263157894736842,
      "std": 0.08024978540660144,
      "min": 0.0,
      "max": 0.25
    },
    "sym_hyb_at_5": {
      "mean": 0.021739130434782608,
      "median": 0.0,
      "std": 0.0445650537420244,
      "min": 0.0,
      "max": 0.1111111111111111
    },
    "sym_hyb_at_10": {
      "mean": 0.04579837274345283,
      "median": 0.0,
      "std": 0.06797157636349417,
      "min": 0.0,
      "max": 0.25
    },
    "sem_hyb_at_5": {
      "mean": 0.1324189095928226,
      "median": 0.1111111111111111,
      "std": 0.13518326626489924,
      "min": 0.0,
      "max": 0.6666666666666666
    },
    "sem_hyb_at_10": {
      "mean": 0.23256260199321174,
      "median": 0.25,
      "std": 0.10979716321684635,
      "min": 0.05263157894736842,
      "max": 0.5384615384615384
    }
  }
}