{
  "n_programmes": 46,
  "top_k": 10,
  "top1_agreements": 0,
  "top1_agreement_rate": 0.0,
  "spearman": {
    "sym_sem": {
      "mean": 0.22770880317614753,
      "median": 0.22457498948117985,
      "std": 0.0765107783220784,
      "min": 0.04125662581666603,
      "max": 0.39794760432877363
    },
    "sym_hyb": {
      "mean": 0.2238749958867138,
      "median": 0.22289218982187675,
      "std": 0.2161758011967115,
      "min": -0.34194477791116445,
      "max": 0.6197656557280562
    },
    "sem_hyb": {
      "mean": 0.6164058666945038,
      "median": 0.630876350540216,
      "std": 0.12985789634043332,
      "min": 0.21277310924369747,
      "max": 0.8615126050420168
    }
  },
  "jaccard": {
    "sym_sem_at_5": {
      "mean": 0.03985507246376811,
      "median": 0.0,
      "std": 0.06668008453269096,
      "min": 0.0,
      "max": 0.25
    },
    "sym_sem_at_10": {
      "mean": 0.06137920461853697,
      "median": 0.05263157894736842,
      "std": 0.06687491086634853,
      "min": 0.0,
      "max": 0.25
    },
    "sym_hyb_at_5": {
      "mean": 0.03743961352657005,
      "median": 0.0,
      "std": 0.0660510130680037,
      "min": 0.0,
      "max": 0.25
    },
    "sym_hyb_at_10": {
      "mean": 0.05870574774532239,
      "median": 0.02631578947368421,
      "std": 0.07537529802024982,
      "min": 0.0,
      "max": 0.25
    },
    "sem_hyb_at_5": {
      "mean": 0.24482401656314698,
      "median": 0.25,
      "std": 0.17118440210761457,
      "min": 0.0,
      "max": 0.6666666666666666
    },
    "sem_hyb_at_10": {
      "mean": 0.34475139583498715,
      "median": 0.3333333333333333,
      "std": 0.136811852307907,
      "min": 0.05263157894736842,
      "max": 0.6666666666666666
    }
  }
}