{
  "n_programmes": 46,
  "top_k": 10,
  "top1_agreements": 2,
  "top1_agreement_rate": 0.043478260869565216,
  "spearman": {
    "sym_sem": {
      "mean": 0.2005167251855877,
      "median": 0.20258818895204528,
      "std": 0.07900231368245289,
      "min": 0.021545698858461998,
      "max": 0.36516652366751134
    },
    "sym_hyb": {
      "mean": 0.41961039898806407,
      "median": 0.43965801703773255,
      "std": 0.16998200435839433,
      "min": 0.10258134303734935,
      "max": 0.7129169468922364
    },
    "sem_hyb": {
      "mean": 0.7802098230596587,
      "median": 0.8145498199279712,
      "std": 0.09808840643061563,
      "min": 0.4593037214885954,
      "max": 0.929891956782713
    }
  },
  "jaccard": {
    "sym_sem_at_5": {
      "mean": 0.05314009661835748,
      "median": 0.0,
      "std": 0.07896494485311666,
      "min": 0.0,
      "max": 0.25
    },
    "sym_sem_at_10": {
      "mean": 0.0866330895439793,
      "median": 0.05263157894736842,
      "std": 0.089897269867923,
      "min": 0.0,
      "max": 0.3333333333333333
    },
    "sym_hyb_at_5": {
      "mean": 0.05495169082125604,
      "median": 0.0,
      "std": 0.0739557226826738,
      "min": 0.0,
      "max": 0.25
    },
    "sym_hyb_at_10": {
      "mean": 0.09140498304584989,
      "median": 0.05263157894736842,
      "std": 0.09831019688439312,
      "min": 0.0,
      "max": 0.42857142857142855
    },
    "sem_hyb_at_5": {
      "mean": 0.4941338854382331,
      "median": 0.42857142857142855,
      "std": 0.14864744643416528,
      "min": 0.1111111111111111,
      "max": 0.6666666666666666
    },
    "sem_hyb_at_10": {
      "mean": 0.6045403871490828,
      "median": 0.6666666666666666,
      "std": 0.1265483958205353,
      "min": 0.3333333333333333,
      "max": 0.8181818181818182
    }
  }
}