{
  "n_programmes": 46,
  "top_k": 10,
  "top1_agreements": 0,
  "top1_agreement_rate": 0.0,
  "spearman": {
    "sym_sem": {
      "mean": 0.19029271986543786,
      "median": 0.19283670096945704,
      "std": 0.08111558208339843,
      "min": 0.0008433891379673993,
      "max": 0.3545988199556168
    },
    "sym_hyb": {
      "mean": 0.024138286107478465,
      "median": 0.02379742397442746,
      "std": 0.1721492327451396,
      "min": -0.3883299343632991,
      "max": 0.29027688136733204
    },
    "sem_hyb": {
      "mean": 0.05239424970319472,
      "median": 0.059111644657863144,
      "std": 0.22835145598608667,
      "min": -0.36144057623049214,
      "max": 0.430876350540216
    }
  },
  "jaccard": {
    "sym_sem_at_5": {
      "mean": 0.05314009661835748,
      "median": 0.0,
      "std": 0.07896494485311666,
      "min": 0.0,
      "max": 0.25
    },
    "sym_sem_at_10": {
      "mean": 0.09454689579874662,
      "median": 0.05263157894736842,
      "std": 0.10051695579456418,
      "min": 0.0,
      "max": 0.3333333333333333
    },
    "sym_hyb_at_5": {
      "mean": 0.03260869565217391,
      "median": 0.0,
      "std": 0.06449772909574246,
      "min": 0.0,
      "max": 0.25
    },
    "sym_hyb_at_10": {
      "mean": 0.048916782578782854,
      "median": 0.0,
      "std": 0.07422757471887678,
      "min": 0.0,
      "max": 0.25
    },
    "sem_hyb_at_5": {
      "mean": 0.05434782608695652,
      "median": 0.0,
      "std": 0.0685326616382179,
      "min": 0.0,
      "max": 0.25
    },
    "sem_hyb_at_10": {
      "mean": 0.13397758035327018,
      "median": 0.1111111111111111,
      "std": 0.07877251609594607,
      "min": 0.0,
      "max": 0.3333333333333333
    }
  }
}