{
  "n_programmes": 45,
  "n_jobs": 520,
  "n_pairs": 23400,
  "top_n": 20,
  "weighted_jaccard_all": {
    "mean": 0.07619063052799632,
    "median": 0.07207207207207207,
    "max": 0.5
  },
  "weighted_jaccard_top_n": {
    "mean": 0.16413665227827065,
    "median": 0.15966386554621848
  },
  "overlap_coeff_all": {
    "mean": 0.28790995025976734,
    "median": 0.2692307692307692
  },
  "n_skill_gap_entries": 20376
}