{
  "n_programmes": 46,
  "n_jobs": 520,
  "n_pairs": 23920,
  "top_n": 20,
  "weighted_jaccard_all": {
    "mean": 0.06846613101762061,
    "median": 0.06481481481481481,
    "max": 0.2463768115942029
  },
  "weighted_jaccard_top_n": {
    "mean": 0.14798113377897196,
    "median": 0.14960629921259844
  },
  "overlap_coeff_all": {
    "mean": 0.28929844512934677,
    "median": 0.2727272727272727
  },
  "n_skill_gap_entries": 25846
}