{
  "n_programmes": 46,
  "n_jobs": 390,
  "n_pairs": 17940,
  "top_n": 20,
  "weighted_jaccard_all": {
    "mean": 0.06645046372974157,
    "median": 0.06299212598425197,
    "max": 0.25225225225225223
  },
  "weighted_jaccard_top_n": {
    "mean": 0.14233947344859468,
    "median": 0.1433463796477495
  },
  "overlap_coeff_all": {
    "mean": 0.2902025356305066,
    "median": 0.27586206896551724
  },
  "n_skill_gap_entries": 25646
}