{
  "n_programmes": 46,
  "n_jobs": 397,
  "n_pairs": 18262,
  "top_n": 20,
  "weighted_jaccard_all": {
    "mean": 0.06355080061214526,
    "median": 0.060240963855421686,
    "max": 0.24761904761904763
  },
  "weighted_jaccard_top_n": {
    "mean": 0.13733201495735514,
    "median": 0.13953488372093023
  },
  "overlap_coeff_all": {
    "mean": 0.2905707534333688,
    "median": 0.2777777777777778
  },
  "n_skill_gap_entries": 20871
}