{
  "n_programmes": 46,
  "n_jobs": 299,
  "n_pairs": 13754,
  "top_n": 20,
  "weighted_jaccard_all": {
    "mean": 0.06210579323811127,
    "median": 0.058823529411764705,
    "max": 0.2571428571428571
  },
  "weighted_jaccard_top_n": {
    "mean": 0.12972749250005397,
    "median": 0.13157894736842105
  },
  "overlap_coeff_all": {
    "mean": 0.3045369059776444,
    "median": 0.2916666666666667
  },
  "n_skill_gap_entries": 16359
}