{
  "n_programmes": 45,
  "n_jobs": 520,
  "n_pairs": 23400,
  "top_n": 20,
  "weighted_jaccard_all": {
    "mean": 0.07488893748553616,
    "median": 0.07058823529411765,
    "max": 0.5
  },
  "weighted_jaccard_top_n": {
    "mean": 0.16371488536017942,
    "median": 0.15969304388422034
  },
  "overlap_coeff_all": {
    "mean": 0.2885255102212754,
    "median": 0.2727272727272727
  },
  "n_skill_gap_entries": 19826
}