{
  "n_programmes": 46,
  "n_jobs": 390,
  "n_pairs": 17940,
  "top_n": 20,
  "weighted_jaccard_all": {
    "mean": 0.06362064717270273,
    "median": 0.060240963855421686,
    "max": 0.24761904761904763
  },
  "weighted_jaccard_top_n": {
    "mean": 0.13726846348387586,
    "median": 0.13943957300800608
  },
  "overlap_coeff_all": {
    "mean": 0.29130601410370094,
    "median": 0.28
  },
  "n_skill_gap_entries": 20957
}